// Generated from TitilliumWeb-Bold.ttf by tools/Embed.cpp -- don't edit.
#include <cstddef>

namespace ui {

extern const unsigned char FONT_BOLD_TTF[] = {
0x00,0x01,0x00,0x00,0x00,0x11,0x01,0x00,0x00,0x04,0x00,0x10,0x44,0x53,0x49,0x47,0x00,0x00,0x00,0x01,0x00,0x00,0xe9,0xfc,0x00,0x00,0x00,0x08,0x46,0x46,0x54,0x4d,
0x65,0x8c,0x52,0xe0,0x00,0x00,0xa2,0xb8,0x00,0x00,0x00,0x1c,0x47,0x44,0x45,0x46,0x01,0xf5,0x00,0x04,0x00,0x00,0xa2,0xd4,0x00,0x00,0x00,0x20,0x47,0x50,0x4f,0x53,
0xb2,0xcf,0x9a,0x74,0x00,0x00,0xa2,0xf4,0x00,0x00,0x45,0x04,0x47,0x53,0x55,0x42,0x3f,0x82,0x33,0x4e,0x00,0x00,0xe7,0xf8,0x00,0x00,0x02,0x02,0x4f,0x53,0x2f,0x32,
0x6b,0x10,0x80,0x3e,0x00,0x00,0x01,0x98,0x00,0x00,0x00,0x60,0x63,0x6d,0x61,0x70,0x68,0x84,0x75,0x9e,0x00,0x00,0x09,0x18,0x00,0x00,0x03,0xb6,0x67,0x61,0x73,0x70,
0x00,0x00,0x00,0x10,0x00,0x00,0xa2,0xb0,0x00,0x00,0x00,0x08,0x67,0x6c,0x79,0x66,0xf3,0xb7,0xb5,0x0e,0x00,0x00,0x10,0x6c,0x00,0x00,0x80,0xa4,0x68,0x65,0x61,0x64,
0xfb,0x82,0x2e,0x40,0x00,0x00,0x01,0x1c,0x00,0x00,0x00,0x36,0x68,0x68,0x65,0x61,0x07,0xb3,0x03,0xcf,0x00,0x00,0x01,0x54,0x00,0x00,0x00,0x24,0x68,0x6d,0x74,0x78,
0x5f,0x62,0x3c,0x39,0x00,0x00,0x01,0xf8,0x00,0x00,0x07,0x20,0x6c,0x6f,0x63,0x61,0xa3,0x78,0x83,0xec,0x00,0x00,0x0c,0xd8,0x00,0x00,0x03,0x92,0x6d,0x61,0x78,0x70,
0x02,0x11,0x00,0x42,0x00,0x00,0x01,0x78,0x00,0x00,0x00,0x20,0x6e,0x61,0x6d,0x65,0xfc,0x3e,0x38,0xed,0x00,0x00,0x91,0x10,0x00,0x00,0x06,0x0f,0x70,0x6f,0x73,0x74,
0xd2,0xe0,0x5b,0x93,0x00,0x00,0x97,0x20,0x00,0x00,0x0b,0x8e,0x70,0x72,0x65,0x70,0x68,0x06,0x8c,0x85,0x00,0x00,0x0c,0xd0,0x00,0x00,0x00,0x07,0x00,0x01,0x00,0x00,
0x00,0x01,0x00,0x00,0xac,0x68,0xe5,0x60,0x5f,0x0f,0x3c,0xf5,0x00,0x0b,0x03,0xe8,0x00,0x00,0x00,0x00,0xcc,0x8f,0x75,0x1c,0x00,0x00,0x00,0x00,0xcc,0x8f,0x75,0x1c,
0xff,0x20,0xfe,0xc9,0x04,0x23,0x04,0x5a,0x00,0x01,0x00,0x08,0x00,0x02,0x00,0x00,0x00,0x00,0x00,0x00,0x00,0x01,0x00,0x00,0x04,0x6d,0xfe,0x7c,0x00,0x00,0x04,0x5e,
0xff,0x20,0xff,0x2c,0x04,0x23,0x00,0x01,0x00,0x00,0x00,0x00,0x00,0x00,0x00,0x00,0x00,0x00,0x00,0x00,0x00,0x00,0x01,0xc8,0x00,0x01,0x00,0x00,0x01,0xc8,0x00,0x3f,
0x00,0x07,0x00,0x00,0x00,0x00,0x00,0x02,0x00,0x00,0x00,0x01,0x00,0x01,0x00,0x00,0x00,0x40,0x00,0x00,0x00,0x00,0x00,0x00,0x00,0x03,0x01,0xfa,0x02,0xbc,0x00,0x05,
0x00,0x08,0x02,0x8a,0x02,0x58,0x00,0x00,0x00,0x4b,0x02,0x8a,0x02,0x58,0x00,0x00,0x01,0x5e,0x00,0x1e,0x01,0x2c,0x00,0x00,0x00,0x00,0x08,0x00,0x00,0x00,0x00,0x00,
0x00,0x00,0x00,0x00,0x00,0x07,0x00,0x00,0x00,0x01,0x00,0x00,0x00,0x00,0x00,0x00,0x00,0x00,0x55,0x4b,0x57,0x4e,0x00,0x20,0x00,0x20,0xf6,0xc3,0x04,0x6d,0xfe,0x7c,
0x00,0x00,0x04,0x6d,0x01,0x84,0x20,0x00,0x00,0x93,0x00,0x00,0x00,0x00,0x01,0xf4,0x02,0xa8,0x00,0x00,0x00,0x20,0x00,0x02,0x00,0xeb,0x00,0x00,0x00,0x00,0x00,0x00,
0x01,0x4d,0x00,0x00,0x00,0xdc,0x00,0x00,0x01,0x18,0x00,0x44,0x01,0x9b,0x00,0x37,0x02,0x30,0x00,0x10,0x02,0x30,0x00,0x34,0x02,0x30,0x00,0x0e,0x02,0xbd,0x00,0x23,
0x00,0xef,0x00,0x38,0x01,0x34,0x00,0x26,0x01,0x34,0x00,0x1b,0x01,0xa9,0x00,0x28,0x02,0x30,0x00,0x32,0x01,0x07,0x00,0x14,0x01,0x98,0x00,0x38,0x01,0x00,0x00,0x38,
0x01,0xd2,0x00,0x1f,0x02,0x30,0x00,0x18,0x02,0x30,0x00,0x4a,0x02,0x30,0x00,0x41,0x02,0x30,0x00,0x39,0x02,0x30,0x00,0x28,0x02,0x30,0x00,0x32,0x02,0x30,0x00,0x23,
0x02,0x30,0x00,0x45,0x02,0x30,0x00,0x1c,0x02,0x30,0x00,0x1c,0x01,0x00,0x00,0x38,0x01,0x17,0x00,0x1b,0x02,0x30,0x00,0x42,0x02,0x30,0x00,0x3a,0x02,0x30,0x00,0x58,
0x01,0xb5,0x00,0x1e,0x03,0xcd,0x00,0x26,0x02,0x5a,0x00,0x11,0x02,0x61,0x00,0x4a,0x02,0x1f,0x00,0x2f,0x02,0x7e,0x00,0x4a,0x02,0x2a,0x00,0x4a,0x02,0x13,0x00,0x4a,
0x02,0x63,0x00,0x2d,0x02,0xa5,0x00,0x4a,0x01,0x1e,0x00,0x4a,0x01,0x2e,0x00,0x13,0x02,0x51,0x00,0x4a,0x01,0xd8,0x00,0x4a,0x03,0x5a,0x00,0x4a,0x02,0xb5,0x00,0x4a,
0x02,0x8c,0x00,0x2c,0x02,0x4d,0x00,0x4a,0x02,0x8c,0x00,0x2c,0x02,0x6c,0x00,0x4a,0x02,0x20,0x00,0x25,0x02,0x0e,0x00,0x0d,0x02,0x8e,0x00,0x44,0x02,0x5b,0x00,0x10,
0x03,0xa2,0x00,0x13,0x02,0x39,0x00,0x09,0x02,0x2d,0x00,0x00,0x02,0x14,0x00,0x29,0x01,0x63,0x00,0x44,0x01,0xf2,0x00,0x20,0x01,0x63,0x00,0x23,0x02,0x30,0x00,0x15,
0x02,0x6c,0x00,0x60,0x01,0x0c,0xff,0xef,0x01,0xff,0x00,0x1d,0x02,0x20,0x00,0x3e,0x01,0xbe,0x00,0x26,0x02,0x25,0x00,0x26,0x01,0xfe,0x00,0x25,0x01,0x65,0x00,0x20,
0x02,0x16,0x00,0x25,0x02,0x29,0x00,0x3e,0x01,0x02,0x00,0x3e,0x01,0x03,0xff,0xde,0x02,0x03,0x00,0x3e,0x01,0x0e,0x00,0x44,0x03,0x47,0x00,0x3e,0x02,0x29,0x00,0x3e,
0x02,0x14,0x00,0x24,0x02,0x20,0x00,0x3e,0x02,0x1f,0x00,0x26,0x01,0x74,0x00,0x3e,0x01,0xd8,0x00,0x24,0x01,0x6c,0x00,0x17,0x02,0x29,0x00,0x39,0x01,0xf2,0x00,0x0f,
0x03,0x04,0x00,0x18,0x01,0xda,0x00,0x0e,0x01,0xf4,0x00,0x10,0x01,0xc6,0x00,0x29,0x01,0x69,0x00,0x10,0x01,0x0c,0x00,0x43,0x01,0x69,0x00,0x24,0x02,0x30,0x00,0x3d,
0x00,0xdc,0x00,0x00,0x01,0x08,0x00,0x3b,0x02,0x30,0x00,0x58,0x02,0x30,0x00,0x4b,0x02,0x30,0x00,0x1e,0x02,0x30,0x00,0x05,0x01,0x10,0x00,0x45,0x02,0x05,0x00,0x25,
0x01,0x0c,0xff,0xe2,0x02,0x83,0x00,0x2e,0x01,0xa0,0x00,0x2a,0x02,0x59,0x00,0x28,0x02,0x30,0x00,0x39,0x02,0x83,0x00,0x2e,0x01,0x0c,0xff,0xfb,0x02,0x30,0x00,0x82,
0x02,0x30,0x00,0x32,0x01,0x18,0x00,0x15,0x01,0x18,0x00,0x14,0x01,0x0c,0x00,0x05,0x02,0x30,0x00,0x3f,0x02,0x57,0x00,0x1c,0x01,0x00,0x00,0x38,0x01,0x08,0x00,0x1e,
0x01,0x18,0x00,0x0a,0x01,0xa4,0x00,0x28,0x02,0x5b,0x00,0x37,0x02,0x24,0x00,0x12,0x02,0x1e,0x00,0x12,0x02,0x31,0x00,0x24,0x01,0xb1,0x00,0x1d,0x02,0x5a,0x00,0x11,
0x02,0x5a,0x00,0x11,0x02,0x5a,0x00,0x11,0x02,0x5a,0x00,0x11,0x02,0x5a,0x00,0x11,0x02,0x5a,0x00,0x11,0x03,0x67,0x00,0x0c,0x02,0x1f,0x00,0x2f,0x02,0x2a,0x00,0x4a,
0x02,0x2a,0x00,0x4a,0x02,0x2a,0x00,0x4a,0x02,0x2a,0x00,0x4a,0x01,0x1e,0xff,0xe8,0x01,0x1e,0x00,0x07,0x01,0x1e,0xff,0xce,0x01,0x1e,0xff,0xe4,0x02,0x82,0x00,0x19,
0x02,0xb5,0x00,0x4a,0x02,0x8c,0x00,0x2c,0x02,0x8c,0x00,0x2c,0x02,0x8c,0x00,0x2c,0x02,0x8c,0x00,0x2c,0x02,0x8c,0x00,0x2c,0x02,0x30,0x00,0x38,0x02,0x8c,0x00,0x2c,
0x02,0x8e,0x00,0x44,0x02,0x8e,0x00,0x44,0x02,0x8e,0x00,0x44,0x02,0x8e,0x00,0x44,0x02,0x2d,0x00,0x00,0x02,0x54,0x00,0x4a,0x02,0x63,0x00,0x3e,0x01,0xff,0x00,0x1d,
0x01,0xff,0x00,0x1d,0x01,0xff,0x00,0x1d,0x01,0xff,0x00,0x1d,0x01,0xff,0x00,0x1d,0x01,0xff,0x00,0x1d,0x03,0x10,0x00,0x1d,0x01,0xbe,0x00,0x26,0x01,0xfe,0x00,0x25,
0x01,0xfe,0x00,0x25,0x01,0xfe,0x00,0x25,0x01,0xfe,0x00,0x25,0x01,0x02,0xff,0xc5,0x01,0x02,0x00,0x1f,0x01,0x02,0xff,0xd3,0x01,0x02,0xff,0xd0,0x02,0x37,0x00,0x26,
0x02,0x29,0x00,0x3e,0x02,0x14,0x00,0x24,0x02,0x14,0x00,0x24,0x02,0x14,0x00,0x24,0x02,0x14,0x00,0x24,0x02,0x14,0x00,0x24,0x02,0x30,0x00,0x32,0x02,0x14,0x00,0x24,
0x02,0x29,0x00,0x39,0x02,0x29,0x00,0x39,0x02,0x29,0x00,0x39,0x02,0x29,0x00,0x39,0x01,0xf4,0x00,0x10,0x02,0x20,0x00,0x3e,0x01,0xf4,0x00,0x10,0x02,0x5a,0x00,0x11,
0x01,0xff,0x00,0x1d,0x02,0x5a,0x00,0x11,0x02,0x00,0x00,0x1d,0x02,0x5a,0x00,0x11,0x01,0xfe,0x00,0x1d,0x02,0x1f,0x00,0x2f,0x01,0xbe,0x00,0x26,0x02,0x1f,0x00,0x2f,
0x01,0xbe,0x00,0x26,0x02,0x1f,0x00,0x2f,0x01,0xbe,0x00,0x26,0x02,0x1f,0x00,0x2f,0x01,0xbe,0x00,0x26,0x02,0x7e,0x00,0x4a,0x02,0x98,0x00,0x26,0x02,0x82,0x00,0x19,
0x02,0x25,0x00,0x26,0x02,0x2a,0x00,0x4a,0x01,0xfe,0x00,0x25,0x02,0x2a,0x00,0x4a,0x01,0xfe,0x00,0x25,0x02,0x2a,0x00,0x4a,0x01,0xfe,0x00,0x25,0x02,0x2a,0x00,0x4a,
0x01,0xff,0x00,0x25,0x02,0x2a,0x00,0x4a,0x01,0xfe,0x00,0x25,0x02,0x63,0x00,0x2d,0x02,0x16,0x00,0x25,0x02,0x63,0x00,0x2d,0x02,0x16,0x00,0x25,0x02,0x63,0x00,0x2d,
0x02,0x16,0x00,0x25,0x02,0x63,0x00,0x2d,0x02,0x16,0x00,0x25,0x02,0xa5,0x00,0x4a,0x02,0x29,0x00,0x3e,0x02,0xad,0x00,0x13,0x02,0x29,0x00,0x0c,0x01,0x1e,0xff,0xcd,
0x01,0x02,0xff,0xda,0x01,0x1e,0xff,0xe5,0x01,0x02,0xff,0xf2,0x01,0x1e,0xff,0xe6,0x01,0x02,0xff,0xdd,0x01,0x1e,0x00,0x14,0x01,0x02,0x00,0x04,0x01,0x1e,0x00,0x4a,
0x01,0x02,0x00,0x3e,0x01,0x2e,0xff,0xe3,0x01,0x03,0xff,0xdb,0x02,0x4f,0x00,0x4a,0x02,0x03,0xff,0xf6,0x01,0xd9,0x00,0x4a,0x01,0x0e,0x00,0x29,0x01,0xd8,0x00,0x4a,
0x01,0x0e,0x00,0x14,0x01,0xf2,0x00,0x4a,0x01,0x79,0x00,0x44,0x01,0xe1,0xff,0xe8,0x01,0x7d,0x00,0x03,0x02,0xb5,0x00,0x4a,0x02,0x29,0x00,0x3e,0x02,0xb5,0x00,0x4a,
0x02,0x29,0xff,0xf6,0x02,0xb5,0x00,0x4a,0x02,0x29,0x00,0x3e,0x02,0xb5,0x00,0x4a,0x02,0x28,0x00,0x3d,0x02,0x8c,0x00,0x2c,0x02,0x14,0x00,0x24,0x02,0x8c,0x00,0x2c,
0x02,0x14,0x00,0x24,0x02,0x8c,0x00,0x2c,0x02,0x14,0x00,0x24,0x03,0x86,0x00,0x2e,0x03,0x42,0x00,0x24,0x02,0x6c,0x00,0x4a,0x01,0x74,0x00,0x30,0x02,0x6c,0x00,0x4a,
0x01,0x74,0x00,0x10,0x02,0x6c,0x00,0x4a,0x01,0x74,0x00,0x05,0x02,0x20,0x00,0x25,0x01,0xd8,0x00,0x24,0x02,0x20,0x00,0x25,0x01,0xd8,0x00,0x24,0x02,0x20,0x00,0x25,
0x01,0xd8,0x00,0x24,0x02,0x20,0x00,0x25,0x01,0xd8,0x00,0x24,0x00,0x00,0x00,0x00,0x01,0x6c,0x00,0x17,0x02,0x0e,0x00,0x0d,0x01,0xe7,0x00,0x18,0x02,0x10,0x00,0x0e,
0x01,0x6d,0x00,0x17,0x02,0x8e,0x00,0x44,0x02,0x29,0x00,0x39,0x02,0x8e,0x00,0x44,0x02,0x29,0x00,0x39,0x02,0x8e,0x00,0x44,0x02,0x29,0x00,0x39,0x02,0x8e,0x00,0x44,
0x02,0x29,0x00,0x39,0x02,0x8e,0x00,0x44,0x02,0x29,0x00,0x39,0x02,0x90,0x00,0x45,0x02,0x29,0x00,0x39,0x03,0xa2,0x00,0x13,0x03,0x04,0x00,0x18,0x02,0x2d,0x00,0x00,
0x01,0xf4,0x00,0x10,0x02,0x2d,0x00,0x00,0x02,0x14,0x00,0x29,0x01,0xc6,0x00,0x29,0x02,0x14,0x00,0x29,0x01,0xc6,0x00,0x29,0x02,0x14,0x00,0x29,0x01,0xc6,0x00,0x29,
0x02,0x30,0x00,0x2c,0x02,0x5a,0x00,0x11,0x01,0xff,0x00,0x1d,0x03,0x68,0x00,0x0d,0x03,0x10,0x00,0x1d,0x02,0x8e,0x00,0x2d,0x02,0x14,0x00,0x24,0x02,0x20,0x00,0x25,
0x01,0xd8,0xff,0xef,0x02,0x0e,0x00,0x0d,0x01,0x6c,0x00,0x03,0x01,0x0c,0xff,0xe8,0x01,0x0c,0xff,0xec,0x01,0x0c,0xff,0xec,0x01,0x0c,0x00,0x43,0x01,0x0c,0x00,0x14,
0x01,0xda,0x00,0xdb,0x01,0x0c,0xff,0xea,0x01,0x0c,0xff,0xce,0x02,0x30,0x00,0x12,0x03,0xa2,0x00,0x13,0x03,0x04,0x00,0x18,0x03,0xa2,0x00,0x13,0x03,0x04,0x00,0x18,
0x03,0xa2,0x00,0x13,0x03,0x04,0x00,0x18,0x01,0xff,0x00,0x1d,0x02,0x58,0x00,0x11,0x01,0xff,0x00,0x25,0x02,0x14,0x00,0x24,0x02,0x2d,0x00,0x00,0x01,0xf4,0x00,0x10,
0x02,0x1d,0xff,0xfb,0x01,0xf4,0x00,0x10,0x02,0x66,0x00,0x39,0x04,0x5a,0x00,0x39,0x01,0x03,0x00,0x23,0x00,0xfe,0x00,0x29,0x01,0x00,0x00,0x17,0x01,0xbb,0x00,0x23,
0x01,0xb7,0x00,0x29,0x01,0xa5,0xff,0xf9,0x01,0xe0,0x00,0x1c,0x02,0x00,0x00,0x2c,0x01,0xc2,0x00,0x64,0x02,0xfe,0x00,0x38,0x03,0x4d,0x00,0x1d,0x01,0x3e,0x00,0x28,
0x01,0x3e,0x00,0x36,0x00,0x0a,0xff,0x20,0x01,0x18,0x00,0x0b,0x01,0x18,0x00,0x0e,0x01,0x18,0x00,0x19,0x01,0x18,0x00,0x10,0x01,0x18,0x00,0x1a,0x01,0x18,0x00,0x0c,
0x01,0x18,0x00,0x0f,0x01,0x18,0x00,0x0b,0x01,0x18,0x00,0x19,0x01,0x18,0x00,0x1a,0x01,0x18,0x00,0x13,0x01,0x18,0x00,0x12,0x01,0x18,0x00,0x12,0x01,0x18,0x00,0x0c,
0x01,0x18,0x00,0x1a,0x01,0x18,0x00,0x0b,0x01,0x18,0x00,0x0e,0x02,0x30,0x00,0x1a,0x02,0x94,0x00,0x50,0x02,0x30,0x00,0x28,0x02,0x30,0x00,0x1c,0x02,0x30,0x00,0x2c,
0x02,0x30,0x00,0x1f,0x02,0x30,0x00,0x1e,0x02,0x30,0x00,0x3e,0x02,0x30,0x00,0x01,0x02,0x30,0x00,0x1b,0x02,0x30,0x00,0x63,0x02,0x30,0x00,0x3b,0x02,0x30,0x00,0x39,
0x02,0x30,0x00,0x42,0x02,0x30,0x00,0x49,0x02,0x30,0x00,0x2c,0x01,0x03,0xff,0xde,0x00,0xaa,0xff,0xfb,0x00,0xeb,0x00,0x00,0x00,0x00,0x00,0x00,0x02,0x18,0x00,0x29,
0x01,0x8c,0x00,0x0d,0x01,0xe7,0x00,0x2c,0x01,0xe1,0x00,0x24,0x01,0xe4,0x00,0x1d,0x01,0xfa,0x00,0x25,0x01,0xff,0x00,0x29,0x01,0xa5,0x00,0x1b,0x01,0xf6,0x00,0x28,
0x01,0xe6,0x00,0x23,0x01,0xa9,0x00,0x1a,0x02,0x6a,0x00,0x3b,0x04,0x5e,0x00,0x3b,0x01,0x00,0x00,0x38,0x01,0x18,0x00,0x43,0x01,0x34,0x00,0x26,0x01,0x34,0x00,0x1b,
0x01,0x63,0x00,0x44,0x01,0x63,0x00,0x23,0x01,0x69,0x00,0x10,0x01,0x6a,0x00,0x24,0x01,0x0c,0x00,0x09,0x01,0x0c,0x00,0x01,0x01,0xe6,0x00,0x18,0x01,0x0c,0xff,0xd2,
0x01,0x0c,0xff,0xd8,0x01,0x0c,0xff,0xd6,0x01,0x0c,0xff,0xe7,0x01,0x0c,0xff,0xe2,0x01,0x0c,0xff,0xff,0x01,0x0c,0xff,0xe9,0x01,0x0c,0x00,0x43,0x01,0x18,0x00,0x0b,
0x01,0x18,0x00,0x14,0x01,0x18,0x00,0x18,0x01,0x18,0x00,0x17,0x01,0x18,0x00,0x0f,0x01,0x18,0x00,0x18,0x01,0x18,0x00,0x0e,0x01,0x18,0x00,0x1f,0x01,0x18,0x00,0x0b,
0x01,0x18,0x00,0x11,0x02,0x30,0x00,0x18,0x03,0xc8,0x00,0x24,0x01,0x18,0x00,0x0b,0x01,0x18,0x00,0x15,0x01,0x18,0x00,0x1a,0x01,0x18,0x00,0x17,0x01,0x18,0x00,0x11,
0x01,0x18,0x00,0x15,0x01,0x18,0x00,0x0c,0x01,0x18,0x00,0x1d,0x01,0x18,0x00,0x0c,0x01,0x18,0x00,0x0f,0x01,0x98,0x00,0x38,0x00,0x00,0x00,0x03,0x00,0x00,0x00,0x03,
0x00,0x00,0x00,0x1c,0x00,0x01,0x00,0x00,0x00,0x00,0x01,0xac,0x00,0x03,0x00,0x01,0x00,0x00,0x00,0x1c,0x00,0x04,0x01,0x90,0x00,0x00,0x00,0x60,0x00,0x40,0x00,0x05,
0x00,0x20,0x00,0x7e,0x00,0xac,0x01,0x31,0x01,0x37,0x01,0x3e,0x01,0x48,0x01,0x7e,0x01,0x92,0x01,0xff,0x02,0x1b,0x02,0xc7,0x02,0xdd,0x03,0xc0,0x1e,0x85,0x1e,0xab,
0x1e,0xb0,0x1e,0xc5,0x1e,0xd7,0x1e,0xf3,0x1e,0xf9,0x20,0x14,0x20,0x1a,0x20,0x1e,0x20,0x22,0x20,0x26,0x20,0x30,0x20,0x3a,0x20,0x44,0x20,0x70,0x20,0x79,0x20,0x89,
0x20,0xac,0x21,0x22,0x21,0x26,0x22,0x02,0x22,0x06,0x22,0x0f,0x22,0x12,0x22,0x1a,0x22,0x1e,0x22,0x2b,0x22,0x48,0x22,0x60,0x22,0x65,0x25,0xca,0xf6,0xbe,0xf6,0xc3,
0xff,0xff,0x00,0x00,0x00,0x20,0x00,0xa0,0x00,0xae,0x01,0x34,0x01,0x39,0x01,0x41,0x01,0x4a,0x01,0x92,0x01,0xfa,0x02,0x18,0x02,0xc6,0x02,0xd8,0x03,0xc0,0x1e,0x80,
0x1e,0xab,0x1e,0xb0,0x1e,0xc5,0x1e,0xd7,0x1e,0xf2,0x1e,0xf8,0x20,0x13,0x20,0x18,0x20,0x1c,0x20,0x20,0x20,0x26,0x20,0x30,0x20,0x39,0x20,0x44,0x20,0x70,0x20,0x74,
0x20,0x80,0x20,0xac,0x21,0x22,0x21,0x26,0x22,0x02,0x22,0x06,0x22,0x0f,0x22,0x11,0x22,0x1a,0x22,0x1e,0x22,0x2b,0x22,0x48,0x22,0x60,0x22,0x64,0x25,0xca,0xf6,0xbe,
0xf6,0xc3,0xff,0xff,0xff,0xe3,0xff,0xc2,0xff,0xc1,0xff,0xbf,0xff,0xbe,0xff,0xbc,0xff,0xbb,0xff,0xa8,0xff,0x41,0xff,0x29,0xfe,0x7f,0xfe,0x6f,0xfd,0x8d,0xe2,0xce,
0xe2,0xa9,0xe2,0xa5,0xe2,0x91,0xe2,0x80,0xe2,0x66,0xe2,0x62,0xe1,0x49,0xe1,0x46,0xe1,0x45,0xe1,0x44,0xe1,0x41,0xe1,0x38,0xe1,0x30,0xe1,0x27,0xe0,0xfc,0xe0,0xf9,
0xe0,0xf3,0xe0,0xd1,0xe0,0x5c,0xe0,0x59,0xdf,0x7e,0xdf,0x7b,0xdf,0x73,0xdf,0x72,0xdf,0x6b,0xdf,0x68,0xdf,0x5c,0xdf,0x40,0xdf,0x29,0xdf,0x26,0xdb,0xc2,0x0a,0xcf,
0x0a,0xcb,0x00,0x01,0x00,0x00,0x00,0x00,0x00,0x00,0x00,0x00,0x00,0x00,0x00,0x00,0x00,0x00,0x00,0x00,0x00,0x00,0x00,0x00,0x00,0x00,0x00,0x00,0x00,0x00,0x00,0x00,
0x00,0x00,0x00,0x00,0x00,0x00,0x00,0x00,0x00,0x00,0x00,0x00,0x00,0x00,0x00,0x00,0x00,0x00,0x00,0x00,0x00,0x00,0x00,0x00,0x00,0x00,0x00,0x00,0x00,0x00,0x00,0x00,
0x00,0x00,0x00,0x00,0x00,0x00,0x00,0x00,0x00,0x00,0x00,0x00,0x00,0x00,0x00,0x00,0x00,0x00,0x00,0x00,0x00,0x00,0x00,0x00,0x00,0x00,0x00,0x00,0x00,0x00,0x00,0x00,
0x00,0x00,0x00,0x00,0x00,0x06,0x02,0x0a,0x00,0x00,0x00,0x00,0x01,0x00,0x00,0x01,0x00,0x00,0x00,0x00,0x00,0x00,0x00,0x00,0x00,0x00,0x00,0x00,0x00,0x00,0x00,0x01,
0x00,0x02,0x00,0x00,0x00,0x00,0x00,0x00,0x00,0x02,0x00,0x00,0x00,0x00,0x00,0x00,0x00,0x00,0x00,0x00,0x00,0x00,0x00,0x00,0x00,0x00,0x00,0x00,0x00,0x00,0x00,0x00,
0x00,0x00,0x00,0x00,0x00,0x00,0x00,0x00,0x00,0x01,0x00,0x00,0x00,0x00,0x00,0x03,0x00,0x04,0x00,0x05,0x00,0x06,0x00,0x07,0x00,0x08,0x00,0x09,0x00,0x0a,0x00,0x0b,
0x00,0x0c,0x00,0x0d,0x00,0x0e,0x00,0x0f,0x00,0x10,0x00,0x11,0x00,0x12,0x00,0x13,0x00,0x14,0x00,0x15,0x00,0x16,0x00,0x17,0x00,0x18,0x00,0x19,0x00,0x1a,0x00,0x1b,
0x00,0x1c,0x00,0x1d,0x00,0x1e,0x00,0x1f,0x00,0x20,0x00,0x21,0x00,0x22,0x00,0x23,0x00,0x24,0x00,0x25,0x00,0x26,0x00,0x27,0x00,0x28,0x00,0x29,0x00,0x2a,0x00,0x2b,
0x00,0x2c,0x00,0x2d,0x00,0x2e,0x00,0x2f,0x00,0x30,0x00,0x31,0x00,0x32,0x00,0x33,0x00,0x34,0x00,0x35,0x00,0x36,0x00,0x37,0x00,0x38,0x00,0x39,0x00,0x3a,0x00,0x3b,
0x00,0x3c,0x00,0x3d,0x00,0x3e,0x00,0x3f,0x00,0x40,0x00,0x41,0x00,0x42,0x00,0x43,0x00,0x44,0x00,0x45,0x00,0x46,0x00,0x47,0x00,0x48,0x00,0x49,0x00,0x4a,0x00,0x4b,
0x00,0x4c,0x00,0x4d,0x00,0x4e,0x00,0x4f,0x00,0x50,0x00,0x51,0x00,0x52,0x00,0x53,0x00,0x54,0x00,0x55,0x00,0x56,0x00,0x57,0x00,0x58,0x00,0x59,0x00,0x5a,0x00,0x5b,
0x00,0x5c,0x00,0x5d,0x00,0x5e,0x00,0x5f,0x00,0x60,0x00,0x61,0x00,0x00,0x00,0x85,0x00,0x86,0x00,0x88,0x00,0x8a,0x00,0x92,0x00,0x97,0x00,0x9d,0x00,0xa2,0x00,0xa1,
0x00,0xa3,0x00,0xa5,0x00,0xa4,0x00,0xa6,0x00,0xa8,0x00,0xaa,0x00,0xa9,0x00,0xab,0x00,0xac,0x00,0xae,0x00,0xad,0x00,0xaf,0x00,0xb0,0x00,0xb2,0x00,0xb4,0x00,0xb3,
0x00,0xb5,0x00,0xb7,0x00,0xb6,0x00,0xbb,0x00,0xba,0x00,0xbc,0x00,0xbd,0x01,0x64,0x00,0x71,0x00,0x64,0x00,0x65,0x00,0x69,0x01,0x66,0x00,0x77,0x00,0xa0,0x00,0x6f,
0x00,0x6b,0x01,0x7e,0x00,0x75,0x00,0x6a,0x01,0x89,0x00,0x87,0x00,0x99,0x01,0x86,0x00,0x72,0x01,0x8a,0x01,0x8b,0x00,0x67,0x00,0x76,0x01,0x80,0x01,0x83,0x01,0x82,
0x01,0x4d,0x01,0x87,0x00,0x6c,0x00,0x7b,0x00,0x00,0x00,0xa7,0x00,0xb9,0x00,0x80,0x00,0x63,0x00,0x6e,0x01,0x85,0x01,0x3a,0x01,0x88,0x01,0x81,0x00,0x6d,0x00,0x7c,
0x01,0x67,0x00,0x62,0x00,0x81,0x00,0x84,0x00,0x96,0x01,0x0d,0x01,0x0e,0x01,0x5c,0x01,0x5d,0x01,0x61,0x01,0x62,0x01,0x5e,0x01,0x5f,0x00,0xb8,0x01,0x8c,0x00,0xc0,
0x01,0x33,0x01,0x6b,0x01,0x7d,0x01,0x69,0x01,0x6a,0x00,0x00,0x00,0x00,0x01,0x65,0x00,0x78,0x01,0x60,0x01,0x63,0x01,0x68,0x00,0x83,0x00,0x8b,0x00,0x82,0x00,0x8c,
0x00,0x89,0x00,0x8e,0x00,0x8f,0x00,0x90,0x00,0x8d,0x00,0x94,0x00,0x95,0x00,0x00,0x00,0x93,0x00,0x9b,0x00,0x9c,0x00,0x9a,0x00,0xf2,0x01,0x45,0x01,0x4b,0x00,0x70,
0x01,0x47,0x01,0x48,0x01,0x49,0x00,0x79,0x01,0x4c,0x01,0x4a,0x01,0x46,0x00,0x00,0xb8,0x01,0xff,0x85,0xb0,0x04,0x8d,0x00,0x00,0x00,0x00,0x00,0x00,0x00,0x00,0x00,
0x00,0x00,0x00,0x14,0x00,0x28,0x00,0x52,0x00,0x9e,0x00,0xd0,0x01,0x1a,0x01,0x28,0x01,0x48,0x01,0x6a,0x01,0x88,0x01,0x9c,0x01,0xaa,0x01,0xb6,0x01,0xc2,0x01,0xd2,
0x01,0xf2,0x02,0x04,0x02,0x28,0x02,0x5a,0x02,0x74,0x02,0xa2,0x02,0xd2,0x02,0xe6,0x03,0x22,0x03,0x50,0x03,0x62,0x03,0x76,0x03,0x8a,0x03,0x9e,0x03,0xb0,0x03,0xda,
0x04,0x34,0x04,0x50,0x04,0x7e,0x04,0xa2,0x04,0xca,0x04,0xe0,0x04,0xf4,0x05,0x1c,0x05,0x34,0x05,0x40,0x05,0x54,0x05,0x6e,0x05,0x7e,0x05,0x9a,0x05,0xb2,0x05,0xd2,
0x05,0xf0,0x06,0x16,0x06,0x38,0x06,0x6a,0x06,0x7c,0x06,0x96,0x06,0xaa,0x06,0xc8,0x06,0xe2,0x06,0xf8,0x07,0x12,0x07,0x24,0x07,0x34,0x07,0x46,0x07,0x5a,0x07,0x68,
0x07,0x76,0x07,0xac,0x07,0xd6,0x07,0xf8,0x08,0x22,0x08,0x4a,0x08,0x6c,0x08,0xb4,0x08,0xd2,0x08,0xe4,0x09,0x00,0x09,0x1a,0x09,0x26,0x09,0x58,0x09,0x76,0x09,0x94,
0x09,0xbe,0x09,0xe6,0x09,0xfc,0x0a,0x28,0x0a,0x4a,0x0a,0x6a,0x0a,0x7e,0x0a,0x9c,0x0a,0xb4,0x0a,0xca,0x0a,0xe0,0x0b,0x0e,0x0b,0x1c,0x0b,0x4a,0x0b,0x6a,0x0b,0x6a,
0x0b,0x7e,0x0b,0xa2,0x0b,0xcc,0x0c,0x02,0x0c,0x24,0x0c,0x36,0x0c,0x82,0x0c,0x94,0x0c,0xca,0x0c,0xfc,0x0d,0x1a,0x0d,0x2a,0x0d,0x62,0x0d,0x70,0x0d,0x8e,0x0d,0xaa,
0x0d,0xca,0x0d,0xf0,0x0d,0xfe,0x0e,0x20,0x0e,0x3c,0x0e,0x48,0x0e,0x66,0x0e,0x78,0x0e,0x92,0x0e,0xae,0x0e,0xdc,0x0f,0x10,0x0f,0x52,0x0f,0x7c,0x0f,0xa0,0x0f,0xc4,
0x0f,0xea,0x10,0x1e,0x10,0x44,0x10,0x78,0x10,0x9c,0x10,0xd4,0x10,0xf2,0x11,0x10,0x11,0x32,0x11,0x54,0x11,0x68,0x11,0x7c,0x11,0x94,0x11,0xac,0x11,0xde,0x12,0x10,
0x12,0x38,0x12,0x60,0x12,0x8a,0x12,0xc2,0x12,0xec,0x13,0x06,0x13,0x40,0x13,0x62,0x13,0x82,0x13,0xa6,0x13,0xca,0x13,0xe8,0x14,0x08,0x14,0x42,0x14,0x80,0x14,0xbe,
0x14,0xfe,0x15,0x4e,0x15,0x8e,0x15,0xda,0x16,0x26,0x16,0x5e,0x16,0x8e,0x16,0xbe,0x16,0xf0,0x17,0x22,0x17,0x36,0x17,0x4a,0x17,0x62,0x17,0x7a,0x17,0xb4,0x17,0xf0,
0x18,0x16,0x18,0x3c,0x18,0x66,0x18,0xa0,0x18,0xca,0x18,0xe4,0x19,0x1a,0x19,0x42,0x19,0x6c,0x19,0x98,0x19,0xc4,0x19,0xe2,0x1a,0x0c,0x1a,0x2e,0x1a,0x50,0x1a,0x8c,
0x1a,0xb8,0x1b,0x00,0x1b,0x2c,0x1b,0x72,0x1b,0x9e,0x1b,0xc8,0x1b,0xf6,0x1c,0x24,0x1c,0x4e,0x1c,0x76,0x1c,0xa4,0x1c,0xd2,0x1d,0x06,0x1d,0x36,0x1d,0x68,0x1d,0x96,
0x1d,0xb2,0x1d,0xe0,0x1e,0x08,0x1e,0x42,0x1e,0x5e,0x1e,0x8c,0x1e,0xb0,0x1e,0xec,0x1f,0x0e,0x1f,0x40,0x1f,0x72,0x1f,0xc6,0x1f,0xfe,0x20,0x58,0x20,0x86,0x20,0xd4,
0x21,0x02,0x21,0x52,0x21,0x74,0x21,0x9e,0x21,0xc2,0x21,0xea,0x22,0x10,0x22,0x38,0x22,0x4c,0x22,0x60,0x22,0x7e,0x22,0x9c,0x22,0xba,0x22,0xde,0x22,0xf0,0x22,0xfc,
0x23,0x1c,0x23,0x3e,0x23,0x60,0x23,0x82,0x23,0x9a,0x23,0xae,0x23,0xc4,0x23,0xd6,0x23,0xee,0x24,0x02,0x24,0x1c,0x24,0x34,0x24,0x54,0x24,0x7c,0x24,0x9c,0x24,0xc2,
0x24,0xe4,0x25,0x0e,0x25,0x2e,0x25,0x54,0x25,0x7a,0x25,0x9e,0x25,0xd0,0x26,0x00,0x26,0x2e,0x26,0x5c,0x26,0x8c,0x26,0xca,0x26,0xf4,0x27,0x12,0x27,0x3c,0x27,0x5a,
0x27,0x86,0x27,0xa8,0x27,0xe2,0x28,0x16,0x28,0x54,0x28,0x8c,0x28,0xd2,0x29,0x14,0x29,0x50,0x29,0x86,0x29,0x86,0x29,0xc0,0x29,0xdc,0x2a,0x04,0x2a,0x1e,0x2a,0x48,
0x2a,0x7a,0x2a,0xb6,0x2a,0xd6,0x2a,0xfe,0x2b,0x28,0x2b,0x5a,0x2b,0x8a,0x2b,0xc2,0x2b,0xea,0x2c,0x1a,0x2c,0x42,0x2c,0x74,0x2c,0x9e,0x2c,0xc8,0x2c,0xea,0x2d,0x0c,
0x2d,0x2c,0x2d,0x4e,0x2d,0x6c,0x2d,0x8a,0x2d,0xa6,0x2d,0xca,0x2d,0xea,0x2e,0x18,0x2e,0x54,0x2e,0xa8,0x2e,0xd4,0x2f,0x28,0x2f,0x6a,0x2f,0xaa,0x2f,0xe2,0x30,0x14,
0x30,0x2c,0x30,0x54,0x30,0x66,0x30,0x78,0x30,0x90,0x30,0x9c,0x30,0xba,0x30,0xd4,0x30,0xf6,0x31,0x0c,0x31,0x38,0x31,0x5e,0x31,0x84,0x31,0xaa,0x31,0xd0,0x31,0xfa,
0x32,0x24,0x32,0x80,0x32,0xb4,0x33,0x02,0x33,0x46,0x33,0x64,0x33,0x82,0x33,0xb2,0x33,0xe4,0x33,0xf2,0x34,0x00,0x34,0x0e,0x34,0x1c,0x34,0x2a,0x34,0x3e,0x34,0x52,
0x34,0x66,0x34,0x7c,0x34,0x98,0x34,0xa6,0x34,0xbc,0x35,0x00,0x35,0x12,0x35,0x22,0x35,0x32,0x35,0x54,0x35,0x6e,0x35,0x90,0x35,0xb8,0x35,0xca,0x36,0x00,0x36,0x28,
0x36,0x4a,0x36,0x5c,0x36,0x7c,0x36,0xa2,0x36,0xba,0x36,0xdc,0x37,0x04,0x37,0x16,0x37,0x4e,0x37,0x74,0x37,0xa4,0x37,0xc6,0x37,0xf8,0x38,0x2a,0x38,0x42,0x38,0x5a,
0x38,0x78,0x38,0x84,0x38,0x9a,0x38,0xca,0x38,0xf0,0x39,0x2a,0x39,0x4a,0x39,0x66,0x39,0x80,0x39,0x9c,0x39,0xb2,0x39,0xc0,0x39,0xc0,0x39,0xc0,0x39,0xde,0x39,0xf0,
0x3a,0x14,0x3a,0x42,0x3a,0x5c,0x3a,0x86,0x3a,0xb2,0x3a,0xc6,0x3b,0x00,0x3b,0x30,0x3b,0x5a,0x3b,0x68,0x3b,0x76,0x3b,0x82,0x3b,0x96,0x3b,0xb6,0x3b,0xd6,0x3b,0xe8,
0x3b,0xfa,0x3c,0x28,0x3c,0x56,0x3c,0x64,0x3c,0x72,0x3c,0x84,0x3c,0x96,0x3c,0xb6,0x3c,0xc8,0x3c,0xd6,0x3c,0xee,0x3d,0x0c,0x3d,0x22,0x3d,0x2e,0x3d,0x50,0x3d,0x62,
0x3d,0x82,0x3d,0xa8,0x3d,0xc2,0x3d,0xe4,0x3e,0x0c,0x3e,0x1e,0x3e,0x56,0x3e,0x7e,0x3e,0xa4,0x3e,0xfe,0x3f,0x20,0x3f,0x32,0x3f,0x50,0x3f,0x76,0x3f,0x8e,0x3f,0xb0,
0x3f,0xd8,0x3f,0xea,0x40,0x20,0x40,0x46,0x40,0x52,0x00,0x00,0x00,0x02,0x00,0x44,0x00,0x00,0x00,0xd5,0x02,0xa8,0x00,0x03,0x00,0x07,0x00,0x00,0x33,0x35,0x33,0x15,
0x27,0x03,0x33,0x03,0x44,0x90,0x83,0x0d,0x91,0x0e,0xa1,0xa1,0xfa,0x01,0xae,0xfe,0x52,0x00,0x00,0x00,0x00,0x02,0x00,0x37,0x01,0xb8,0x01,0x65,0x02,0xa8,0x00,0x03,
0x00,0x07,0x00,0x00,0x01,0x23,0x27,0x33,0x07,0x23,0x27,0x33,0x01,0x5e,0x76,0x04,0x81,0xb3,0x76,0x05,0x81,0x01,0xb8,0xf0,0xf0,0xf0,0x00,0x00,0x00,0x02,0x00,0x10,
0x00,0x00,0x02,0x20,0x02,0x94,0x00,0x1b,0x00,0x1f,0x00,0x00,0x25,0x23,0x15,0x23,0x35,0x23,0x15,0x23,0x35,0x23,0x35,0x33,0x35,0x23,0x35,0x33,0x35,0x33,0x15,0x33,
0x35,0x33,0x15,0x33,0x15,0x23,0x15,0x33,0x23,0x35,0x23,0x15,0x02,0x20,0x60,0x74,0x68,0x74,0x60,0x60,0x60,0x60,0x74,0x68,0x74,0x60,0x60,0x60,0xd4,0x68,0x95,0x95,
0x95,0x95,0x95,0x70,0x7e,0x70,0xa1,0xa1,0xa1,0xa1,0x70,0x7e,0x7e,0x7e,0x00,0x00,0x00,0x03,0x00,0x34,0xff,0x7e,0x01,0xfc,0x03,0x2a,0x00,0x22,0x00,0x28,0x00,0x2e,
0x00,0x00,0x25,0x14,0x06,0x2b,0x01,0x07,0x26,0x35,0x37,0x26,0x2f,0x01,0x37,0x16,0x17,0x37,0x2e,0x01,0x35,0x34,0x36,0x3b,0x01,0x37,0x33,0x07,0x16,0x1f,0x01,0x07,
0x26,0x27,0x07,0x1e,0x01,0x25,0x14,0x16,0x17,0x37,0x06,0x13,0x34,0x26,0x27,0x07,0x36,0x01,0xfc,0x7e,0x66,0x01,0x0f,0x4a,0x0e,0x4a,0x32,0x14,0x0d,0x4f,0x43,0x16,
0x67,0x56,0x78,0x69,0x0d,0x12,0x4a,0x12,0x3e,0x34,0x11,0x0b,0x49,0x3e,0x14,0x68,0x4b,0xfe,0xbd,0x1e,0x2b,0x11,0x5a,0xbe,0x1b,0x23,0x13,0x51,0xc7,0x68,0x6b,0x76,
0x03,0x04,0x74,0x09,0x0c,0x04,0x68,0x0b,0x04,0xae,0x1f,0x58,0x4c,0x63,0x61,0x8a,0x90,0x06,0x0a,0x04,0x6a,0x08,0x04,0xa1,0x21,0x4f,0xce,0x18,0x1e,0x10,0x8b,0x04,
0xfe,0x98,0x18,0x1f,0x0e,0x99,0x09,0x00,0x00,0x05,0x00,0x0e,0xff,0xe0,0x02,0x22,0x02,0xbb,0x00,0x03,0x00,0x07,0x00,0x0f,0x00,0x13,0x00,0x1b,0x00,0x00,0x17,0x13,
0x17,0x03,0x02,0x32,0x10,0x22,0x36,0x14,0x16,0x32,0x36,0x34,0x26,0x22,0x12,0x32,0x10,0x22,0x36,0x14,0x16,0x32,0x36,0x34,0x26,0x22,0x7d,0xeb,0x49,0xeb,0xb8,0xf0,
0xf0,0x62,0x09,0x1a,0x09,0x09,0x1a,0xb9,0xf0,0xf0,0x62,0x09,0x1a,0x09,0x09,0x1a,0x08,0x02,0xc3,0x1a,0xfd,0x3f,0x02,0xc0,0xfe,0xdd,0xb6,0x48,0x1e,0x1e,0x48,0x1d,
0xfe,0xc7,0xfe,0xdd,0xb6,0x48,0x1e,0x1e,0x48,0x1d,0x00,0x00,0x00,0x03,0x00,0x23,0xff,0xf4,0x02,0xb3,0x02,0xc8,0x00,0x1c,0x00,0x24,0x00,0x2d,0x00,0x00,0x12,0x36,
0x32,0x16,0x14,0x06,0x07,0x17,0x3e,0x01,0x37,0x17,0x06,0x07,0x17,0x07,0x27,0x0e,0x01,0x23,0x22,0x26,0x35,0x34,0x36,0x37,0x2e,0x01,0x35,0x13,0x32,0x36,0x37,0x27,
0x06,0x15,0x14,0x13,0x14,0x1f,0x01,0x3e,0x01,0x35,0x34,0x22,0x6f,0x70,0xbf,0x6a,0x3c,0x4d,0x62,0x06,0x0c,0x01,0x82,0x0f,0x24,0x70,0x4c,0x6a,0x23,0x6d,0x3d,0x92,
0x7b,0x44,0x4a,0x29,0x19,0xb0,0x28,0x4c,0x0f,0xad,0x4a,0x4c,0x2d,0x11,0x29,0x22,0x89,0x02,0x77,0x51,0x53,0x90,0x52,0x36,0x62,0x0f,0x56,0x1b,0x03,0x74,0x57,0x62,
0x57,0x57,0x26,0x31,0x69,0x67,0x51,0x5d,0x1d,0x32,0x3e,0x32,0xfe,0x3b,0x16,0x12,0xad,0x24,0x4e,0x63,0x01,0xa7,0x28,0x30,0x12,0x1e,0x2f,0x21,0x3f,0x00,0x00,0x00,
0x00,0x01,0x00,0x38,0x01,0xb8,0x00,0xb9,0x02,0xa8,0x00,0x03,0x00,0x00,0x13,0x27,0x33,0x07,0x3c,0x04,0x81,0x07,0x01,0xb8,0xf0,0xf0,0x00,0x00,0x00,0x01,0x00,0x26,
0xff,0x83,0x01,0x19,0x02,0xee,0x00,0x11,0x00,0x00,0x12,0x14,0x16,0x1f,0x01,0x23,0x2e,0x03,0x34,0x36,0x37,0x36,0x3f,0x01,0x33,0x06,0xba,0x30,0x18,0x17,0x7f,0x0e,
0x2e,0x1f,0x19,0x18,0x11,0x24,0x1b,0x0c,0x7f,0x22,0x01,0x85,0xb0,0xd5,0x3e,0x3f,0x16,0x68,0x5e,0x8b,0x86,0x8e,0x35,0x70,0x34,0x17,0x57,0x00,0x00,0x01,0x00,0x1b,
0xff,0x83,0x01,0x0e,0x02,0xee,0x00,0x11,0x00,0x00,0x00,0x14,0x06,0x07,0x06,0x0f,0x01,0x23,0x36,0x12,0x34,0x26,0x2f,0x01,0x33,0x1e,0x02,0x01,0x0e,0x18,0x11,0x24,
0x1b,0x0c,0x7f,0x22,0x3d,0x2f,0x18,0x18,0x7f,0x0e,0x2e,0x1f,0x01,0x70,0x86,0x89,0x32,0x69,0x2e,0x15,0x4d,0x01,0x05,0xb0,0xe1,0x44,0x44,0x19,0x71,0x64,0x00,0x00,
0x00,0x01,0x00,0x28,0x01,0x65,0x01,0x85,0x02,0xd0,0x00,0x0e,0x00,0x00,0x01,0x23,0x17,0x07,0x27,0x07,0x27,0x37,0x27,0x37,0x17,0x37,0x17,0x07,0x33,0x01,0x85,0x7b,
0x26,0x49,0x29,0x67,0x2f,0x69,0x66,0x2e,0x65,0x27,0x4b,0x26,0x7b,0x01,0xf3,0x78,0x16,0x79,0x4f,0x3b,0x4e,0x49,0x3f,0x49,0x79,0x19,0x7a,0x00,0x00,0x01,0x00,0x32,
0x00,0x15,0x01,0xfe,0x01,0xdf,0x00,0x0b,0x00,0x00,0x37,0x35,0x33,0x35,0x33,0x15,0x33,0x15,0x23,0x15,0x23,0x35,0x32,0xa9,0x78,0xab,0xab,0x78,0xbf,0x78,0xa8,0xa8,
0x78,0xaa,0xaa,0x00,0x00,0x01,0x00,0x14,0xff,0x85,0x00,0xda,0x00,0x89,0x00,0x03,0x00,0x00,0x17,0x13,0x33,0x03,0x14,0x32,0x94,0x5a,0x7b,0x01,0x04,0xfe,0xfc,0x00,
0x00,0x01,0x00,0x38,0x00,0xcd,0x01,0x60,0x01,0x47,0x00,0x03,0x00,0x00,0x37,0x35,0x21,0x15,0x38,0x01,0x28,0xcd,0x7a,0x7a,0x00,0x01,0x00,0x38,0x00,0x00,0x00,0xc8,
0x00,0xa6,0x00,0x03,0x00,0x00,0x33,0x35,0x33,0x15,0x38,0x90,0xa6,0xa6,0x00,0x00,0x00,0x01,0x00,0x1f,0xff,0xde,0x01,0xb5,0x02,0xce,0x00,0x03,0x00,0x00,0x37,0x01,
0x17,0x01,0x1f,0x01,0x20,0x76,0xfe,0xe0,0x08,0x02,0xc6,0x2a,0xfd,0x3a,0x00,0x00,0x00,0x02,0x00,0x18,0xff,0xf4,0x02,0x18,0x02,0xa0,0x00,0x07,0x00,0x0f,0x00,0x00,
0x12,0x32,0x16,0x10,0x06,0x20,0x26,0x10,0x04,0x26,0x22,0x06,0x14,0x16,0x32,0x36,0x99,0xfe,0x81,0x80,0xff,0x00,0x80,0x01,0x72,0x34,0x7b,0x35,0x36,0x7a,0x34,0x02,
0xa0,0xa4,0xfe,0x95,0x9d,0x9d,0x01,0x6b,0x37,0x63,0x64,0xf6,0x62,0x62,0x00,0x00,0x00,0x01,0x00,0x4a,0x00,0x00,0x01,0xa2,0x02,0x94,0x00,0x06,0x00,0x00,0x01,0x11,
0x23,0x11,0x07,0x27,0x37,0x01,0xa2,0x8a,0x8f,0x3f,0xda,0x02,0x94,0xfd,0x6c,0x01,0xf8,0x5c,0x67,0x91,0x00,0x01,0x00,0x41,0x00,0x00,0x01,0xed,0x02,0xa0,0x00,0x15,
0x00,0x00,0x29,0x01,0x35,0x37,0x3e,0x01,0x34,0x26,0x23,0x22,0x0f,0x01,0x27,0x36,0x33,0x32,0x15,0x14,0x06,0x0f,0x01,0x21,0x01,0xed,0xfe,0x54,0x8d,0x4b,0x3b,0x31,
0x2d,0x43,0x4f,0x18,0x07,0x62,0x69,0xd2,0x40,0x54,0x73,0x01,0x12,0x75,0x8f,0x4d,0x52,0x5d,0x26,0x0c,0x03,0x6b,0x1e,0xbd,0x4a,0x6c,0x4d,0x68,0x00,0x01,0x00,0x39,
0xff,0xf4,0x01,0xf1,0x02,0xa0,0x00,0x21,0x00,0x00,0x13,0x36,0x32,0x16,0x14,0x07,0x1e,0x01,0x15,0x14,0x06,0x23,0x22,0x2f,0x01,0x37,0x16,0x33,0x32,0x35,0x34,0x26,
0x2b,0x01,0x35,0x33,0x32,0x36,0x35,0x34,0x23,0x22,0x0f,0x01,0x3e,0x5c,0xe3,0x68,0x4d,0x30,0x29,0x6b,0x76,0x57,0x60,0x20,0x07,0x70,0x4c,0x67,0x35,0x2b,0x85,0x85,
0x21,0x33,0x63,0x45,0x4e,0x1a,0x02,0x7c,0x24,0x57,0xc0,0x33,0x1a,0x38,0x3d,0x6b,0x68,0x1a,0x08,0x69,0x13,0x58,0x25,0x2c,0x72,0x38,0x22,0x47,0x0e,0x04,0x00,0x00,
0x00,0x01,0x00,0x28,0x00,0x00,0x02,0x09,0x02,0x94,0x00,0x0e,0x00,0x00,0x21,0x35,0x21,0x35,0x13,0x33,0x03,0x33,0x35,0x33,0x15,0x33,0x15,0x23,0x15,0x01,0x40,0xfe,
0xe8,0xa3,0x98,0xb1,0x8e,0x8a,0x3f,0x3f,0x6d,0x69,0x01,0xbe,0xfe,0x51,0xb9,0xb9,0x78,0x6d,0x00,0x00,0x00,0x01,0x00,0x32,0xff,0xf4,0x01,0xfe,0x02,0x94,0x00,0x1b,
0x00,0x00,0x01,0x15,0x21,0x07,0x36,0x33,0x32,0x15,0x14,0x06,0x23,0x22,0x26,0x2f,0x01,0x37,0x16,0x33,0x32,0x36,0x34,0x26,0x23,0x22,0x0f,0x01,0x27,0x13,0x01,0xea,
0xfe,0xd9,0x11,0x3e,0x38,0xd6,0x76,0x6c,0x2e,0x75,0x23,0x24,0x0f,0x79,0x51,0x31,0x34,0x2c,0x28,0x43,0x33,0x0f,0x52,0x12,0x02,0x94,0x78,0x8f,0x18,0xc7,0x70,0x7a,
0x12,0x0a,0x09,0x66,0x13,0x34,0x61,0x2c,0x0d,0x04,0x13,0x01,0x65,0x00,0x00,0x00,0x00,0x02,0x00,0x23,0xff,0xf4,0x02,0x12,0x02,0xa0,0x00,0x13,0x00,0x1d,0x00,0x00,
0x01,0x26,0x23,0x22,0x15,0x37,0x36,0x33,0x32,0x16,0x14,0x06,0x22,0x26,0x10,0x36,0x33,0x32,0x1f,0x01,0x03,0x22,0x0f,0x01,0x14,0x33,0x32,0x36,0x35,0x34,0x01,0xf0,
0x66,0x4b,0x8e,0x15,0x42,0x27,0x71,0x72,0x80,0xf3,0x7c,0x8e,0x85,0x4e,0x59,0x1f,0xd9,0x2f,0x33,0x11,0x70,0x30,0x34,0x02,0x19,0x0f,0x9a,0x06,0x13,0x68,0xdb,0x70,
0xb1,0x01,0x58,0xa3,0x16,0x07,0xfe,0xac,0x11,0x05,0xad,0x35,0x30,0x5e,0x00,0x00,0x00,0x01,0x00,0x45,0xff,0xf4,0x01,0xeb,0x02,0x94,0x00,0x07,0x00,0x00,0x13,0x35,
0x21,0x15,0x03,0x27,0x13,0x35,0x45,0x01,0xa6,0xeb,0x80,0xe1,0x02,0x19,0x7b,0x9c,0xfd,0xfc,0x24,0x01,0xe1,0x20,0x00,0x00,0x00,0x03,0x00,0x1c,0xff,0xf4,0x02,0x13,
0x02,0xa0,0x00,0x15,0x00,0x1d,0x00,0x26,0x00,0x00,0x12,0x32,0x16,0x15,0x14,0x06,0x07,0x1e,0x01,0x15,0x14,0x06,0x23,0x22,0x35,0x34,0x36,0x37,0x2e,0x01,0x35,0x34,
0x13,0x14,0x32,0x35,0x34,0x27,0x23,0x06,0x13,0x22,0x06,0x14,0x17,0x33,0x36,0x35,0x34,0xa9,0xda,0x86,0x1c,0x2c,0x2c,0x26,0x8c,0x71,0xfa,0x27,0x2c,0x2a,0x1e,0x89,
0xcf,0x3b,0x58,0x3c,0x68,0x2d,0x30,0x31,0x58,0x31,0x02,0xa0,0x60,0x55,0x3a,0x3a,0x23,0x25,0x42,0x3a,0x62,0x5d,0xb4,0x40,0x47,0x25,0x22,0x41,0x35,0x55,0xfe,0x87,
0x58,0x58,0x34,0x17,0x17,0x01,0x28,0x28,0x52,0x22,0x22,0x2c,0x4e,0x00,0x00,0x00,0x00,0x02,0x00,0x1c,0xff,0xf4,0x02,0x0b,0x02,0xa0,0x00,0x13,0x00,0x1d,0x00,0x00,
0x37,0x32,0x35,0x07,0x06,0x23,0x22,0x26,0x34,0x36,0x32,0x16,0x10,0x06,0x23,0x22,0x2f,0x01,0x37,0x16,0x37,0x32,0x3f,0x01,0x34,0x23,0x22,0x06,0x15,0x14,0xf8,0x85,
0x15,0x45,0x24,0x6d,0x76,0x82,0xef,0x7e,0x8c,0x87,0x4e,0x59,0x1f,0x0c,0x66,0x67,0x2e,0x35,0x10,0x70,0x30,0x34,0x6c,0xa2,0x07,0x17,0x6a,0xd1,0x75,0xb1,0xfe,0xa3,
0x9e,0x16,0x07,0x6a,0x0f,0xfc,0x12,0x05,0xa9,0x35,0x30,0x5b,0x00,0x02,0x00,0x38,0x00,0x00,0x00,0xc8,0x01,0xc7,0x00,0x03,0x00,0x07,0x00,0x00,0x13,0x35,0x33,0x15,
0x03,0x35,0x33,0x15,0x38,0x90,0x90,0x90,0x01,0x21,0xa6,0xa6,0xfe,0xdf,0xa6,0xa6,0x00,0x02,0x00,0x1b,0xff,0x85,0x00,0xe1,0x01,0xc7,0x00,0x03,0x00,0x07,0x00,0x00,
0x37,0x33,0x03,0x23,0x13,0x35,0x33,0x15,0x4d,0x94,0x5a,0x6c,0x2a,0x90,0x89,0xfe,0xfc,0x01,0x9c,0xa6,0xa6,0x00,0x00,0x00,0x00,0x01,0x00,0x42,0x00,0x0a,0x01,0xd8,
0x01,0xe9,0x00,0x06,0x00,0x00,0x01,0x0d,0x01,0x15,0x25,0x35,0x25,0x01,0xd8,0xfe,0xfb,0x01,0x05,0xfe,0x6a,0x01,0x96,0x01,0x61,0x63,0x6c,0x88,0xba,0x6e,0xb7,0x00,
0x00,0x02,0x00,0x3a,0x00,0x57,0x01,0xf6,0x01,0xa0,0x00,0x03,0x00,0x07,0x00,0x00,0x13,0x35,0x21,0x15,0x05,0x35,0x21,0x15,0x3a,0x01,0xbc,0xfe,0x44,0x01,0xbc,0x01,
0x27,0x79,0x79,0xd0,0x79,0x79,0x00,0x00,0x00,0x01,0x00,0x58,0x00,0x0a,0x01,0xee,0x01,0xe9,0x00,0x06,0x00,0x00,0x2d,0x01,0x35,0x05,0x15,0x05,0x35,0x01,0x5d,0xfe,
0xfb,0x01,0x96,0xfe,0x6a,0xfe,0x63,0x88,0xb7,0x6e,0xba,0x88,0x00,0x02,0x00,0x1e,0x00,0x00,0x01,0x95,0x02,0xb4,0x00,0x15,0x00,0x19,0x00,0x00,0x00,0x16,0x14,0x0e,
0x02,0x1d,0x01,0x23,0x26,0x35,0x34,0x3e,0x01,0x35,0x34,0x23,0x22,0x0f,0x01,0x27,0x36,0x13,0x35,0x33,0x15,0x01,0x34,0x61,0x1f,0x64,0x1a,0x6b,0x1f,0x7f,0x1d,0x55,
0x3c,0x3f,0x15,0x07,0x56,0x03,0x90,0x02,0xb4,0x4e,0x9c,0x47,0x4b,0x28,0x18,0x1f,0x22,0x39,0x24,0x66,0x27,0x1c,0x3b,0x0c,0x04,0x65,0x23,0xfd,0x4c,0xa1,0xa1,0x00,
0x00,0x02,0x00,0x26,0xff,0x2f,0x03,0xb0,0x02,0xd9,0x00,0x32,0x00,0x3e,0x00,0x00,0x01,0x15,0x14,0x06,0x23,0x22,0x27,0x26,0x27,0x06,0x23,0x22,0x26,0x10,0x36,0x33,
0x32,0x1f,0x01,0x35,0x33,0x15,0x14,0x1e,0x02,0x33,0x32,0x36,0x3d,0x01,0x34,0x26,0x20,0x06,0x10,0x16,0x33,0x37,0x17,0x06,0x23,0x22,0x26,0x27,0x26,0x11,0x34,0x36,
0x20,0x16,0x01,0x32,0x37,0x26,0x3d,0x01,0x26,0x23,0x22,0x06,0x15,0x14,0x03,0xb0,0x61,0x60,0x47,0x2d,0x0a,0x07,0x50,0x44,0x5e,0x5d,0x57,0x68,0x23,0x29,0x0f,0x86,
0x0b,0x0d,0x0e,0x0c,0x20,0x1d,0x93,0xfe,0xbf,0xaa,0x98,0xb3,0x8f,0x05,0x5a,0x3a,0x73,0xa6,0x3e,0x7a,0xfa,0x01,0xb2,0xde,0xfe,0x31,0x26,0x34,0x06,0x2a,0x13,0x34,
0x21,0x01,0x31,0x08,0x9a,0x8f,0x24,0x08,0x0c,0x38,0x75,0x01,0x05,0x7a,0x12,0x07,0x0d,0xb3,0x8a,0x28,0x10,0x03,0x4e,0x6b,0x09,0xa0,0x91,0xb8,0xfe,0xa1,0xa7,0x09,
0x75,0x0a,0x2e,0x35,0x6b,0x01,0x08,0xe7,0xed,0xd9,0xfe,0x76,0x19,0x24,0x46,0x7b,0x0a,0x3a,0x49,0x85,0x00,0x02,0x00,0x11,0x00,0x00,0x02,0x49,0x02,0xa8,0x00,0x07,
0x00,0x0b,0x00,0x00,0x33,0x13,0x21,0x13,0x23,0x27,0x23,0x07,0x13,0x03,0x33,0x03,0x11,0x99,0x01,0x06,0x99,0x8a,0x1b,0xee,0x1b,0x7a,0x45,0xba,0x45,0x02,0xa8,0xfd,
0x58,0x7b,0x7b,0x02,0x36,0xfe,0xbd,0x01,0x43,0x00,0x00,0x00,0x00,0x03,0x00,0x4a,0x00,0x00,0x02,0x36,0x02,0xa8,0x00,0x0e,0x00,0x16,0x00,0x1c,0x00,0x00,0x13,0x21,
0x32,0x16,0x15,0x14,0x06,0x07,0x1e,0x01,0x15,0x14,0x06,0x23,0x21,0x01,0x23,0x15,0x33,0x32,0x36,0x35,0x34,0x03,0x23,0x15,0x33,0x32,0x34,0x4a,0x01,0x0b,0x6a,0x6a,
0x22,0x29,0x2d,0x2b,0x74,0x69,0xfe,0xf1,0x01,0x08,0x7e,0x7e,0x2d,0x2b,0x5c,0x7a,0x7b,0x4e,0x02,0xa8,0x55,0x5f,0x39,0x43,0x1a,0x13,0x48,0x40,0x63,0x60,0x01,0x1c,
0xa6,0x24,0x30,0x52,0x01,0x16,0xa2,0xa2,0x00,0x01,0x00,0x2f,0xff,0xf4,0x01,0xfa,0x02,0xb4,0x00,0x14,0x00,0x00,0x25,0x06,0x22,0x2e,0x02,0x35,0x34,0x36,0x33,0x32,
0x17,0x07,0x26,0x22,0x0e,0x01,0x14,0x16,0x32,0x37,0x01,0xf9,0x6a,0xaa,0x66,0x3a,0x16,0x6f,0x95,0x56,0x71,0x04,0x63,0x83,0x38,0x1b,0x37,0xa5,0x5d,0x0b,0x17,0x2a,
0x5c,0x7c,0x5e,0xc5,0x9b,0x1b,0x6e,0x0f,0x23,0x62,0xec,0x5b,0x0e,0x00,0x00,0x00,0x00,0x02,0x00,0x4a,0x00,0x00,0x02,0x50,0x02,0xa8,0x00,0x0b,0x00,0x18,0x00,0x00,
0x21,0x23,0x11,0x33,0x32,0x1e,0x02,0x14,0x0e,0x02,0x13,0x36,0x34,0x2e,0x02,0x2b,0x01,0x11,0x33,0x32,0x37,0x36,0x01,0x2f,0xe5,0xe5,0x58,0x72,0x3f,0x18,0x16,0x3d,
0x74,0x37,0x02,0x08,0x1e,0x3b,0x32,0x5b,0x5b,0x4b,0x22,0x1d,0x02,0xa8,0x25,0x55,0x73,0xb8,0x79,0x5f,0x2b,0x01,0x0e,0x20,0x71,0x44,0x38,0x15,0xfe,0x48,0x26,0x1f,
0x00,0x01,0x00,0x4a,0x00,0x00,0x02,0x02,0x02,0xa8,0x00,0x0b,0x00,0x00,0x33,0x11,0x21,0x15,0x21,0x15,0x33,0x15,0x23,0x15,0x21,0x15,0x4a,0x01,0xb8,0xfe,0xd2,0xf2,
0xf2,0x01,0x2e,0x02,0xa8,0x78,0x9f,0x76,0xa3,0x78,0x00,0x00,0x00,0x01,0x00,0x4a,0x00,0x00,0x01,0xfc,0x02,0xa8,0x00,0x09,0x00,0x00,0x33,0x11,0x21,0x15,0x21,0x15,
0x33,0x15,0x23,0x15,0x4a,0x01,0xb2,0xfe,0xd8,0xf2,0xf2,0x02,0xa8,0x78,0xc8,0x78,0xf0,0x00,0x00,0x00,0x00,0x01,0x00,0x2d,0xff,0xf4,0x02,0x2b,0x02,0xb4,0x00,0x17,
0x00,0x00,0x25,0x35,0x33,0x11,0x06,0x23,0x22,0x26,0x10,0x36,0x33,0x32,0x1f,0x01,0x07,0x26,0x22,0x0e,0x01,0x14,0x16,0x33,0x37,0x35,0x01,0x65,0xc6,0x8f,0x59,0x9f,
0x77,0x7c,0x95,0x5d,0x6c,0x24,0x04,0x78,0x99,0x3e,0x1d,0x3a,0x5b,0x53,0xf4,0x78,0xfe,0x9f,0x17,0xaa,0x01,0x72,0xa4,0x15,0x07,0x6b,0x0d,0x24,0x61,0xeb,0x5e,0x04,
0x84,0x00,0x00,0x00,0x00,0x01,0x00,0x4a,0x00,0x00,0x02,0x5b,0x02,0xa8,0x00,0x0b,0x00,0x00,0x21,0x11,0x23,0x11,0x23,0x11,0x33,0x11,0x33,0x11,0x33,0x11,0x01,0xd1,
0xfd,0x8a,0x8a,0xfd,0x8a,0x01,0x1a,0xfe,0xe6,0x02,0xa8,0xfe,0xea,0x01,0x16,0xfd,0x58,0x00,0x00,0x00,0x00,0x01,0x00,0x4a,0x00,0x00,0x00,0xd4,0x02,0xa8,0x00,0x03,
0x00,0x00,0x33,0x11,0x33,0x11,0x4a,0x8a,0x02,0xa8,0xfd,0x58,0x00,0x01,0x00,0x13,0xff,0xba,0x00,0xe9,0x02,0xa8,0x00,0x09,0x00,0x00,0x17,0x35,0x32,0x36,0x35,0x11,
0x33,0x13,0x14,0x06,0x13,0x28,0x24,0x89,0x01,0x61,0x46,0x78,0x1e,0x29,0x02,0x2f,0xfd,0xcb,0x6d,0x4c,0x00,0x01,0x00,0x4a,0x00,0x00,0x02,0x41,0x02,0xa8,0x00,0x0c,
0x00,0x00,0x33,0x23,0x11,0x33,0x11,0x37,0x13,0x33,0x03,0x13,0x23,0x03,0x07,0xd4,0x8a,0x8a,0x5c,0x70,0x9d,0x94,0x98,0x9f,0x72,0x5c,0x02,0xa8,0xfe,0xd5,0x0a,0x01,
0x21,0xfe,0xab,0xfe,0xad,0x01,0x0f,0x0a,0x00,0x01,0x00,0x4a,0x00,0x00,0x01,0xcd,0x02,0xa8,0x00,0x05,0x00,0x00,0x29,0x01,0x11,0x33,0x11,0x33,0x01,0xcd,0xfe,0x7d,
0x8a,0xf9,0x02,0xa8,0xfd,0xd2,0x00,0x00,0x00,0x01,0x00,0x4a,0x00,0x00,0x03,0x10,0x02,0xa8,0x00,0x0e,0x00,0x00,0x33,0x11,0x33,0x1b,0x01,0x33,0x11,0x23,0x11,0x23,
0x03,0x23,0x03,0x23,0x11,0x4a,0xeb,0x78,0x78,0xeb,0x8a,0x0f,0x85,0x8a,0x85,0x0f,0x02,0xa8,0xfe,0x10,0x01,0xf0,0xfd,0x58,0x02,0x0e,0xfe,0x10,0x01,0xf0,0xfd,0xf2,
0x00,0x01,0x00,0x4a,0x00,0x00,0x02,0x6b,0x02,0xa8,0x00,0x0b,0x00,0x00,0x33,0x11,0x33,0x13,0x33,0x11,0x33,0x11,0x23,0x03,0x23,0x11,0x4a,0xe9,0xa4,0x0a,0x8a,0xe3,
0xaa,0x0a,0x02,0xa8,0xfd,0xd0,0x02,0x30,0xfd,0x58,0x02,0x30,0xfd,0xd0,0x00,0x00,0x00,0x02,0x00,0x2c,0xff,0xf4,0x02,0x60,0x02,0xb4,0x00,0x07,0x00,0x0f,0x00,0x00,
0x36,0x32,0x36,0x34,0x26,0x22,0x06,0x14,0x04,0x20,0x26,0x10,0x36,0x20,0x16,0x10,0xf5,0xa2,0x3b,0x3c,0xa0,0x3c,0x01,0x27,0xfe,0xca,0x7f,0x7f,0x01,0x36,0x7f,0x6c,
0x69,0xf7,0x70,0x70,0xf7,0xe1,0xa9,0x01,0x68,0xaf,0xaf,0xfe,0x98,0x00,0x00,0x00,0x00,0x02,0x00,0x4a,0x00,0x00,0x02,0x36,0x02,0xa8,0x00,0x09,0x00,0x11,0x00,0x00,
0x25,0x23,0x15,0x23,0x11,0x33,0x32,0x15,0x14,0x06,0x27,0x33,0x32,0x35,0x34,0x26,0x2b,0x01,0x01,0x44,0x70,0x8a,0xfa,0xf2,0x7b,0xe7,0x6f,0x67,0x32,0x35,0x6f,0xc6,
0xc6,0x02,0xa8,0xec,0x77,0x7f,0x76,0x80,0x3f,0x37,0x00,0x00,0x00,0x02,0x00,0x2c,0xff,0x64,0x02,0x60,0x02,0xb4,0x00,0x0d,0x00,0x15,0x00,0x00,0x05,0x22,0x26,0x10,
0x36,0x20,0x16,0x15,0x14,0x07,0x17,0x07,0x27,0x06,0x26,0x32,0x36,0x34,0x26,0x22,0x06,0x14,0x01,0x46,0x9c,0x7e,0x7f,0x01,0x36,0x7f,0x69,0x53,0x7e,0x5a,0x0a,0x73,
0xa2,0x3b,0x3c,0xa0,0x3c,0x0c,0xa8,0x01,0x69,0xaf,0xaf,0xb5,0xde,0x4d,0x86,0x3b,0x93,0x03,0x78,0x68,0xf8,0x70,0x70,0xf8,0x00,0x02,0x00,0x4a,0x00,0x00,0x02,0x42,
0x02,0xa8,0x00,0x0b,0x00,0x13,0x00,0x00,0x37,0x15,0x23,0x11,0x21,0x32,0x15,0x14,0x07,0x13,0x23,0x27,0x3e,0x01,0x34,0x26,0x2b,0x01,0x15,0x33,0xd4,0x8a,0x01,0x08,
0xf0,0x64,0x61,0x97,0x4f,0x2c,0x30,0x33,0x30,0x7e,0x80,0xe4,0xe4,0x02,0xa8,0xe0,0x85,0x3f,0xfe,0xfc,0xe4,0x76,0x3c,0x62,0x3a,0xd8,0x00,0x00,0x00,0x01,0x00,0x25,
0xff,0xf4,0x01,0xfb,0x02,0xb4,0x00,0x20,0x00,0x00,0x01,0x22,0x15,0x14,0x1e,0x02,0x15,0x14,0x06,0x23,0x22,0x2f,0x01,0x37,0x16,0x33,0x32,0x35,0x34,0x26,0x27,0x2e,
0x01,0x35,0x34,0x36,0x33,0x32,0x1f,0x01,0x07,0x26,0x01,0x1b,0x6d,0x36,0xc7,0x50,0x82,0x69,0x4e,0x71,0x24,0x0e,0x86,0x47,0x6a,0x31,0x49,0x74,0x5f,0x7c,0x6c,0x4a,
0x72,0x24,0x0b,0x8d,0x02,0x3c,0x48,0x20,0x22,0x40,0x51,0x54,0x6b,0x6e,0x18,0x07,0x6b,0x12,0x58,0x20,0x24,0x15,0x21,0x5b,0x51,0x66,0x64,0x14,0x07,0x6d,0x10,0x00,
0x00,0x01,0x00,0x0d,0x00,0x00,0x02,0x01,0x02,0xa8,0x00,0x07,0x00,0x00,0x13,0x35,0x21,0x15,0x23,0x11,0x23,0x11,0x0d,0x01,0xf4,0xb4,0x8a,0x02,0x2e,0x7a,0x7a,0xfd,
0xd2,0x02,0x2e,0x00,0x00,0x01,0x00,0x44,0xff,0xf4,0x02,0x4a,0x02,0xa8,0x00,0x0d,0x00,0x00,0x37,0x14,0x32,0x35,0x11,0x33,0x11,0x14,0x06,0x20,0x26,0x35,0x11,0x33,
0xce,0xf2,0x8a,0x81,0xfe,0xfc,0x81,0x8a,0xe3,0x77,0x77,0x01,0xc5,0xfe,0x3e,0x7d,0x75,0x75,0x7d,0x01,0xc2,0x00,0x00,0x00,0x00,0x01,0x00,0x10,0x00,0x00,0x02,0x4b,
0x02,0xa8,0x00,0x07,0x00,0x00,0x01,0x33,0x03,0x23,0x03,0x33,0x13,0x33,0x01,0xba,0x91,0x9e,0xff,0x9e,0x91,0x76,0x2d,0x02,0xa8,0xfd,0x58,0x02,0xa8,0xfd,0xd0,0x00,
0x00,0x01,0x00,0x13,0x00,0x00,0x03,0x8f,0x02,0xa8,0x00,0x0e,0x00,0x00,0x13,0x33,0x13,0x33,0x13,0x33,0x13,0x33,0x13,0x33,0x03,0x23,0x0b,0x01,0x23,0x13,0x91,0x54,
0x0f,0x7a,0xa0,0x7a,0x0f,0x54,0x91,0x82,0xd1,0x6b,0x6b,0xd1,0x02,0xa8,0xfd,0xce,0x02,0x32,0xfd,0xce,0x02,0x32,0xfd,0x58,0x02,0x05,0xfd,0xfb,0x00,0x01,0x00,0x09,
0x00,0x00,0x02,0x30,0x02,0xa8,0x00,0x0b,0x00,0x00,0x13,0x17,0x37,0x33,0x03,0x13,0x23,0x27,0x07,0x23,0x13,0x03,0xa2,0x7e,0x81,0x8f,0xc4,0xc4,0x99,0x7e,0x81,0x8f,
0xc4,0xc4,0x02,0xa8,0xfa,0xfa,0xfe,0xa5,0xfe,0xb3,0xeb,0xeb,0x01,0x46,0x01,0x62,0x00,0x01,0x00,0x00,0x00,0x00,0x02,0x2c,0x02,0xa8,0x00,0x08,0x00,0x00,0x21,0x23,
0x11,0x03,0x33,0x1b,0x01,0x33,0x03,0x01,0x5c,0x8a,0xd2,0x99,0x7d,0x7d,0x99,0xd0,0x01,0x13,0x01,0x95,0xfe,0xf1,0x01,0x0f,0xfe,0x6b,0x00,0x00,0x00,0x01,0x00,0x29,
0x00,0x00,0x01,0xeb,0x02,0xa8,0x00,0x0b,0x00,0x00,0x13,0x35,0x21,0x15,0x01,0x15,0x21,0x15,0x21,0x35,0x01,0x35,0x29,0x01,0xc2,0xfe,0xe4,0x01,0x1c,0xfe,0x3e,0x01,
0x1c,0x02,0x30,0x78,0x78,0xfe,0x5a,0x12,0x78,0x77,0x01,0xa7,0x12,0x00,0x00,0x00,0x00,0x01,0x00,0x44,0xff,0x85,0x01,0x40,0x02,0xed,0x00,0x07,0x00,0x00,0x01,0x15,
0x23,0x11,0x33,0x15,0x23,0x11,0x01,0x40,0x73,0x73,0xfc,0x02,0xed,0x78,0xfd,0x88,0x78,0x03,0x68,0x00,0x00,0x01,0x00,0x20,0xff,0xdc,0x01,0xd2,0x02,0xcc,0x00,0x03,
0x00,0x00,0x25,0x07,0x01,0x37,0x01,0xd2,0x74,0xfe,0xc2,0x72,0x0d,0x31,0x02,0xbc,0x34,0x00,0x00,0x00,0x00,0x01,0x00,0x23,0xff,0x85,0x01,0x1f,0x02,0xed,0x00,0x07,
0x00,0x00,0x13,0x35,0x33,0x11,0x23,0x35,0x33,0x11,0x23,0xfc,0xfc,0x73,0x02,0x75,0x78,0xfc,0x98,0x78,0x02,0x78,0x00,0x00,0x00,0x01,0x00,0x15,0x01,0x39,0x02,0x0b,
0x02,0x94,0x00,0x06,0x00,0x00,0x01,0x27,0x07,0x23,0x13,0x33,0x13,0x01,0x7f,0x6d,0x71,0x8c,0xc2,0x72,0xc2,0x01,0x39,0xd9,0xd9,0x01,0x5b,0xfe,0xa5,0x00,0x00,0x00,
0x00,0x01,0x00,0x60,0xff,0x45,0x02,0x0c,0xff,0xb7,0x00,0x03,0x00,0x00,0x17,0x21,0x15,0x21,0x60,0x01,0xac,0xfe,0x54,0x49,0x72,0x00,0x00,0x00,0x00,0x01,0xff,0xef,
0x02,0x34,0x01,0x13,0x02,0xf1,0x00,0x03,0x00,0x00,0x13,0x17,0x07,0x25,0x17,0xfc,0x1e,0xfe,0xfa,0x02,0xf1,0x66,0x57,0x4a,0x00,0x02,0x00,0x1d,0xff,0xf4,0x01,0xde,
0x02,0x00,0x00,0x19,0x00,0x21,0x00,0x00,0x01,0x15,0x1e,0x01,0x17,0x07,0x22,0x26,0x27,0x06,0x23,0x22,0x35,0x34,0x36,0x3f,0x01,0x35,0x34,0x26,0x23,0x07,0x27,0x36,
0x32,0x16,0x07,0x06,0x14,0x33,0x32,0x3f,0x01,0x35,0x01,0xbd,0x02,0x0c,0x13,0x04,0x33,0x3d,0x1f,0x48,0x4b,0x9b,0x56,0x59,0x6b,0x1c,0x1f,0xbc,0x04,0x6b,0xc1,0x55,
0xe1,0x38,0x31,0x26,0x2d,0x0f,0x01,0x58,0xd0,0x18,0x13,0x04,0x65,0x0e,0x15,0x23,0xa4,0x50,0x43,0x06,0x08,0x1f,0x1f,0x17,0x08,0x5d,0x1d,0x50,0xdc,0x05,0x6e,0x0c,
0x04,0x6b,0x00,0x00,0x00,0x02,0x00,0x3e,0xff,0xf4,0x01,0xfa,0x02,0xbc,0x00,0x0c,0x00,0x17,0x00,0x00,0x01,0x32,0x16,0x10,0x06,0x23,0x22,0x2f,0x01,0x11,0x33,0x15,
0x36,0x03,0x32,0x36,0x35,0x34,0x23,0x22,0x0f,0x01,0x11,0x16,0x01,0x30,0x69,0x61,0x70,0x89,0x2b,0x72,0x26,0x86,0x40,0x03,0x43,0x2e,0x54,0x28,0x24,0x0e,0x2e,0x02,
0x00,0x73,0xfe,0xd8,0x71,0x0a,0x04,0x02,0xba,0xd7,0x1b,0xfe,0x6c,0x41,0x54,0x87,0x0a,0x03,0xfe,0xf5,0x04,0x00,0x00,0x00,0x00,0x01,0x00,0x26,0xff,0xf4,0x01,0x99,
0x02,0x00,0x00,0x13,0x00,0x00,0x13,0x32,0x1f,0x01,0x07,0x26,0x23,0x22,0x06,0x14,0x16,0x33,0x37,0x17,0x06,0x23,0x22,0x26,0x10,0x36,0xf9,0x34,0x51,0x1b,0x04,0x4f,
0x26,0x45,0x2d,0x2d,0x46,0x74,0x04,0x6b,0x38,0x6f,0x61,0x64,0x02,0x00,0x10,0x06,0x6a,0x08,0x3b,0xa4,0x3d,0x08,0x6b,0x15,0x7d,0x01,0x14,0x7b,0x00,0x02,0x00,0x26,
0xff,0xf4,0x01,0xe7,0x02,0xbc,0x00,0x0e,0x00,0x18,0x00,0x00,0x01,0x11,0x23,0x35,0x06,0x23,0x22,0x26,0x10,0x36,0x33,0x32,0x1f,0x01,0x35,0x03,0x37,0x11,0x26,0x23,
0x22,0x15,0x14,0x16,0x32,0x01,0xe7,0x85,0x46,0x33,0x6d,0x56,0x67,0x68,0x20,0x39,0x13,0x0e,0x0e,0x37,0x2b,0x51,0x24,0x53,0x02,0xbc,0xfd,0x44,0x15,0x21,0x7e,0x01,
0x11,0x7d,0x0a,0x04,0xca,0xfd,0xbc,0x03,0x01,0x07,0x0a,0x90,0x4e,0x42,0x00,0x00,0x00,0x02,0x00,0x25,0xff,0xf4,0x01,0xdc,0x02,0x00,0x00,0x11,0x00,0x17,0x00,0x00,
0x36,0x16,0x33,0x32,0x3f,0x01,0x17,0x06,0x23,0x22,0x26,0x35,0x10,0x33,0x32,0x15,0x07,0x21,0x37,0x34,0x26,0x22,0x06,0x07,0xad,0x2f,0x2c,0x5d,0x49,0x1c,0x02,0x73,
0x5d,0x71,0x66,0xdd,0xda,0x0a,0xfe,0xda,0xac,0x26,0x5f,0x27,0x01,0x93,0x29,0x06,0x03,0x63,0x1c,0x78,0x87,0x01,0x0d,0xe2,0x5d,0x66,0x3c,0x2f,0x31,0x3a,0x00,0x00,
0x00,0x01,0x00,0x20,0x00,0x00,0x01,0x5a,0x02,0xc8,0x00,0x15,0x00,0x00,0x13,0x11,0x23,0x11,0x23,0x35,0x33,0x35,0x34,0x36,0x33,0x32,0x1f,0x01,0x07,0x26,0x22,0x06,
0x1d,0x01,0x33,0x15,0xdc,0x86,0x36,0x36,0x40,0x52,0x24,0x39,0x15,0x02,0x2c,0x3c,0x14,0x79,0x01,0x82,0xfe,0x7e,0x01,0x82,0x72,0x16,0x6c,0x52,0x0a,0x03,0x6d,0x02,
0x20,0x27,0x15,0x72,0x00,0x03,0x00,0x25,0xff,0x1a,0x02,0x03,0x01,0xfe,0x00,0x22,0x00,0x2b,0x00,0x2f,0x00,0x00,0x04,0x06,0x22,0x26,0x35,0x34,0x37,0x26,0x35,0x34,
0x3f,0x01,0x26,0x34,0x36,0x33,0x32,0x1f,0x01,0x37,0x15,0x27,0x16,0x15,0x14,0x06,0x23,0x22,0x27,0x06,0x14,0x16,0x17,0x1e,0x01,0x05,0x14,0x32,0x35,0x34,0x26,0x2f,
0x01,0x06,0x12,0x32,0x34,0x22,0x02,0x03,0x84,0xe1,0x79,0x48,0x25,0x1e,0x09,0x44,0x73,0x5f,0x2b,0x2a,0x10,0xa1,0x4b,0x16,0x66,0x6d,0x17,0x12,0x0a,0x22,0x3f,0x7e,
0x5c,0xfe,0xa6,0xd3,0x24,0x3a,0x5a,0x1b,0x08,0x99,0x99,0x94,0x52,0x3c,0x4f,0x3f,0x38,0x19,0x33,0x14,0x2e,0x0e,0x31,0xbf,0x56,0x0a,0x03,0x05,0x6b,0x06,0x22,0x22,
0x64,0x4c,0x04,0x1a,0x21,0x0c,0x01,0x01,0x41,0x64,0x2b,0x32,0x1b,0x0f,0x01,0x07,0x1b,0x01,0x32,0x93,0x00,0x01,0x00,0x3e,0x00,0x00,0x01,0xf0,0x02,0xbc,0x00,0x12,
0x00,0x00,0x33,0x23,0x11,0x33,0x15,0x36,0x33,0x32,0x16,0x15,0x11,0x23,0x11,0x34,0x26,0x23,0x22,0x0f,0x01,0xc4,0x86,0x86,0x45,0x37,0x64,0x4c,0x86,0x1e,0x2d,0x27,
0x27,0x0d,0x02,0xbc,0xe0,0x24,0x76,0x7b,0xfe,0xf1,0x01,0x0c,0x3f,0x3d,0x0c,0x04,0x00,0x02,0x00,0x3e,0x00,0x00,0x00,0xc4,0x02,0xbc,0x00,0x03,0x00,0x07,0x00,0x00,
0x33,0x11,0x33,0x11,0x03,0x35,0x33,0x15,0x3e,0x86,0x86,0x86,0x01,0xf4,0xfe,0x0c,0x02,0x34,0x88,0x88,0x00,0x02,0xff,0xde,0xff,0x1a,0x00,0xc5,0x02,0xbc,0x00,0x0a,
0x00,0x0e,0x00,0x00,0x37,0x11,0x33,0x11,0x14,0x06,0x07,0x27,0x3e,0x02,0x11,0x35,0x33,0x15,0x3f,0x86,0x47,0x6b,0x35,0x2d,0x24,0x10,0x86,0x18,0x01,0xdc,0xfe,0x23,
0x66,0x61,0x36,0x63,0x1e,0x22,0x2f,0x02,0x48,0x88,0x88,0x00,0x00,0x01,0x00,0x3e,0x00,0x00,0x01,0xf7,0x02,0xbc,0x00,0x0c,0x00,0x00,0x33,0x23,0x11,0x33,0x11,0x3f,
0x01,0x33,0x07,0x13,0x23,0x27,0x07,0xc4,0x86,0x86,0x33,0x63,0x96,0x82,0x89,0x97,0x65,0x37,0x02,0xbc,0xfe,0x72,0x09,0xbd,0xed,0xfe,0xf9,0xc3,0x09,0x00,0x00,0x00,
0x00,0x01,0x00,0x44,0x00,0x00,0x00,0xca,0x02,0xbc,0x00,0x03,0x00,0x00,0x33,0x11,0x33,0x11,0x44,0x86,0x02,0xbc,0xfd,0x44,0x00,0x01,0x00,0x3e,0x00,0x00,0x03,0x0e,
0x02,0x00,0x00,0x21,0x00,0x00,0x33,0x23,0x11,0x33,0x15,0x36,0x33,0x32,0x17,0x36,0x33,0x32,0x16,0x15,0x11,0x23,0x11,0x34,0x26,0x23,0x22,0x0f,0x01,0x16,0x15,0x11,
0x23,0x11,0x34,0x26,0x23,0x22,0x0f,0x01,0xc4,0x86,0x85,0x45,0x31,0x51,0x2c,0x5c,0x4c,0x63,0x4d,0x86,0x1c,0x2a,0x20,0x2e,0x0f,0x04,0x86,0x1a,0x2c,0x27,0x26,0x0c,
0x01,0xf4,0x1c,0x28,0x2f,0x2f,0x73,0x7e,0xfe,0xf1,0x01,0x0b,0x40,0x3d,0x0e,0x05,0x4b,0x27,0xfe,0xfd,0x01,0x01,0x4a,0x3d,0x0e,0x04,0x00,0x00,0x00,0x01,0x00,0x3e,
0x00,0x00,0x01,0xf0,0x02,0x00,0x00,0x12,0x00,0x00,0x33,0x23,0x11,0x33,0x15,0x36,0x33,0x32,0x16,0x15,0x11,0x23,0x11,0x34,0x26,0x23,0x22,0x0f,0x01,0xc4,0x86,0x85,
0x44,0x39,0x64,0x4c,0x86,0x1e,0x2d,0x29,0x26,0x0c,0x01,0xf4,0x1c,0x28,0x76,0x7b,0xfe,0xf1,0x01,0x0b,0x40,0x3d,0x0e,0x04,0x00,0x02,0x00,0x24,0xff,0xf4,0x01,0xf0,
0x02,0x00,0x00,0x07,0x00,0x0f,0x00,0x00,0x12,0x32,0x16,0x15,0x10,0x20,0x11,0x34,0x12,0x32,0x36,0x34,0x26,0x22,0x06,0x14,0x8e,0xf8,0x6a,0xfe,0x34,0xb1,0x6a,0x29,
0x29,0x6a,0x29,0x02,0x00,0x89,0x7c,0xfe,0xf9,0x01,0x07,0x7c,0xfe,0xef,0x48,0x9a,0x46,0x46,0x9a,0x00,0x00,0x02,0x00,0x3e,0xff,0x2e,0x01,0xfa,0x02,0x00,0x00,0x0e,
0x00,0x19,0x00,0x00,0x17,0x11,0x33,0x15,0x36,0x33,0x32,0x16,0x10,0x06,0x23,0x22,0x2f,0x01,0x15,0x13,0x22,0x0f,0x01,0x11,0x16,0x33,0x32,0x36,0x35,0x34,0x3e,0x85,
0x41,0x31,0x65,0x60,0x6a,0x79,0x21,0x26,0x0c,0x57,0x25,0x26,0x0c,0x2d,0x1c,0x3a,0x2b,0xd2,0x02,0xc6,0x1b,0x27,0x79,0xfe,0xde,0x71,0x06,0x02,0xce,0x02,0x5a,0x0f,
0x05,0xfe,0xfa,0x06,0x44,0x52,0x8a,0x00,0x00,0x02,0x00,0x26,0xff,0x2e,0x01,0xe1,0x02,0x00,0x00,0x0c,0x00,0x17,0x00,0x00,0x17,0x22,0x26,0x10,0x36,0x33,0x32,0x1f,
0x01,0x11,0x23,0x35,0x06,0x13,0x22,0x06,0x15,0x14,0x33,0x32,0x3f,0x01,0x11,0x26,0xef,0x69,0x60,0x6f,0x89,0x3d,0x62,0x24,0x86,0x40,0x03,0x43,0x2f,0x55,0x28,0x25,
0x0d,0x25,0x0c,0x73,0x01,0x29,0x70,0x0a,0x03,0xfd,0x3b,0xe1,0x1b,0x01,0x98,0x45,0x54,0x87,0x0a,0x03,0x01,0x0f,0x04,0x00,0x00,0x01,0x00,0x3e,0x00,0x00,0x01,0x63,
0x02,0x00,0x00,0x0a,0x00,0x00,0x33,0x11,0x33,0x15,0x36,0x37,0x15,0x06,0x0f,0x01,0x11,0x3e,0x85,0x54,0x4c,0x51,0x3a,0x14,0x01,0xf4,0x35,0x32,0x0f,0x87,0x11,0x12,
0x07,0xfe,0xb1,0x00,0x00,0x01,0x00,0x24,0xff,0xf4,0x01,0xb5,0x01,0xff,0x00,0x1b,0x00,0x00,0x01,0x26,0x22,0x06,0x14,0x1e,0x02,0x15,0x14,0x23,0x22,0x2f,0x01,0x37,
0x16,0x32,0x36,0x34,0x2e,0x02,0x34,0x36,0x33,0x32,0x1f,0x01,0x01,0xa5,0x7c,0x63,0x1d,0x27,0xa1,0x44,0xc9,0x42,0x5e,0x20,0x04,0x7c,0x61,0x23,0x25,0x9b,0x4c,0x6c,
0x55,0x3b,0x66,0x21,0x01,0x77,0x10,0x12,0x27,0x0f,0x1d,0x42,0x4a,0xa2,0x12,0x06,0x70,0x10,0x13,0x26,0x12,0x1a,0x3e,0x9f,0x51,0x13,0x06,0x00,0x00,0x01,0x00,0x17,
0xff,0xf4,0x01,0x54,0x02,0x7f,0x00,0x15,0x00,0x00,0x01,0x23,0x15,0x14,0x1e,0x01,0x33,0x37,0x17,0x06,0x23,0x22,0x26,0x3d,0x01,0x23,0x35,0x33,0x35,0x33,0x15,0x33,
0x01,0x53,0x7b,0x03,0x13,0x14,0x4c,0x06,0x43,0x23,0x5a,0x42,0x3b,0x3b,0x86,0x7b,0x01,0x82,0xcd,0x1e,0x19,0x12,0x02,0x6b,0x0f,0x51,0x6d,0xd0,0x72,0x8b,0x8b,0x00,
0x00,0x01,0x00,0x39,0xff,0xf4,0x01,0xeb,0x01,0xf4,0x00,0x12,0x00,0x00,0x01,0x33,0x11,0x23,0x35,0x06,0x23,0x22,0x26,0x35,0x11,0x33,0x11,0x14,0x16,0x33,0x32,0x3f,
0x01,0x01,0x65,0x86,0x85,0x48,0x35,0x68,0x48,0x86,0x18,0x2e,0x2c,0x27,0x0d,0x01,0xf4,0xfe,0x0c,0x1c,0x28,0x73,0x87,0x01,0x06,0xfe,0xf8,0x4a,0x36,0x0e,0x04,0x00,
0x00,0x01,0x00,0x0f,0x00,0x00,0x01,0xe3,0x01,0xf4,0x00,0x07,0x00,0x00,0x13,0x33,0x13,0x33,0x13,0x33,0x03,0x23,0x0f,0x8c,0x50,0x1c,0x54,0x88,0x78,0xe4,0x01,0xf4,
0xfe,0x7e,0x01,0x82,0xfe,0x0c,0x00,0x00,0x00,0x01,0x00,0x18,0x00,0x00,0x02,0xec,0x01,0xf4,0x00,0x0e,0x00,0x00,0x13,0x33,0x13,0x33,0x13,0x33,0x13,0x33,0x13,0x33,
0x03,0x23,0x0b,0x01,0x23,0x18,0x84,0x3d,0x18,0x4c,0x8a,0x4c,0x18,0x3d,0x84,0x5f,0xd2,0x39,0x39,0xd2,0x01,0xf4,0xfe,0x7e,0x01,0x78,0xfe,0x88,0x01,0x82,0xfe,0x0c,
0x01,0x32,0xfe,0xce,0x00,0x01,0x00,0x0e,0x00,0x00,0x01,0xcd,0x01,0xf4,0x00,0x0b,0x00,0x00,0x13,0x33,0x17,0x37,0x33,0x07,0x17,0x23,0x27,0x07,0x23,0x37,0x0e,0x8f,
0x50,0x51,0x8f,0x8e,0x8e,0x8f,0x51,0x50,0x8f,0x89,0x01,0xf4,0x9b,0x9b,0xf5,0xff,0x99,0x99,0xfb,0x00,0x00,0x01,0x00,0x10,0xff,0x2e,0x01,0xe5,0x01,0xf4,0x00,0x09,
0x00,0x00,0x13,0x33,0x13,0x33,0x13,0x33,0x03,0x23,0x37,0x23,0x10,0x84,0x5b,0x17,0x5b,0x84,0xb0,0x83,0x37,0x5e,0x01,0xf4,0xfe,0x7e,0x01,0x82,0xfd,0x3a,0xd2,0x00,
0x00,0x01,0x00,0x29,0x00,0x00,0x01,0x9c,0x01,0xf4,0x00,0x09,0x00,0x00,0x13,0x35,0x21,0x15,0x03,0x33,0x15,0x21,0x35,0x13,0x29,0x01,0x73,0xd2,0xd2,0xfe,0x8d,0xd2,
0x01,0x7c,0x78,0x78,0xfe,0xfc,0x78,0x78,0x01,0x04,0x00,0x00,0x00,0x01,0x00,0x10,0xff,0x7a,0x01,0x45,0x02,0xf9,0x00,0x1c,0x00,0x00,0x13,0x17,0x14,0x06,0x07,0x1e,
0x01,0x15,0x07,0x14,0x16,0x17,0x15,0x2e,0x01,0x35,0x37,0x34,0x27,0x35,0x36,0x35,0x27,0x34,0x36,0x37,0x15,0x0e,0x01,0xfb,0x07,0x29,0x47,0x46,0x2b,0x07,0x1d,0x2a,
0x6f,0x5b,0x07,0x70,0x70,0x07,0x5b,0x71,0x2b,0x1f,0x02,0x40,0x80,0x3f,0x36,0x11,0x11,0x3d,0x40,0x75,0x22,0x26,0x03,0x72,0x04,0x4e,0x5a,0x79,0x49,0x1d,0x68,0x1a,
0x44,0x7f,0x5f,0x4c,0x04,0x72,0x04,0x22,0x00,0x01,0x00,0x43,0xff,0x2e,0x00,0xc9,0x02,0xbc,0x00,0x03,0x00,0x00,0x17,0x11,0x33,0x11,0x43,0x86,0xd2,0x03,0x8e,0xfc,
0x72,0x00,0x00,0x00,0x00,0x01,0x00,0x24,0xff,0x7a,0x01,0x59,0x02,0xf9,0x00,0x1c,0x00,0x00,0x37,0x27,0x34,0x36,0x37,0x2e,0x01,0x35,0x37,0x34,0x26,0x27,0x35,0x1e,
0x01,0x15,0x07,0x14,0x17,0x15,0x06,0x15,0x17,0x14,0x06,0x07,0x35,0x3e,0x01,0x6d,0x07,0x2b,0x46,0x47,0x29,0x07,0x1f,0x2b,0x71,0x5b,0x07,0x70,0x70,0x07,0x5b,0x6f,
0x2a,0x1d,0x37,0x75,0x40,0x3d,0x11,0x11,0x36,0x3f,0x80,0x21,0x22,0x04,0x72,0x04,0x4c,0x5f,0x7f,0x44,0x1a,0x68,0x1d,0x49,0x79,0x5a,0x4e,0x04,0x72,0x03,0x26,0x00,
0x00,0x01,0x00,0x3d,0x00,0xaa,0x01,0xf1,0x01,0x4e,0x00,0x11,0x00,0x00,0x24,0x22,0x26,0x22,0x06,0x0f,0x01,0x27,0x36,0x33,0x32,0x16,0x33,0x32,0x3f,0x01,0x17,0x06,
0x01,0x9b,0x38,0x9e,0x26,0x37,0x10,0x11,0x0a,0x3f,0x3c,0x1c,0x98,0x14,0x25,0x33,0x11,0x08,0x13,0xaa,0x2c,0x14,0x0a,0x09,0x6b,0x34,0x2c,0x1c,0x0a,0x6b,0x13,0x00,
0x00,0x02,0x00,0x3b,0xff,0x4c,0x00,0xcc,0x01,0xf4,0x00,0x03,0x00,0x07,0x00,0x00,0x13,0x15,0x23,0x35,0x17,0x13,0x23,0x13,0xcc,0x90,0x83,0x0d,0x91,0x0e,0x01,0xf4,
0xa1,0xa1,0xfa,0xfe,0x52,0x01,0xae,0x00,0x00,0x01,0x00,0x58,0xff,0xb5,0x01,0xcb,0x02,0x3b,0x00,0x14,0x00,0x00,0x05,0x35,0x26,0x10,0x37,0x35,0x33,0x15,0x17,0x07,
0x26,0x22,0x06,0x14,0x16,0x33,0x37,0x17,0x06,0x07,0x15,0x01,0x0e,0xb6,0xb6,0x6e,0x4f,0x04,0x4f,0x65,0x33,0x34,0x3f,0x74,0x04,0x27,0x28,0x4b,0x68,0x0d,0x01,0x9d,
0x0f,0x65,0x69,0x0d,0x64,0x03,0x31,0x72,0x32,0x04,0x64,0x0a,0x03,0x6d,0x00,0x00,0x00,0x01,0x00,0x4b,0x00,0x00,0x01,0xef,0x02,0x9f,0x00,0x1b,0x00,0x00,0x01,0x22,
0x1d,0x01,0x33,0x15,0x23,0x15,0x33,0x37,0x17,0x07,0x21,0x35,0x33,0x35,0x23,0x35,0x33,0x35,0x34,0x36,0x33,0x32,0x1f,0x01,0x07,0x26,0x01,0x4d,0x34,0x99,0x99,0x7c,
0x45,0x15,0x51,0xfe,0xad,0x4a,0x40,0x40,0x50,0x56,0x43,0x40,0x16,0x04,0x44,0x02,0x27,0x41,0x35,0x72,0xcd,0x10,0x70,0x12,0x72,0xcd,0x72,0x3b,0x68,0x4b,0x12,0x06,
0x68,0x08,0x00,0x00,0x00,0x02,0x00,0x1e,0x00,0x02,0x02,0x12,0x01,0xf6,0x00,0x17,0x00,0x1f,0x00,0x00,0x24,0x22,0x27,0x07,0x27,0x37,0x26,0x34,0x37,0x27,0x37,0x17,
0x36,0x32,0x17,0x37,0x17,0x07,0x16,0x14,0x07,0x17,0x07,0x27,0x26,0x32,0x36,0x34,0x26,0x22,0x06,0x14,0x01,0x45,0x5a,0x28,0x49,0x5c,0x48,0x13,0x13,0x48,0x5c,0x48,
0x28,0x5b,0x28,0x49,0x5c,0x49,0x14,0x14,0x49,0x5c,0x49,0x78,0x46,0x33,0x33,0x46,0x33,0x37,0x14,0x49,0x5c,0x48,0x29,0x59,0x29,0x49,0x5c,0x49,0x14,0x14,0x49,0x5c,
0x49,0x28,0x5b,0x28,0x48,0x5c,0x49,0x5b,0x33,0x46,0x33,0x33,0x46,0x00,0x00,0x00,0x00,0x01,0x00,0x05,0x00,0x00,0x02,0x2c,0x02,0x94,0x00,0x16,0x00,0x00,0x13,0x35,
0x33,0x03,0x33,0x17,0x37,0x33,0x03,0x33,0x15,0x23,0x15,0x33,0x15,0x23,0x15,0x23,0x35,0x23,0x35,0x33,0x35,0x3a,0x5c,0x91,0x99,0x7b,0x7a,0x99,0x8f,0x59,0x97,0x97,
0x97,0x8a,0x9b,0x9b,0x01,0x23,0x70,0x01,0x01,0xd3,0xd3,0xfe,0xff,0x70,0x2d,0x70,0x86,0x86,0x70,0x2d,0x00,0x02,0x00,0x45,0xff,0x2e,0x00,0xcb,0x02,0xbc,0x00,0x03,
0x00,0x07,0x00,0x00,0x13,0x33,0x11,0x23,0x15,0x33,0x11,0x23,0x45,0x86,0x86,0x86,0x86,0x02,0xbc,0xfe,0x8c,0x9e,0xfe,0x84,0x00,0x02,0x00,0x25,0xff,0x42,0x01,0xdb,
0x02,0x7e,0x00,0x26,0x00,0x32,0x00,0x00,0x01,0x26,0x22,0x06,0x15,0x14,0x1e,0x02,0x14,0x07,0x1e,0x01,0x15,0x14,0x06,0x23,0x22,0x2f,0x01,0x37,0x16,0x32,0x36,0x34,
0x2e,0x02,0x35,0x34,0x36,0x37,0x26,0x35,0x34,0x33,0x32,0x1f,0x01,0x01,0x06,0x14,0x1e,0x01,0x17,0x36,0x35,0x34,0x2e,0x02,0x01,0xbc,0x71,0x6a,0x26,0x36,0xac,0x3e,
0x32,0x14,0x12,0x67,0x72,0x38,0x63,0x1f,0x0d,0x6c,0x6b,0x2f,0x32,0xb4,0x44,0x28,0x18,0x2c,0xd9,0x40,0x54,0x1c,0xfe,0xfb,0x11,0x17,0x4f,0x2f,0x12,0x20,0x39,0x32,
0x01,0xfa,0x10,0x1c,0x25,0x16,0x17,0x2a,0x3a,0x8b,0x47,0x13,0x2c,0x2e,0x61,0x56,0x12,0x05,0x6c,0x0f,0x1b,0x39,0x18,0x2d,0x3f,0x47,0x23,0x4f,0x14,0x20,0x4c,0xb7,
0x12,0x06,0xfe,0xc8,0x1a,0x43,0x16,0x16,0x10,0x17,0x32,0x19,0x19,0x0f,0x0c,0x00,0x00,0x02,0xff,0xe2,0x02,0x54,0x01,0x3a,0x02,0xd8,0x00,0x03,0x00,0x07,0x00,0x00,
0x03,0x35,0x33,0x15,0x33,0x35,0x33,0x15,0x1e,0x80,0x58,0x80,0x02,0x54,0x84,0x84,0x84,0x84,0x00,0x00,0x00,0x03,0x00,0x2e,0x00,0x96,0x02,0x55,0x02,0xce,0x00,0x07,
0x00,0x0f,0x00,0x21,0x00,0x00,0x36,0x26,0x34,0x36,0x32,0x16,0x14,0x06,0x00,0x14,0x16,0x32,0x36,0x34,0x26,0x22,0x13,0x06,0x22,0x26,0x34,0x36,0x33,0x32,0x1f,0x01,
0x07,0x26,0x22,0x06,0x15,0x14,0x33,0x37,0xcb,0x9d,0x9c,0xf3,0x98,0x98,0xfe,0xaf,0x7a,0xb7,0x7a,0x7b,0xb5,0xb7,0x1c,0x7d,0x3b,0x3d,0x47,0x27,0x1f,0x0a,0x07,0x23,
0x34,0x0f,0x23,0x43,0x96,0xa4,0xf3,0xa1,0xa5,0xf2,0xa1,0x01,0x79,0xba,0x83,0x82,0xba,0x84,0xfe,0x8d,0x12,0x48,0xbb,0x46,0x0c,0x03,0x56,0x06,0x1c,0x24,0x4b,0x05,
0x00,0x02,0x00,0x2a,0x01,0x39,0x01,0x71,0x02,0x93,0x00,0x16,0x00,0x1e,0x00,0x00,0x01,0x15,0x16,0x17,0x07,0x22,0x26,0x27,0x06,0x22,0x26,0x35,0x34,0x3f,0x01,0x35,
0x34,0x23,0x07,0x27,0x36,0x32,0x16,0x07,0x32,0x37,0x35,0x07,0x06,0x15,0x14,0x01,0x5f,0x08,0x0a,0x02,0x44,0x2f,0x0c,0x2a,0x64,0x38,0x7f,0x43,0x2c,0x83,0x03,0x46,
0x94,0x4b,0xa3,0x12,0x1e,0x2f,0x20,0x02,0x20,0x8d,0x06,0x02,0x52,0x0f,0x12,0x20,0x3b,0x33,0x5f,0x06,0x03,0x16,0x0f,0x07,0x4b,0x1a,0x31,0xd0,0x10,0x28,0x03,0x03,
0x18,0x1a,0x00,0x00,0x00,0x02,0x00,0x28,0x00,0x17,0x02,0x22,0x01,0xc6,0x00,0x06,0x00,0x0d,0x00,0x00,0x01,0x07,0x17,0x15,0x27,0x35,0x37,0x05,0x07,0x17,0x15,0x27,
0x35,0x37,0x01,0x07,0x6d,0x6d,0xdf,0xdf,0x01,0x1b,0x6d,0x6d,0xdf,0xdf,0x01,0x3f,0x4b,0x56,0x87,0xab,0x60,0xa4,0x87,0x4b,0x56,0x87,0xab,0x60,0xa4,0x00,0x00,0x00,
0x00,0x01,0x00,0x39,0x00,0x68,0x01,0xed,0x01,0x66,0x00,0x05,0x00,0x00,0x13,0x21,0x15,0x23,0x35,0x21,0x39,0x01,0xb4,0x78,0xfe,0xc4,0x01,0x66,0xfe,0x86,0x00,0x00,
0x00,0x04,0x00,0x2e,0x00,0x96,0x02,0x55,0x02,0xce,0x00,0x07,0x00,0x0f,0x00,0x1c,0x00,0x22,0x00,0x00,0x36,0x26,0x34,0x36,0x32,0x16,0x14,0x06,0x00,0x14,0x16,0x32,
0x36,0x34,0x26,0x22,0x13,0x15,0x23,0x11,0x33,0x32,0x16,0x14,0x06,0x07,0x17,0x23,0x2f,0x01,0x15,0x33,0x32,0x34,0x23,0xcb,0x9d,0x9c,0xf2,0x99,0x97,0xfe,0xae,0x7c,
0xb5,0x7a,0x7b,0xb5,0x42,0x60,0x88,0x34,0x3e,0x10,0x16,0x29,0x64,0x1c,0x1e,0x1c,0x22,0x23,0x96,0xa3,0xf4,0xa1,0xa5,0xf2,0xa1,0x01,0x78,0xb8,0x84,0x83,0xb9,0x84,
0xfe,0xdf,0x5d,0x01,0x3b,0x33,0x5d,0x2b,0x12,0x6e,0x5d,0x96,0x4f,0x4f,0x00,0x00,0x00,0x01,0xff,0xfb,0x02,0x55,0x01,0x1a,0x02,0xb9,0x00,0x03,0x00,0x00,0x03,0x35,
0x21,0x15,0x05,0x01,0x1f,0x02,0x55,0x64,0x64,0x00,0x00,0x00,0x00,0x02,0x00,0x82,0x01,0x89,0x01,0xae,0x02,0xb4,0x00,0x07,0x00,0x0f,0x00,0x00,0x12,0x34,0x36,0x32,
0x16,0x14,0x06,0x22,0x26,0x14,0x16,0x32,0x36,0x34,0x26,0x22,0x82,0x53,0x86,0x53,0x53,0x86,0x08,0x29,0x44,0x2b,0x2b,0x44,0x01,0xdb,0x86,0x53,0x53,0x86,0x52,0xb7,
0x44,0x2a,0x2a,0x44,0x2b,0x00,0x00,0x00,0x00,0x02,0x00,0x32,0x00,0x13,0x01,0xfe,0x01,0xf2,0x00,0x0b,0x00,0x0f,0x00,0x00,0x13,0x35,0x33,0x35,0x33,0x15,0x33,0x15,
0x23,0x15,0x23,0x35,0x07,0x21,0x15,0x21,0x32,0xa9,0x78,0xab,0xab,0x78,0xa9,0x01,0xcc,0xfe,0x34,0x01,0x0e,0x78,0x6c,0x6c,0x78,0x64,0x64,0x83,0x78,0x00,0x00,0x00,
0x00,0x01,0x00,0x15,0x01,0xde,0x00,0xfc,0x03,0x21,0x00,0x11,0x00,0x00,0x13,0x23,0x35,0x37,0x36,0x35,0x34,0x23,0x07,0x27,0x36,0x32,0x16,0x14,0x06,0x0f,0x01,0x33,
0xfc,0xe7,0x49,0x2e,0x25,0x4c,0x04,0x49,0x6a,0x32,0x1a,0x1e,0x26,0x5e,0x01,0xde,0x5a,0x3b,0x25,0x14,0x0f,0x06,0x63,0x09,0x2e,0x57,0x2d,0x16,0x1c,0x00,0x00,0x00,
0x00,0x01,0x00,0x14,0x01,0xd3,0x01,0x03,0x03,0x21,0x00,0x18,0x00,0x00,0x13,0x32,0x15,0x14,0x07,0x16,0x15,0x14,0x23,0x27,0x37,0x16,0x32,0x35,0x34,0x2b,0x01,0x35,
0x33,0x32,0x34,0x23,0x07,0x27,0x36,0x84,0x79,0x1d,0x23,0x76,0x79,0x06,0x3d,0x3e,0x1a,0x42,0x40,0x14,0x1b,0x54,0x06,0x44,0x03,0x21,0x59,0x35,0x11,0x0f,0x37,0x69,
0x08,0x5d,0x06,0x10,0x0e,0x55,0x1d,0x05,0x5b,0x09,0x00,0x00,0x00,0x01,0x00,0x05,0x02,0x34,0x01,0x29,0x02,0xf1,0x00,0x03,0x00,0x00,0x13,0x37,0x17,0x05,0x05,0xfc,
0x28,0xfe,0xfa,0x02,0x8b,0x66,0x73,0x4a,0x00,0x01,0x00,0x3f,0xff,0x2e,0x01,0xf1,0x01,0xf4,0x00,0x13,0x00,0x00,0x01,0x33,0x11,0x23,0x35,0x06,0x23,0x22,0x27,0x15,
0x23,0x11,0x33,0x11,0x1e,0x01,0x33,0x32,0x3f,0x01,0x01,0x6b,0x86,0x85,0x48,0x35,0x17,0x13,0x86,0x86,0x01,0x1a,0x2b,0x2c,0x27,0x0d,0x01,0xf4,0xfe,0x0c,0x1c,0x28,
0x03,0xc9,0x02,0xc6,0xfe,0xdf,0x3a,0x2d,0x0e,0x04,0x00,0x00,0x00,0x01,0x00,0x1c,0x00,0x00,0x02,0x23,0x02,0xa8,0x00,0x0f,0x00,0x00,0x21,0x11,0x23,0x11,0x23,0x11,
0x23,0x22,0x26,0x34,0x36,0x33,0x21,0x15,0x23,0x11,0x01,0x8d,0x3e,0x72,0x07,0x54,0x66,0x68,0x54,0x01,0x4b,0x24,0x02,0x36,0xfd,0xca,0x01,0x1e,0x6d,0xae,0x6f,0x72,
0xfd,0xca,0x00,0x00,0x00,0x01,0x00,0x38,0x00,0xa7,0x00,0xc8,0x01,0x4d,0x00,0x03,0x00,0x00,0x37,0x35,0x33,0x15,0x38,0x90,0xa7,0xa6,0xa6,0x00,0x00,0x01,0x00,0x1e,
0xff,0x0f,0x00,0xea,0x00,0x01,0x00,0x12,0x00,0x00,0x1e,0x01,0x14,0x06,0x23,0x22,0x2f,0x01,0x37,0x16,0x33,0x32,0x35,0x34,0x2b,0x01,0x35,0x33,0x15,0xaf,0x3b,0x3a,
0x35,0x2c,0x23,0x0e,0x04,0x1f,0x11,0x26,0x26,0x18,0x35,0x26,0x24,0x6e,0x39,0x08,0x03,0x4e,0x01,0x1a,0x16,0x6a,0x26,0x00,0x00,0x01,0x00,0x0a,0x01,0xde,0x00,0xd4,
0x03,0x16,0x00,0x06,0x00,0x00,0x13,0x11,0x23,0x35,0x07,0x27,0x37,0xd4,0x6a,0x2f,0x31,0x6a,0x03,0x16,0xfe,0xc8,0xc3,0x20,0x4a,0x4b,0x00,0x00,0x00,0x02,0x00,0x28,
0x01,0x3a,0x01,0x7c,0x02,0x93,0x00,0x05,0x00,0x0d,0x00,0x00,0x13,0x32,0x10,0x23,0x22,0x10,0x16,0x32,0x36,0x34,0x26,0x22,0x06,0x14,0xd3,0xa9,0xa9,0xab,0x8e,0x3a,
0x13,0x13,0x3a,0x16,0x02,0x93,0xfe,0xa7,0x01,0x59,0xf0,0x20,0x4a,0x1e,0x1f,0x48,0x00,0x02,0x00,0x37,0x00,0x17,0x02,0x31,0x01,0xc6,0x00,0x06,0x00,0x0d,0x00,0x00,
0x25,0x27,0x35,0x17,0x15,0x07,0x35,0x2f,0x01,0x35,0x17,0x15,0x07,0x35,0x01,0xbf,0x6d,0xdf,0xdf,0xae,0x6d,0xdf,0xdf,0xf4,0x4b,0x87,0xa4,0x60,0xab,0x87,0x56,0x4b,
0x87,0xa4,0x60,0xab,0x87,0x00,0x00,0x00,0x00,0x03,0x00,0x12,0xff,0x9c,0x02,0x0d,0x03,0x16,0x00,0x06,0x00,0x0a,0x00,0x19,0x00,0x00,0x13,0x11,0x23,0x35,0x07,0x27,
0x37,0x03,0x01,0x17,0x01,0x05,0x35,0x23,0x35,0x37,0x33,0x07,0x33,0x37,0x33,0x15,0x33,0x15,0x23,0x15,0xdc,0x6a,0x2f,0x31,0x6a,0x5f,0x01,0x89,0x35,0xfe,0x77,0x01,
0x47,0x84,0x27,0x76,0x34,0x1b,0x0e,0x5b,0x0b,0x0b,0x03,0x16,0xfe,0xc8,0xc3,0x20,0x4a,0x4b,0xfd,0x07,0x02,0x78,0x23,0xfd,0x87,0x5d,0x23,0x58,0xbd,0xb6,0x5a,0x5a,
0x5f,0x23,0x00,0x00,0x00,0x03,0x00,0x12,0xff,0x9c,0x02,0x00,0x03,0x16,0x00,0x06,0x00,0x0a,0x00,0x1c,0x00,0x00,0x13,0x11,0x23,0x35,0x07,0x27,0x37,0x03,0x01,0x17,
0x01,0x05,0x23,0x35,0x37,0x36,0x35,0x34,0x23,0x07,0x27,0x36,0x32,0x16,0x14,0x06,0x0f,0x01,0x33,0xdc,0x6a,0x2f,0x31,0x6a,0x5f,0x01,0x89,0x35,0xfe,0x77,0x01,0xae,
0xe7,0x49,0x2e,0x25,0x4c,0x04,0x49,0x6a,0x32,0x1a,0x1e,0x26,0x5e,0x03,0x16,0xfe,0xc8,0xc3,0x20,0x4a,0x4b,0xfd,0x07,0x02,0x78,0x23,0xfd,0x87,0x5d,0x5a,0x3b,0x25,
0x14,0x0f,0x06,0x63,0x09,0x2e,0x57,0x2d,0x16,0x1c,0x00,0x00,0x00,0x03,0x00,0x24,0xff,0x9c,0x02,0x1b,0x03,0x21,0x00,0x18,0x00,0x1c,0x00,0x2b,0x00,0x00,0x13,0x32,
0x15,0x14,0x07,0x16,0x15,0x14,0x23,0x27,0x37,0x16,0x32,0x35,0x34,0x2b,0x01,0x35,0x33,0x32,0x34,0x23,0x07,0x27,0x36,0x03,0x01,0x17,0x01,0x05,0x35,0x23,0x35,0x37,
0x33,0x07,0x33,0x37,0x33,0x15,0x33,0x15,0x23,0x15,0x94,0x79,0x1d,0x23,0x76,0x79,0x06,0x3d,0x3e,0x1a,0x42,0x40,0x14,0x1b,0x54,0x06,0x44,0x41,0x01,0x89,0x35,0xfe,
0x77,0x01,0x47,0x84,0x27,0x76,0x34,0x1b,0x0e,0x5b,0x0b,0x0b,0x03,0x21,0x59,0x35,0x11,0x0f,0x37,0x69,0x08,0x5d,0x06,0x10,0x0e,0x55,0x1d,0x05,0x5b,0x09,0xfc,0xfc,
0x02,0x78,0x23,0xfd,0x87,0x5d,0x23,0x58,0xbd,0xb6,0x5a,0x5a,0x5f,0x23,0x00,0x00,0x00,0x02,0x00,0x1d,0xff,0x40,0x01,0x94,0x01,0xf4,0x00,0x15,0x00,0x19,0x00,0x00,
0x16,0x26,0x34,0x3e,0x02,0x3d,0x01,0x33,0x16,0x15,0x14,0x0e,0x01,0x15,0x14,0x33,0x32,0x3f,0x01,0x17,0x06,0x03,0x15,0x23,0x35,0x7e,0x61,0x1f,0x64,0x1a,0x6b,0x1f,
0x7f,0x1d,0x55,0x3c,0x3f,0x15,0x07,0x56,0x03,0x90,0xc0,0x4e,0x9c,0x47,0x4b,0x28,0x18,0x1f,0x22,0x39,0x24,0x66,0x27,0x1c,0x3b,0x0c,0x04,0x65,0x23,0x02,0xb4,0xa1,
0xa1,0x00,0x00,0x00,0x00,0x03,0x00,0x11,0x00,0x00,0x02,0x49,0x03,0xb1,0x00,0x07,0x00,0x0b,0x00,0x0f,0x00,0x00,0x33,0x13,0x21,0x13,0x23,0x27,0x23,0x07,0x13,0x03,
0x33,0x0b,0x01,0x17,0x07,0x25,0x11,0x99,0x01,0x06,0x99,0x8a,0x1b,0xee,0x1b,0x7a,0x45,0xba,0x45,0x8e,0xfc,0x21,0xfe,0xfc,0x02,0xa8,0xfd,0x58,0x7b,0x7b,0x02,0x36,
0xfe,0xbd,0x01,0x43,0x01,0x7b,0x6a,0x5d,0x4f,0x00,0x00,0x00,0x00,0x03,0x00,0x11,0x00,0x00,0x02,0x49,0x03,0xb1,0x00,0x07,0x00,0x0b,0x00,0x0f,0x00,0x00,0x33,0x13,
0x21,0x13,0x23,0x27,0x23,0x07,0x13,0x03,0x33,0x0b,0x01,0x37,0x17,0x05,0x11,0x99,0x01,0x06,0x99,0x8a,0x1b,0xee,0x1b,0x7a,0x45,0xba,0x45,0xa3,0xfc,0x29,0xfe,0xfc,
0x02,0xa8,0xfd,0x58,0x7b,0x7b,0x02,0x36,0xfe,0xbd,0x01,0x43,0x01,0x11,0x6a,0x78,0x4f,0x00,0x00,0x00,0x00,0x03,0x00,0x11,0x00,0x00,0x02,0x49,0x03,0x92,0x00,0x07,
0x00,0x0b,0x00,0x12,0x00,0x00,0x33,0x13,0x21,0x13,0x23,0x27,0x23,0x07,0x13,0x03,0x33,0x03,0x27,0x37,0x33,0x17,0x23,0x27,0x07,0x11,0x99,0x01,0x06,0x99,0x8a,0x1b,
0xee,0x1b,0x7a,0x45,0xba,0x45,0xda,0x86,0x75,0x86,0x8e,0x31,0x34,0x02,0xa8,0xfd,0x58,0x7b,0x7b,0x02,0x36,0xfe,0xbd,0x01,0x43,0xc7,0x95,0x95,0x38,0x38,0x00,0x00,
0x00,0x03,0x00,0x11,0x00,0x00,0x02,0x49,0x03,0x9a,0x00,0x07,0x00,0x0b,0x00,0x1d,0x00,0x00,0x33,0x13,0x21,0x13,0x23,0x27,0x23,0x07,0x13,0x03,0x33,0x03,0x36,0x22,
0x26,0x23,0x22,0x0f,0x01,0x27,0x3e,0x01,0x32,0x16,0x33,0x32,0x3f,0x01,0x17,0x06,0x11,0x99,0x01,0x06,0x99,0x8a,0x1b,0xee,0x1b,0x7a,0x45,0xba,0x45,0x4e,0x34,0x7f,
0x0d,0x19,0x2a,0x0e,0x1d,0x14,0x3f,0x3b,0x7a,0x0b,0x17,0x2b,0x0f,0x1d,0x15,0x02,0xa8,0xfd,0x58,0x7b,0x7b,0x02,0x36,0xfe,0xbd,0x01,0x43,0xc0,0x2e,0x20,0x0a,0x60,
0x18,0x28,0x2e,0x20,0x0a,0x61,0x18,0x00,0x00,0x04,0x00,0x11,0x00,0x00,0x02,0x49,0x03,0x80,0x00,0x07,0x00,0x0b,0x00,0x0f,0x00,0x13,0x00,0x00,0x33,0x13,0x21,0x13,
0x23,0x27,0x23,0x07,0x13,0x03,0x33,0x03,0x27,0x35,0x33,0x15,0x33,0x35,0x33,0x15,0x11,0x99,0x01,0x06,0x99,0x8a,0x1b,0xee,0x1b,0x7a,0x45,0xba,0x45,0xc4,0x80,0x56,
0x80,0x02,0xa8,0xfd,0x58,0x7b,0x7b,0x02,0x36,0xfe,0xbd,0x01,0x43,0xc6,0x84,0x84,0x84,0x84,0x00,0x00,0x00,0x03,0x00,0x11,0x00,0x00,0x02,0x49,0x03,0x4f,0x00,0x0f,
0x00,0x13,0x00,0x1d,0x00,0x00,0x01,0x14,0x07,0x13,0x23,0x27,0x23,0x07,0x23,0x13,0x26,0x35,0x34,0x36,0x32,0x16,0x07,0x03,0x33,0x03,0x26,0x06,0x14,0x16,0x17,0x33,
0x32,0x36,0x34,0x26,0x01,0xc3,0x0f,0x95,0x8a,0x1b,0xee,0x1b,0x8a,0x95,0x0f,0x56,0x80,0x56,0xae,0x45,0xba,0x45,0x33,0x20,0x1c,0x19,0x06,0x1b,0x20,0x20,0x02,0xd1,
0x1f,0x1c,0xfd,0x6a,0x7b,0x7b,0x02,0x96,0x1a,0x21,0x3b,0x43,0x43,0xd6,0xfe,0xbd,0x01,0x43,0xc4,0x16,0x25,0x16,0x01,0x16,0x26,0x16,0x00,0x00,0x00,0x02,0x00,0x0c,
0x00,0x00,0x03,0x3e,0x02,0xb2,0x00,0x0f,0x00,0x13,0x00,0x00,0x21,0x35,0x23,0x07,0x23,0x13,0x21,0x15,0x21,0x15,0x33,0x15,0x23,0x15,0x21,0x15,0x01,0x03,0x33,0x13,
0x01,0x88,0xd5,0x1d,0x8a,0xb8,0x02,0x7a,0xfe,0xd2,0xf2,0xf2,0x01,0x2e,0xfd,0xe7,0x50,0xb3,0x01,0x74,0x74,0x02,0xb2,0x84,0x8f,0x83,0x98,0x84,0x02,0x2e,0xfe,0xcb,
0x01,0x35,0x00,0x00,0x00,0x01,0x00,0x2f,0xff,0x0f,0x01,0xfa,0x02,0xb4,0x00,0x24,0x00,0x00,0x04,0x16,0x14,0x06,0x23,0x22,0x2f,0x01,0x37,0x16,0x33,0x32,0x35,0x34,
0x2b,0x01,0x35,0x2e,0x01,0x10,0x36,0x33,0x32,0x17,0x07,0x26,0x22,0x0e,0x01,0x14,0x16,0x32,0x37,0x17,0x06,0x07,0x15,0x01,0x7b,0x3b,0x3a,0x35,0x2b,0x24,0x0e,0x04,
0x1f,0x11,0x26,0x26,0x18,0x7c,0x5b,0x6f,0x95,0x56,0x71,0x04,0x63,0x83,0x38,0x1b,0x37,0xa5,0x5d,0x03,0x5e,0x60,0x26,0x24,0x6e,0x39,0x08,0x03,0x4e,0x01,0x1a,0x16,
0x5f,0x0c,0xa4,0x01,0x73,0x9b,0x1b,0x6e,0x0f,0x23,0x62,0xec,0x5b,0x0e,0x71,0x15,0x02,0x19,0x00,0x00,0x00,0x02,0x00,0x4a,0x00,0x00,0x02,0x02,0x03,0xb1,0x00,0x0b,
0x00,0x0f,0x00,0x00,0x33,0x11,0x21,0x15,0x21,0x15,0x33,0x15,0x23,0x15,0x21,0x15,0x01,0x17,0x07,0x25,0x4a,0x01,0xb8,0xfe,0xd2,0xf2,0xf2,0x01,0x2e,0xfe,0xb2,0xfc,
0x21,0xfe,0xfc,0x02,0xa8,0x78,0x9f,0x76,0xa3,0x78,0x03,0xb1,0x6a,0x5d,0x4f,0x00,0x00,0x02,0x00,0x4a,0x00,0x00,0x02,0x02,0x03,0xb1,0x00,0x0b,0x00,0x0f,0x00,0x00,
0x33,0x11,0x21,0x15,0x21,0x15,0x33,0x15,0x23,0x15,0x21,0x15,0x01,0x37,0x17,0x05,0x4a,0x01,0xb8,0xfe,0xd2,0xf2,0xf2,0x01,0x2e,0xfe,0x98,0xfc,0x29,0xfe,0xfc,0x02,
0xa8,0x78,0x9f,0x76,0xa3,0x78,0x03,0x47,0x6a,0x78,0x4f,0x00,0x00,0x02,0x00,0x4a,0x00,0x00,0x02,0x02,0x03,0x92,0x00,0x0b,0x00,0x12,0x00,0x00,0x33,0x11,0x21,0x15,
0x21,0x15,0x33,0x15,0x23,0x15,0x21,0x15,0x01,0x37,0x33,0x17,0x23,0x27,0x07,0x4a,0x01,0xb8,0xfe,0xd2,0xf2,0xf2,0x01,0x2e,0xfe,0x67,0x86,0x75,0x86,0x8e,0x31,0x34,
0x02,0xa8,0x78,0x9f,0x76,0xa3,0x78,0x02,0xfd,0x95,0x95,0x38,0x38,0x00,0x00,0x00,0x00,0x03,0x00,0x4a,0x00,0x00,0x02,0x02,0x03,0x80,0x00,0x0b,0x00,0x0f,0x00,0x13,
0x00,0x00,0x33,0x11,0x21,0x15,0x21,0x15,0x33,0x15,0x23,0x15,0x21,0x15,0x01,0x35,0x33,0x15,0x33,0x35,0x33,0x15,0x4a,0x01,0xb8,0xfe,0xd2,0xf2,0xf2,0x01,0x2e,0xfe,
0x79,0x80,0x56,0x80,0x02,0xa8,0x78,0x9f,0x76,0xa3,0x78,0x02,0xfc,0x84,0x84,0x84,0x84,0x00,0x00,0x00,0x00,0x02,0xff,0xe8,0x00,0x00,0x01,0x0d,0x03,0xb1,0x00,0x03,
0x00,0x07,0x00,0x00,0x33,0x11,0x33,0x11,0x03,0x17,0x07,0x25,0x4a,0x8a,0xc3,0xfc,0x21,0xfe,0xfc,0x02,0xa8,0xfd,0x58,0x03,0xb1,0x6a,0x5d,0x4f,0x00,0x02,0x00,0x07,
0x00,0x00,0x01,0x2c,0x03,0xb1,0x00,0x03,0x00,0x07,0x00,0x00,0x33,0x11,0x33,0x11,0x03,0x37,0x17,0x05,0x4a,0x8a,0xcd,0xfc,0x29,0xfe,0xfc,0x02,0xa8,0xfd,0x58,0x03,
0x47,0x6a,0x78,0x4f,0x00,0x02,0xff,0xce,0x00,0x00,0x01,0x4f,0x03,0x92,0x00,0x03,0x00,0x0a,0x00,0x00,0x33,0x11,0x33,0x11,0x01,0x37,0x33,0x17,0x23,0x27,0x07,0x4a,
0x8a,0xfe,0xfa,0x86,0x75,0x86,0x8e,0x31,0x34,0x02,0xa8,0xfd,0x58,0x02,0xfd,0x95,0x95,0x38,0x38,0x00,0x00,0x03,0xff,0xe4,0x00,0x00,0x01,0x3a,0x03,0x80,0x00,0x03,
0x00,0x07,0x00,0x0b,0x00,0x00,0x33,0x11,0x33,0x11,0x03,0x35,0x33,0x15,0x33,0x35,0x33,0x15,0x4a,0x8a,0xf0,0x80,0x56,0x80,0x02,0xa8,0xfd,0x58,0x02,0xfc,0x84,0x84,
0x84,0x84,0x00,0x00,0x00,0x02,0x00,0x19,0x00,0x00,0x02,0x53,0x02,0xb2,0x00,0x0f,0x00,0x21,0x00,0x00,0x13,0x35,0x33,0x11,0x33,0x32,0x1e,0x02,0x14,0x0e,0x02,0x2b,
0x01,0x11,0x25,0x34,0x2e,0x02,0x27,0x26,0x2b,0x01,0x15,0x33,0x15,0x23,0x15,0x33,0x32,0x37,0x36,0x19,0x36,0xe3,0x58,0x72,0x3f,0x18,0x16,0x3d,0x74,0x5a,0xe3,0x01,
0x76,0x03,0x0a,0x14,0x10,0x1f,0x43,0x5b,0x82,0x82,0x5b,0x4b,0x23,0x25,0x01,0x15,0x84,0x01,0x19,0x26,0x57,0x75,0xb9,0x7a,0x61,0x2c,0x01,0x15,0x4d,0x2b,0x32,0x32,
0x1d,0x0c,0x15,0x96,0x84,0x92,0x26,0x29,0x00,0x02,0x00,0x4a,0x00,0x00,0x02,0x6b,0x03,0x9a,0x00,0x0b,0x00,0x1d,0x00,0x00,0x33,0x11,0x33,0x13,0x33,0x11,0x33,0x11,
0x23,0x03,0x23,0x11,0x12,0x22,0x26,0x23,0x22,0x0f,0x01,0x27,0x3e,0x01,0x32,0x16,0x33,0x32,0x3f,0x01,0x17,0x06,0x4a,0xe9,0xa4,0x0a,0x8a,0xe3,0xaa,0x0a,0xef,0x34,
0x7f,0x0d,0x19,0x2a,0x0e,0x1d,0x14,0x3f,0x3b,0x7a,0x0b,0x17,0x2b,0x0f,0x1d,0x15,0x02,0xa8,0xfd,0xd0,0x02,0x30,0xfd,0x58,0x02,0x30,0xfd,0xd0,0x02,0xf6,0x2e,0x20,
0x0a,0x60,0x18,0x28,0x2e,0x20,0x0a,0x61,0x18,0x00,0x00,0x00,0x00,0x03,0x00,0x2c,0xff,0xf4,0x02,0x60,0x03,0xb1,0x00,0x07,0x00,0x0f,0x00,0x13,0x00,0x00,0x36,0x32,
0x36,0x34,0x26,0x22,0x06,0x14,0x04,0x20,0x26,0x10,0x36,0x20,0x16,0x10,0x01,0x17,0x07,0x25,0xf5,0xa2,0x3b,0x3c,0xa0,0x3c,0x01,0x27,0xfe,0xca,0x7f,0x7f,0x01,0x36,
0x7f,0xfe,0x6c,0xfc,0x21,0xfe,0xfc,0x6c,0x69,0xf7,0x70,0x70,0xf7,0xe1,0xa9,0x01,0x68,0xaf,0xaf,0xfe,0x98,0x03,0x14,0x6a,0x5d,0x4f,0x00,0x00,0x00,0x03,0x00,0x2c,
0xff,0xf4,0x02,0x60,0x03,0xb1,0x00,0x07,0x00,0x0f,0x00,0x13,0x00,0x00,0x36,0x32,0x36,0x34,0x26,0x22,0x06,0x14,0x04,0x20,0x26,0x10,0x36,0x20,0x16,0x10,0x01,0x37,
0x17,0x05,0xf5,0xa2,0x3b,0x3c,0xa0,0x3c,0x01,0x27,0xfe,0xca,0x7f,0x7f,0x01,0x36,0x7f,0xfe,0x47,0xfc,0x29,0xfe,0xfc,0x6c,0x69,0xf7,0x70,0x70,0xf7,0xe1,0xa9,0x01,
0x68,0xaf,0xaf,0xfe,0x98,0x02,0xaa,0x6a,0x78,0x4f,0x00,0x00,0x00,0x03,0x00,0x2c,0xff,0xf4,0x02,0x60,0x03,0x92,0x00,0x07,0x00,0x0f,0x00,0x16,0x00,0x00,0x36,0x32,
0x36,0x34,0x26,0x22,0x06,0x14,0x04,0x20,0x26,0x10,0x36,0x20,0x16,0x10,0x01,0x37,0x33,0x17,0x23,0x27,0x07,0xf5,0xa2,0x3b,0x3c,0xa0,0x3c,0x01,0x27,0xfe,0xca,0x7f,
0x7f,0x01,0x36,0x7f,0xfe,0x27,0x86,0x75,0x86,0x8e,0x31,0x34,0x6c,0x69,0xf7,0x70,0x70,0xf7,0xe1,0xa9,0x01,0x68,0xaf,0xaf,0xfe,0x98,0x02,0x60,0x95,0x95,0x38,0x38,
0x00,0x03,0x00,0x2c,0xff,0xf4,0x02,0x60,0x03,0x9a,0x00,0x07,0x00,0x0f,0x00,0x21,0x00,0x00,0x36,0x32,0x36,0x34,0x26,0x22,0x06,0x14,0x04,0x20,0x26,0x10,0x36,0x20,
0x16,0x10,0x02,0x22,0x26,0x23,0x22,0x0f,0x01,0x27,0x3e,0x01,0x32,0x16,0x33,0x32,0x3f,0x01,0x17,0x06,0xf5,0xa2,0x3b,0x3c,0xa0,0x3c,0x01,0x27,0xfe,0xca,0x7f,0x7f,
0x01,0x36,0x7f,0xad,0x34,0x7f,0x0d,0x19,0x2a,0x0e,0x1d,0x14,0x3f,0x3b,0x7a,0x0b,0x17,0x2b,0x0f,0x1d,0x15,0x6c,0x69,0xf7,0x70,0x70,0xf7,0xe1,0xa9,0x01,0x68,0xaf,
0xaf,0xfe,0x98,0x02,0x59,0x2e,0x20,0x0a,0x60,0x18,0x28,0x2e,0x20,0x0a,0x61,0x18,0x00,0x04,0x00,0x2c,0xff,0xf4,0x02,0x60,0x03,0x80,0x00,0x07,0x00,0x0f,0x00,0x13,
0x00,0x17,0x00,0x00,0x36,0x32,0x36,0x34,0x26,0x22,0x06,0x14,0x04,0x20,0x26,0x10,0x36,0x20,0x16,0x10,0x01,0x35,0x33,0x15,0x33,0x35,0x33,0x15,0xf5,0xa2,0x3b,0x3c,
0xa0,0x3c,0x01,0x27,0xfe,0xca,0x7f,0x7f,0x01,0x36,0x7f,0xfe,0x3b,0x80,0x56,0x80,0x6c,0x69,0xf7,0x70,0x70,0xf7,0xe1,0xa9,0x01,0x68,0xaf,0xaf,0xfe,0x98,0x02,0x5f,
0x84,0x84,0x84,0x84,0x00,0x01,0x00,0x38,0x00,0x1a,0x01,0xf8,0x01,0xdb,0x00,0x0b,0x00,0x00,0x13,0x17,0x37,0x17,0x07,0x17,0x07,0x27,0x07,0x27,0x37,0x27,0x8e,0x8a,
0x8c,0x54,0x8f,0x8f,0x55,0x8b,0x8b,0x55,0x8e,0x8d,0x01,0xd9,0x8d,0x8f,0x55,0x8c,0x8b,0x55,0x8e,0x8d,0x54,0x8b,0x8a,0x00,0x00,0x03,0x00,0x2c,0xff,0x81,0x02,0x60,
0x03,0x2a,0x00,0x13,0x00,0x1a,0x00,0x21,0x00,0x00,0x05,0x22,0x27,0x07,0x27,0x37,0x26,0x35,0x34,0x36,0x33,0x32,0x17,0x37,0x17,0x07,0x16,0x15,0x14,0x06,0x02,0x06,
0x14,0x17,0x13,0x26,0x23,0x11,0x32,0x36,0x34,0x27,0x03,0x16,0x01,0x46,0x31,0x2f,0x3a,0x62,0x3a,0x58,0x7f,0x9b,0x3a,0x2b,0x3d,0x64,0x41,0x55,0x7f,0xeb,0x3c,0x0f,
0xad,0x18,0x18,0x51,0x3b,0x0e,0xa9,0x11,0x0c,0x0a,0x7d,0x31,0x7c,0x4e,0xd4,0xb5,0xaf,0x0c,0x82,0x2b,0x8c,0x52,0xd1,0xb3,0xa9,0x02,0x48,0x70,0xd9,0x31,0x01,0x73,
0x07,0xfe,0x30,0x69,0xd4,0x32,0xfe,0x95,0x04,0x00,0x00,0x00,0x00,0x02,0x00,0x44,0xff,0xf4,0x02,0x4a,0x03,0xb1,0x00,0x0d,0x00,0x11,0x00,0x00,0x37,0x14,0x32,0x35,
0x11,0x33,0x11,0x14,0x06,0x20,0x26,0x35,0x11,0x33,0x13,0x17,0x07,0x25,0xce,0xf2,0x8a,0x81,0xfe,0xfc,0x81,0x8a,0x0a,0xfc,0x21,0xfe,0xfc,0xe3,0x77,0x77,0x01,0xc5,
0xfe,0x3e,0x7d,0x75,0x75,0x7d,0x01,0xc2,0x01,0x09,0x6a,0x5d,0x4f,0x00,0x00,0x00,0x00,0x02,0x00,0x44,0xff,0xf4,0x02,0x4a,0x03,0xb1,0x00,0x0d,0x00,0x11,0x00,0x00,
0x37,0x14,0x32,0x35,0x11,0x33,0x11,0x14,0x06,0x20,0x26,0x35,0x11,0x33,0x27,0x37,0x17,0x05,0xce,0xf2,0x8a,0x81,0xfe,0xfc,0x81,0x8a,0x1f,0xfc,0x29,0xfe,0xfc,0xe3,
0x77,0x77,0x01,0xc5,0xfe,0x3e,0x7d,0x75,0x75,0x7d,0x01,0xc2,0x9f,0x6a,0x78,0x4f,0x00,0x02,0x00,0x44,0xff,0xf4,0x02,0x4a,0x03,0x92,0x00,0x0d,0x00,0x14,0x00,0x00,
0x37,0x14,0x32,0x35,0x11,0x33,0x11,0x14,0x06,0x20,0x26,0x35,0x11,0x33,0x27,0x37,0x33,0x17,0x23,0x27,0x07,0xce,0xf2,0x8a,0x81,0xfe,0xfc,0x81,0x8a,0x47,0x86,0x75,
0x86,0x8e,0x31,0x34,0xe3,0x77,0x77,0x01,0xc5,0xfe,0x3e,0x7d,0x75,0x75,0x7d,0x01,0xc2,0x55,0x95,0x95,0x38,0x38,0x00,0x00,0x00,0x03,0x00,0x44,0xff,0xf4,0x02,0x4a,
0x03,0x80,0x00,0x0d,0x00,0x11,0x00,0x15,0x00,0x00,0x37,0x14,0x32,0x35,0x11,0x33,0x11,0x14,0x06,0x20,0x26,0x35,0x11,0x33,0x27,0x35,0x33,0x15,0x33,0x35,0x33,0x15,
0xce,0xf2,0x8a,0x81,0xfe,0xfc,0x81,0x8a,0x32,0x80,0x56,0x80,0xe3,0x77,0x77,0x01,0xc5,0xfe,0x3e,0x7d,0x75,0x75,0x7d,0x01,0xc2,0x54,0x84,0x84,0x84,0x84,0x00,0x00,
0x00,0x02,0x00,0x00,0x00,0x00,0x02,0x2c,0x03,0xb1,0x00,0x08,0x00,0x0c,0x00,0x00,0x21,0x23,0x11,0x03,0x33,0x1b,0x01,0x33,0x0b,0x01,0x37,0x17,0x05,0x01,0x5c,0x8a,
0xd2,0x99,0x7d,0x7d,0x99,0xd0,0xd7,0xfc,0x29,0xfe,0xfc,0x01,0x13,0x01,0x95,0xfe,0xf1,0x01,0x0f,0xfe,0x6b,0x02,0x34,0x6a,0x78,0x4f,0x00,0x00,0x00,0x02,0x00,0x4a,
0x00,0x00,0x02,0x38,0x02,0xb2,0x00,0x07,0x00,0x13,0x00,0x00,0x25,0x32,0x36,0x35,0x34,0x2b,0x01,0x15,0x17,0x23,0x15,0x23,0x11,0x33,0x15,0x33,0x32,0x15,0x14,0x06,
0x01,0x43,0x33,0x36,0x69,0x6f,0x70,0x70,0x8a,0x8a,0x70,0xf4,0x7d,0xe9,0x3f,0x39,0x6b,0xe3,0x86,0x63,0x02,0xb2,0x62,0xef,0x79,0x85,0x00,0x00,0x00,0x01,0x00,0x3e,
0xff,0xf4,0x02,0x4c,0x02,0xc8,0x00,0x28,0x00,0x00,0x33,0x23,0x11,0x34,0x36,0x32,0x16,0x15,0x14,0x0e,0x02,0x14,0x1e,0x02,0x15,0x14,0x06,0x23,0x22,0x2f,0x01,0x37,
0x16,0x33,0x32,0x35,0x34,0x2e,0x02,0x34,0x3e,0x02,0x34,0x26,0x22,0x06,0x15,0xc4,0x86,0x6b,0xf0,0x72,0x2b,0x58,0x16,0x20,0x85,0x35,0x5b,0x6f,0x36,0x4c,0x18,0x04,
0x61,0x25,0x50,0x1e,0x84,0x38,0x24,0x58,0x1d,0x28,0x6b,0x2a,0x02,0x0a,0x66,0x58,0x4a,0x53,0x36,0x32,0x27,0x12,0x1c,0x18,0x3d,0x3b,0x3a,0x65,0x4b,0x12,0x05,0x6b,
0x0c,0x26,0x17,0x18,0x38,0x43,0x66,0x38,0x24,0x16,0x2a,0x16,0x23,0x28,0x00,0x00,0x00,0x03,0x00,0x1d,0xff,0xf4,0x01,0xde,0x02,0xf1,0x00,0x19,0x00,0x21,0x00,0x25,
0x00,0x00,0x01,0x15,0x1e,0x01,0x17,0x07,0x22,0x26,0x27,0x06,0x23,0x22,0x35,0x34,0x36,0x3f,0x01,0x35,0x34,0x26,0x23,0x07,0x27,0x36,0x32,0x16,0x07,0x06,0x14,0x33,
0x32,0x3f,0x01,0x35,0x03,0x17,0x07,0x25,0x01,0xbd,0x02,0x0c,0x13,0x04,0x33,0x3d,0x1f,0x48,0x4b,0x9b,0x56,0x59,0x6b,0x1c,0x1f,0xbc,0x04,0x6b,0xc1,0x55,0xe1,0x38,
0x31,0x26,0x2d,0x0f,0xa8,0xfc,0x1e,0xfe,0xfa,0x01,0x58,0xd0,0x18,0x13,0x04,0x65,0x0e,0x15,0x23,0xa4,0x50,0x43,0x06,0x08,0x1f,0x1f,0x17,0x08,0x5d,0x1d,0x50,0xdc,
0x05,0x6e,0x0c,0x04,0x6b,0x02,0x15,0x66,0x57,0x4a,0x00,0x00,0x00,0x03,0x00,0x1d,0xff,0xf4,0x01,0xde,0x02,0xf1,0x00,0x19,0x00,0x21,0x00,0x25,0x00,0x00,0x01,0x15,
0x1e,0x01,0x17,0x07,0x22,0x26,0x27,0x06,0x23,0x22,0x35,0x34,0x36,0x3f,0x01,0x35,0x34,0x26,0x23,0x07,0x27,0x36,0x32,0x16,0x07,0x06,0x14,0x33,0x32,0x3f,0x01,0x35,
0x03,0x37,0x17,0x05,0x01,0xbd,0x02,0x0c,0x13,0x04,0x33,0x3d,0x1f,0x48,0x4b,0x9b,0x56,0x59,0x6b,0x1c,0x1f,0xbc,0x04,0x6b,0xc1,0x55,0xe1,0x38,0x31,0x26,0x2d,0x0f,
0xd7,0xfc,0x28,0xfe,0xfa,0x01,0x58,0xd0,0x18,0x13,0x04,0x65,0x0e,0x15,0x23,0xa4,0x50,0x43,0x06,0x08,0x1f,0x1f,0x17,0x08,0x5d,0x1d,0x50,0xdc,0x05,0x6e,0x0c,0x04,
0x6b,0x01,0xaf,0x66,0x73,0x4a,0x00,0x00,0x00,0x03,0x00,0x1d,0xff,0xf4,0x01,0xde,0x02,0xdb,0x00,0x19,0x00,0x21,0x00,0x28,0x00,0x00,0x01,0x15,0x1e,0x01,0x17,0x07,
0x22,0x26,0x27,0x06,0x23,0x22,0x35,0x34,0x36,0x3f,0x01,0x35,0x34,0x26,0x23,0x07,0x27,0x36,0x32,0x16,0x07,0x06,0x14,0x33,0x32,0x3f,0x01,0x35,0x03,0x37,0x33,0x17,
0x23,0x27,0x07,0x01,0xbd,0x02,0x0c,0x13,0x04,0x33,0x3d,0x1f,0x48,0x4b,0x9b,0x56,0x59,0x6b,0x1c,0x1f,0xbc,0x04,0x6b,0xc1,0x55,0xe1,0x38,0x31,0x26,0x2d,0x0f,0xe4,
0x7e,0x54,0x80,0x7b,0x2e,0x2e,0x01,0x58,0xd0,0x18,0x13,0x04,0x65,0x0e,0x15,0x23,0xa4,0x50,0x43,0x06,0x08,0x1f,0x1f,0x17,0x08,0x5d,0x1d,0x50,0xdc,0x05,0x6e,0x0c,
0x04,0x6b,0x01,0x68,0x97,0x97,0x43,0x43,0x00,0x03,0x00,0x1d,0xff,0xf4,0x01,0xde,0x02,0xd5,0x00,0x19,0x00,0x21,0x00,0x34,0x00,0x00,0x01,0x15,0x1e,0x01,0x17,0x07,
0x22,0x26,0x27,0x06,0x23,0x22,0x35,0x34,0x36,0x3f,0x01,0x35,0x34,0x26,0x23,0x07,0x27,0x36,0x32,0x16,0x07,0x06,0x14,0x33,0x32,0x3f,0x01,0x35,0x12,0x06,0x22,0x26,
0x23,0x22,0x0f,0x01,0x27,0x3e,0x01,0x32,0x16,0x33,0x32,0x3f,0x01,0x17,0x06,0x01,0xbd,0x02,0x0c,0x13,0x04,0x33,0x3d,0x1f,0x48,0x4b,0x9b,0x56,0x59,0x6b,0x1c,0x1f,
0xbc,0x04,0x6b,0xc1,0x55,0xe1,0x38,0x31,0x26,0x2d,0x0f,0x39,0x38,0x2d,0x5c,0x0d,0x1d,0x25,0x0d,0x1d,0x14,0x3d,0x2d,0x5d,0x0c,0x18,0x2a,0x0e,0x1d,0x06,0x01,0x58,
0xd0,0x18,0x13,0x04,0x65,0x0e,0x15,0x23,0xa4,0x50,0x43,0x06,0x08,0x1f,0x1f,0x17,0x08,0x5d,0x1d,0x50,0xdc,0x05,0x6e,0x0c,0x04,0x6b,0x01,0x8f,0x22,0x24,0x17,0x08,
0x4b,0x17,0x25,0x24,0x19,0x09,0x4c,0x07,0x00,0x04,0x00,0x1d,0xff,0xf4,0x01,0xde,0x02,0xd8,0x00,0x19,0x00,0x21,0x00,0x25,0x00,0x29,0x00,0x00,0x01,0x15,0x1e,0x01,
0x17,0x07,0x22,0x26,0x27,0x06,0x23,0x22,0x35,0x34,0x36,0x3f,0x01,0x35,0x34,0x26,0x23,0x07,0x27,0x36,0x32,0x16,0x07,0x06,0x14,0x33,0x32,0x3f,0x01,0x35,0x03,0x35,
0x33,0x15,0x33,0x35,0x33,0x15,0x01,0xbd,0x02,0x0c,0x13,0x04,0x33,0x3d,0x1f,0x48,0x4b,0x9b,0x56,0x59,0x6b,0x1c,0x1f,0xbc,0x04,0x6b,0xc1,0x55,0xe1,0x38,0x31,0x26,
0x2d,0x0f,0xf6,0x80,0x58,0x80,0x01,0x58,0xd0,0x18,0x13,0x04,0x65,0x0e,0x15,0x23,0xa4,0x50,0x43,0x06,0x08,0x1f,0x1f,0x17,0x08,0x5d,0x1d,0x50,0xdc,0x05,0x6e,0x0c,
0x04,0x6b,0x01,0x78,0x84,0x84,0x84,0x84,0x00,0x04,0x00,0x1d,0xff,0xf4,0x01,0xde,0x02,0xf3,0x00,0x19,0x00,0x21,0x00,0x29,0x00,0x31,0x00,0x00,0x01,0x15,0x1e,0x01,
0x17,0x07,0x22,0x26,0x27,0x06,0x23,0x22,0x35,0x34,0x36,0x3f,0x01,0x35,0x34,0x26,0x23,0x07,0x27,0x36,0x32,0x16,0x07,0x06,0x14,0x33,0x32,0x3f,0x01,0x35,0x02,0x26,
0x34,0x36,0x32,0x16,0x14,0x06,0x26,0x14,0x16,0x32,0x36,0x34,0x26,0x22,0x01,0xbd,0x02,0x0c,0x13,0x04,0x33,0x3d,0x1f,0x48,0x4b,0x9b,0x56,0x59,0x6b,0x1c,0x1f,0xbc,
0x04,0x6b,0xc1,0x55,0xe1,0x38,0x31,0x26,0x2d,0x0f,0x60,0x43,0x43,0x63,0x44,0x44,0x5e,0x1a,0x28,0x19,0x19,0x28,0x01,0x58,0xd0,0x18,0x13,0x04,0x65,0x0e,0x15,0x23,
0xa4,0x50,0x43,0x06,0x08,0x1f,0x1f,0x17,0x08,0x5d,0x1d,0x50,0xdc,0x05,0x6e,0x0c,0x04,0x6b,0x01,0x2d,0x43,0x63,0x44,0x44,0x63,0x43,0x89,0x28,0x1a,0x1a,0x28,0x19,
0x00,0x03,0x00,0x1d,0xff,0xf4,0x02,0xed,0x01,0xff,0x00,0x22,0x00,0x2b,0x00,0x31,0x00,0x00,0x24,0x16,0x33,0x32,0x3f,0x01,0x17,0x06,0x22,0x27,0x07,0x06,0x22,0x26,
0x34,0x36,0x3f,0x01,0x35,0x34,0x26,0x23,0x22,0x0f,0x01,0x27,0x36,0x32,0x17,0x36,0x33,0x32,0x15,0x07,0x21,0x07,0x27,0x07,0x06,0x15,0x14,0x33,0x32,0x3f,0x01,0x33,
0x34,0x26,0x22,0x06,0x01,0xbe,0x2e,0x2d,0x44,0x62,0x1c,0x02,0x73,0xc3,0x33,0x17,0x54,0xa0,0x4c,0x57,0x57,0x6c,0x1c,0x1b,0x48,0x55,0x20,0x04,0x85,0x9f,0x2b,0x34,
0x51,0xda,0x0a,0xfe,0xda,0x86,0x01,0x5a,0x38,0x29,0x28,0x31,0x97,0xac,0x27,0x5f,0x26,0x95,0x26,0x07,0x02,0x68,0x1c,0x30,0x0b,0x25,0x57,0x9d,0x45,0x05,0x07,0x19,
0x14,0x19,0x08,0x03,0x75,0x16,0x25,0x25,0xe1,0x5e,0x4a,0x5d,0x04,0x03,0x30,0x35,0x0b,0xb5,0x35,0x2c,0x2e,0x00,0x00,0x00,0x00,0x01,0x00,0x26,0xff,0x0f,0x01,0x99,
0x02,0x00,0x00,0x25,0x00,0x00,0x04,0x16,0x14,0x06,0x23,0x22,0x2f,0x01,0x37,0x16,0x33,0x32,0x35,0x34,0x2b,0x01,0x35,0x2e,0x01,0x10,0x36,0x33,0x32,0x1f,0x01,0x07,
0x26,0x23,0x22,0x06,0x14,0x16,0x33,0x37,0x17,0x06,0x07,0x15,0x01,0x3f,0x3b,0x3a,0x35,0x2b,0x24,0x0e,0x04,0x1f,0x11,0x26,0x26,0x18,0x57,0x4d,0x64,0x6f,0x34,0x51,
0x1b,0x04,0x4f,0x26,0x45,0x2d,0x2d,0x46,0x74,0x04,0x61,0x39,0x26,0x24,0x6e,0x39,0x08,0x03,0x4e,0x01,0x1a,0x16,0x60,0x0b,0x7e,0x01,0x05,0x7b,0x10,0x06,0x6a,0x08,
0x3b,0xa4,0x3d,0x08,0x6b,0x13,0x02,0x19,0x00,0x03,0x00,0x25,0xff,0xf4,0x01,0xdc,0x02,0xf1,0x00,0x11,0x00,0x17,0x00,0x1b,0x00,0x00,0x36,0x16,0x33,0x32,0x3f,0x01,
0x17,0x06,0x23,0x22,0x26,0x35,0x10,0x33,0x32,0x15,0x07,0x21,0x37,0x34,0x26,0x22,0x06,0x07,0x03,0x17,0x07,0x25,0xad,0x2f,0x2c,0x5d,0x49,0x1c,0x02,0x73,0x5d,0x71,
0x66,0xdd,0xda,0x0a,0xfe,0xda,0xac,0x26,0x5f,0x27,0x01,0x15,0xfc,0x1e,0xfe,0xfa,0x93,0x29,0x06,0x03,0x63,0x1c,0x78,0x87,0x01,0x0d,0xe2,0x5d,0x66,0x3c,0x2f,0x31,
0x3a,0x01,0xca,0x66,0x57,0x4a,0x00,0x00,0x00,0x03,0x00,0x25,0xff,0xf4,0x01,0xdc,0x02,0xf1,0x00,0x11,0x00,0x17,0x00,0x1b,0x00,0x00,0x36,0x16,0x33,0x32,0x3f,0x01,
0x17,0x06,0x23,0x22,0x26,0x35,0x10,0x33,0x32,0x15,0x07,0x21,0x37,0x34,0x26,0x22,0x06,0x07,0x03,0x37,0x17,0x05,0xad,0x2f,0x2c,0x5d,0x49,0x1c,0x02,0x73,0x5d,0x71,
0x66,0xdd,0xda,0x0a,0xfe,0xda,0xac,0x26,0x5f,0x27,0x01,0x42,0xfc,0x28,0xfe,0xfa,0x93,0x29,0x06,0x03,0x63,0x1c,0x78,0x87,0x01,0x0d,0xe2,0x5d,0x66,0x3c,0x2f,0x31,
0x3a,0x01,0x64,0x66,0x73,0x4a,0x00,0x00,0x00,0x03,0x00,0x25,0xff,0xf4,0x01,0xdc,0x02,0xdb,0x00,0x11,0x00,0x17,0x00,0x1e,0x00,0x00,0x36,0x16,0x33,0x32,0x3f,0x01,
0x17,0x06,0x23,0x22,0x26,0x35,0x10,0x33,0x32,0x15,0x07,0x21,0x37,0x34,0x26,0x22,0x06,0x07,0x03,0x37,0x33,0x17,0x23,0x27,0x07,0xad,0x2f,0x2c,0x5d,0x49,0x1c,0x02,
0x73,0x5d,0x71,0x66,0xdd,0xda,0x0a,0xfe,0xda,0xac,0x26,0x5f,0x27,0x01,0x52,0x7e,0x54,0x80,0x7b,0x2e,0x2e,0x93,0x29,0x06,0x03,0x63,0x1c,0x78,0x87,0x01,0x0d,0xe2,
0x5d,0x66,0x3c,0x2f,0x31,0x3a,0x01,0x1d,0x97,0x97,0x43,0x43,0x00,0x04,0x00,0x25,0xff,0xf4,0x01,0xdc,0x02,0xd8,0x00,0x11,0x00,0x17,0x00,0x1b,0x00,0x1f,0x00,0x00,
0x36,0x16,0x33,0x32,0x3f,0x01,0x17,0x06,0x23,0x22,0x26,0x35,0x10,0x33,0x32,0x15,0x07,0x21,0x37,0x34,0x26,0x22,0x06,0x07,0x03,0x35,0x33,0x15,0x33,0x35,0x33,0x15,
0xad,0x2f,0x2c,0x5d,0x49,0x1c,0x02,0x73,0x5d,0x71,0x66,0xdd,0xda,0x0a,0xfe,0xda,0xac,0x26,0x5f,0x27,0x01,0x57,0x80,0x58,0x80,0x93,0x29,0x06,0x03,0x63,0x1c,0x78,
0x87,0x01,0x0d,0xe2,0x5d,0x66,0x3c,0x2f,0x31,0x3a,0x01,0x2d,0x84,0x84,0x84,0x84,0x00,0x02,0xff,0xc5,0x00,0x00,0x00,0xe9,0x02,0xf1,0x00,0x03,0x00,0x07,0x00,0x00,
0x33,0x11,0x33,0x11,0x03,0x17,0x07,0x25,0x3e,0x86,0xd7,0xfc,0x1e,0xfe,0xfa,0x01,0xf4,0xfe,0x0c,0x02,0xf1,0x66,0x57,0x4a,0x00,0x02,0x00,0x1f,0x00,0x00,0x01,0x43,
0x02,0xf1,0x00,0x03,0x00,0x07,0x00,0x00,0x13,0x37,0x17,0x05,0x17,0x33,0x11,0x23,0x1f,0xfc,0x28,0xfe,0xfa,0x01,0x86,0x86,0x02,0x8b,0x66,0x73,0x4a,0x40,0xfe,0x0c,
0x00,0x02,0xff,0xd3,0x00,0x00,0x01,0x25,0x02,0xdb,0x00,0x03,0x00,0x0a,0x00,0x00,0x13,0x33,0x11,0x23,0x03,0x37,0x33,0x17,0x23,0x27,0x07,0x3e,0x86,0x86,0x6b,0x7e,
0x54,0x80,0x7b,0x2e,0x2e,0x01,0xf4,0xfe,0x0c,0x02,0x44,0x97,0x97,0x43,0x43,0x00,0x00,0x03,0xff,0xd0,0x00,0x00,0x01,0x28,0x02,0xd8,0x00,0x03,0x00,0x07,0x00,0x0b,
0x00,0x00,0x13,0x33,0x11,0x23,0x03,0x35,0x33,0x15,0x33,0x35,0x33,0x15,0x3e,0x86,0x86,0x6e,0x80,0x58,0x80,0x01,0xf4,0xfe,0x0c,0x02,0x54,0x84,0x84,0x84,0x84,0x00,
0x00,0x02,0x00,0x26,0xff,0xf7,0x02,0x10,0x02,0xe1,0x00,0x19,0x00,0x23,0x00,0x00,0x01,0x16,0x10,0x06,0x23,0x22,0x35,0x34,0x36,0x33,0x32,0x1f,0x01,0x2e,0x01,0x27,
0x07,0x27,0x37,0x26,0x27,0x37,0x16,0x17,0x37,0x17,0x03,0x22,0x06,0x15,0x14,0x33,0x32,0x36,0x35,0x26,0x01,0x95,0x7b,0x78,0x87,0xeb,0x6d,0x6d,0x3e,0x33,0x11,0x05,
0x28,0x2c,0x81,0x36,0x4c,0x2e,0x3e,0x12,0x79,0x58,0x60,0x36,0xc3,0x29,0x2b,0x5d,0x38,0x39,0x32,0x02,0x71,0x58,0xfe,0x8b,0xad,0xe1,0x68,0x76,0x12,0x06,0x2f,0x43,
0x19,0x56,0x4c,0x33,0x0c,0x0c,0x5e,0x09,0x1e,0x40,0x4c,0xfe,0xab,0x3d,0x2b,0x69,0x58,0x63,0x16,0x00,0x00,0x02,0x00,0x3e,0x00,0x00,0x01,0xf0,0x02,0xd5,0x00,0x13,
0x00,0x26,0x00,0x00,0x33,0x11,0x33,0x15,0x37,0x3e,0x01,0x33,0x32,0x16,0x15,0x30,0x11,0x23,0x11,0x34,0x26,0x22,0x07,0x11,0x12,0x06,0x22,0x26,0x23,0x22,0x0f,0x01,
0x27,0x3e,0x01,0x32,0x16,0x33,0x32,0x3f,0x01,0x17,0x06,0x3e,0x85,0x13,0x12,0x3f,0x19,0x64,0x4c,0x86,0x1e,0x5c,0x2c,0xe5,0x38,0x2d,0x5c,0x0e,0x1c,0x25,0x0d,0x1d,
0x14,0x3d,0x2d,0x5d,0x0c,0x18,0x2a,0x0e,0x1d,0x06,0x01,0xf4,0x1c,0x0a,0x0a,0x14,0x76,0x7b,0xfe,0xf1,0x01,0x0b,0x40,0x3d,0x12,0xfe,0x8a,0x02,0x6b,0x22,0x24,0x17,
0x08,0x4b,0x17,0x25,0x24,0x19,0x09,0x4c,0x07,0x00,0x00,0x00,0x00,0x03,0x00,0x24,0xff,0xf4,0x01,0xf0,0x02,0xf1,0x00,0x07,0x00,0x0f,0x00,0x13,0x00,0x00,0x12,0x32,
0x16,0x15,0x10,0x20,0x11,0x34,0x12,0x32,0x36,0x34,0x26,0x22,0x06,0x14,0x03,0x17,0x07,0x25,0x8e,0xf8,0x6a,0xfe,0x34,0xb1,0x6a,0x29,0x29,0x6a,0x29,0x09,0xfc,0x1e,
0xfe,0xfa,0x02,0x00,0x89,0x7c,0xfe,0xf9,0x01,0x07,0x7c,0xfe,0xef,0x48,0x9a,0x46,0x46,0x9a,0x02,0x43,0x66,0x57,0x4a,0x00,0x00,0x03,0x00,0x24,0xff,0xf4,0x01,0xf0,
0x02,0xf1,0x00,0x07,0x00,0x0f,0x00,0x13,0x00,0x00,0x12,0x32,0x16,0x15,0x10,0x20,0x11,0x34,0x12,0x32,0x36,0x34,0x26,0x22,0x06,0x14,0x03,0x37,0x17,0x05,0x8e,0xf8,
0x6a,0xfe,0x34,0xb1,0x6a,0x29,0x29,0x6a,0x29,0x38,0xfc,0x28,0xfe,0xfa,0x02,0x00,0x89,0x7c,0xfe,0xf9,0x01,0x07,0x7c,0xfe,0xef,0x48,0x9a,0x46,0x46,0x9a,0x01,0xdd,
0x66,0x73,0x4a,0x00,0x00,0x03,0x00,0x24,0xff,0xf4,0x01,0xf0,0x02,0xdb,0x00,0x07,0x00,0x0f,0x00,0x16,0x00,0x00,0x12,0x32,0x16,0x15,0x10,0x20,0x11,0x34,0x12,0x32,
0x36,0x34,0x26,0x22,0x06,0x14,0x03,0x37,0x33,0x17,0x23,0x27,0x07,0x8e,0xf8,0x6a,0xfe,0x34,0xb1,0x6a,0x29,0x29,0x6a,0x29,0x51,0x7e,0x54,0x80,0x7b,0x2e,0x2e,0x02,
0x00,0x89,0x7c,0xfe,0xf9,0x01,0x07,0x7c,0xfe,0xef,0x48,0x9a,0x46,0x46,0x9a,0x01,0x96,0x97,0x97,0x43,0x43,0x00,0x00,0x00,0x00,0x03,0x00,0x24,0xff,0xf4,0x01,0xf0,
0x02,0xd5,0x00,0x07,0x00,0x0f,0x00,0x22,0x00,0x00,0x12,0x32,0x16,0x15,0x10,0x20,0x11,0x34,0x12,0x32,0x36,0x34,0x26,0x22,0x06,0x14,0x12,0x06,0x22,0x26,0x23,0x22,
0x0f,0x01,0x27,0x3e,0x01,0x32,0x16,0x33,0x32,0x3f,0x01,0x17,0x06,0x8e,0xf8,0x6a,0xfe,0x34,0xb1,0x6a,0x29,0x29,0x6a,0x29,0xe9,0x38,0x2d,0x5c,0x0e,0x1c,0x25,0x0d,
0x1d,0x14,0x3d,0x2d,0x5d,0x0c,0x18,0x2a,0x0e,0x1d,0x06,0x02,0x00,0x89,0x7c,0xfe,0xf9,0x01,0x07,0x7c,0xfe,0xef,0x48,0x9a,0x46,0x46,0x9a,0x01,0xbd,0x22,0x24,0x17,
0x08,0x4b,0x17,0x25,0x24,0x19,0x09,0x4c,0x07,0x00,0x00,0x00,0x00,0x04,0x00,0x24,0xff,0xf4,0x01,0xf0,0x02,0xd8,0x00,0x07,0x00,0x0f,0x00,0x13,0x00,0x17,0x00,0x00,
0x12,0x32,0x16,0x15,0x10,0x20,0x11,0x34,0x12,0x32,0x36,0x34,0x26,0x22,0x06,0x14,0x03,0x35,0x33,0x15,0x33,0x35,0x33,0x15,0x8e,0xf8,0x6a,0xfe,0x34,0xb1,0x6a,0x29,
0x29,0x6a,0x29,0x4f,0x80,0x58,0x80,0x02,0x00,0x89,0x7c,0xfe,0xf9,0x01,0x07,0x7c,0xfe,0xef,0x48,0x9a,0x46,0x46,0x9a,0x01,0xa6,0x84,0x84,0x84,0x84,0x00,0x00,0x00,
0x00,0x03,0x00,0x32,0x00,0x11,0x01,0xfe,0x01,0xe4,0x00,0x03,0x00,0x07,0x00,0x0b,0x00,0x00,0x13,0x35,0x33,0x15,0x05,0x35,0x21,0x15,0x05,0x35,0x33,0x15,0xd5,0x84,
0xfe,0xd9,0x01,0xcc,0xfe,0xd7,0x84,0x01,0x60,0x84,0x84,0xa1,0x78,0x78,0xae,0x84,0x84,0x00,0x00,0x00,0x00,0x03,0x00,0x24,0xff,0x94,0x01,0xf0,0x02,0x5f,0x00,0x12,
0x00,0x19,0x00,0x1f,0x00,0x00,0x01,0x32,0x17,0x37,0x17,0x07,0x16,0x15,0x10,0x23,0x22,0x27,0x07,0x27,0x37,0x26,0x35,0x34,0x36,0x13,0x32,0x36,0x34,0x27,0x07,0x16,
0x13,0x27,0x22,0x06,0x14,0x17,0x01,0x0a,0x1c,0x1c,0x28,0x51,0x29,0x5e,0xe6,0x22,0x1d,0x29,0x50,0x2b,0x59,0x6a,0x7c,0x35,0x29,0x0e,0x64,0x06,0x1b,0x0d,0x35,0x29,
0x0c,0x02,0x00,0x05,0x64,0x1e,0x62,0x3b,0xa9,0xfe,0xf9,0x06,0x66,0x1e,0x67,0x3c,0xa6,0x7c,0x89,0xfe,0x66,0x48,0x8e,0x22,0xf7,0x01,0x01,0x27,0x01,0x46,0x8c,0x20,
0x00,0x02,0x00,0x39,0xff,0xf4,0x01,0xeb,0x02,0xf1,0x00,0x12,0x00,0x16,0x00,0x00,0x01,0x33,0x11,0x23,0x35,0x06,0x23,0x22,0x26,0x35,0x11,0x33,0x11,0x14,0x16,0x33,
0x32,0x3f,0x01,0x03,0x17,0x07,0x25,0x01,0x65,0x86,0x85,0x48,0x35,0x68,0x48,0x86,0x18,0x2e,0x2c,0x27,0x0d,0xdb,0xfc,0x1e,0xfe,0xfa,0x01,0xf4,0xfe,0x0c,0x1c,0x28,
0x73,0x87,0x01,0x06,0xfe,0xf8,0x4a,0x36,0x0e,0x04,0x02,0x73,0x66,0x57,0x4a,0x00,0x00,0x02,0x00,0x39,0xff,0xf4,0x01,0xeb,0x02,0xf1,0x00,0x13,0x00,0x17,0x00,0x00,
0x01,0x11,0x23,0x35,0x07,0x0e,0x01,0x23,0x22,0x26,0x35,0x30,0x11,0x33,0x11,0x14,0x16,0x32,0x37,0x11,0x27,0x37,0x17,0x05,0x01,0xeb,0x85,0x14,0x13,0x3e,0x18,0x68,
0x48,0x86,0x18,0x60,0x2e,0xe3,0xfc,0x28,0xfe,0xfa,0x01,0xf4,0xfe,0x0c,0x1c,0x0a,0x0a,0x14,0x73,0x87,0x01,0x06,0xfe,0xf8,0x4a,0x36,0x12,0x01,0x76,0x97,0x66,0x73,
0x4a,0x00,0x00,0x00,0x00,0x02,0x00,0x39,0xff,0xf4,0x01,0xeb,0x02,0xdb,0x00,0x13,0x00,0x1a,0x00,0x00,0x01,0x11,0x23,0x35,0x07,0x0e,0x01,0x23,0x22,0x26,0x35,0x30,
0x11,0x33,0x11,0x14,0x16,0x32,0x37,0x11,0x25,0x37,0x33,0x17,0x23,0x27,0x07,0x01,0xeb,0x85,0x14,0x13,0x3e,0x18,0x68,0x48,0x86,0x18,0x60,0x2e,0xfe,0xed,0x7e,0x54,
0x80,0x7b,0x2e,0x2e,0x01,0xf4,0xfe,0x0c,0x1c,0x0a,0x0a,0x14,0x73,0x87,0x01,0x06,0xfe,0xf8,0x4a,0x36,0x12,0x01,0x76,0x50,0x97,0x97,0x43,0x43,0x00,0x03,0x00,0x39,
0xff,0xf4,0x01,0xeb,0x02,0xd8,0x00,0x13,0x00,0x17,0x00,0x1b,0x00,0x00,0x01,0x11,0x23,0x35,0x07,0x0e,0x01,0x23,0x22,0x26,0x35,0x30,0x11,0x33,0x11,0x14,0x16,0x32,
0x37,0x11,0x27,0x35,0x33,0x15,0x33,0x35,0x33,0x15,0x01,0xeb,0x85,0x14,0x13,0x3e,0x18,0x68,0x48,0x86,0x18,0x60,0x2e,0xfb,0x80,0x58,0x80,0x01,0xf4,0xfe,0x0c,0x1c,
0x0a,0x0a,0x14,0x73,0x87,0x01,0x06,0xfe,0xf8,0x4a,0x36,0x12,0x01,0x76,0x60,0x84,0x84,0x84,0x84,0x00,0x00,0x02,0x00,0x10,0xff,0x2e,0x01,0xe5,0x02,0xf1,0x00,0x09,
0x00,0x0d,0x00,0x00,0x13,0x33,0x13,0x33,0x13,0x33,0x03,0x23,0x37,0x23,0x03,0x37,0x17,0x05,0x10,0x84,0x5b,0x17,0x5b,0x84,0xb0,0x83,0x37,0x5e,0x11,0xfc,0x28,0xfe,
0xfa,0x01,0xf4,0xfe,0x7e,0x01,0x82,0xfd,0x3a,0xd2,0x02,0x8b,0x66,0x73,0x4a,0x00,0x00,0x02,0x00,0x3e,0xff,0x2e,0x01,0xfa,0x02,0xbc,0x00,0x0a,0x00,0x19,0x00,0x00,
0x25,0x32,0x36,0x35,0x34,0x23,0x22,0x0f,0x01,0x11,0x16,0x13,0x32,0x16,0x10,0x06,0x23,0x22,0x2f,0x01,0x15,0x23,0x11,0x33,0x15,0x36,0x01,0x0d,0x3a,0x2b,0x54,0x28,
0x24,0x0e,0x2d,0x3f,0x69,0x61,0x6a,0x79,0x21,0x26,0x0c,0x86,0x86,0x40,0x68,0x44,0x53,0x89,0x0a,0x03,0xfe,0xf3,0x06,0x01,0x98,0x73,0xfe,0xd8,0x71,0x06,0x02,0xce,
0x03,0x8e,0xd7,0x1b,0x00,0x03,0x00,0x10,0xff,0x2e,0x01,0xe5,0x02,0xd8,0x00,0x09,0x00,0x0d,0x00,0x11,0x00,0x00,0x13,0x33,0x13,0x33,0x13,0x33,0x03,0x23,0x37,0x23,
0x03,0x35,0x33,0x15,0x33,0x35,0x33,0x15,0x10,0x84,0x5b,0x17,0x5b,0x84,0xb0,0x83,0x37,0x5e,0x3c,0x80,0x58,0x80,0x01,0xf4,0xfe,0x7e,0x01,0x82,0xfd,0x3a,0xd2,0x02,
0x54,0x84,0x84,0x84,0x84,0x00,0x00,0x00,0x00,0x03,0x00,0x11,0x00,0x00,0x02,0x49,0x03,0x70,0x00,0x07,0x00,0x0b,0x00,0x0f,0x00,0x00,0x33,0x13,0x21,0x13,0x23,0x27,
0x23,0x07,0x13,0x03,0x33,0x03,0x27,0x35,0x21,0x15,0x11,0x99,0x01,0x06,0x99,0x8a,0x1b,0xee,0x1b,0x7a,0x45,0xba,0x45,0xc9,0x01,0x5b,0x02,0xa8,0xfd,0x58,0x7b,0x7b,
0x02,0x36,0xfe,0xbd,0x01,0x43,0xd8,0x62,0x62,0x00,0x00,0x00,0x00,0x03,0x00,0x1d,0xff,0xf4,0x01,0xde,0x02,0xb9,0x00,0x19,0x00,0x21,0x00,0x25,0x00,0x00,0x01,0x15,
0x1e,0x01,0x17,0x07,0x22,0x26,0x27,0x06,0x23,0x22,0x35,0x34,0x36,0x3f,0x01,0x35,0x34,0x26,0x23,0x07,0x27,0x36,0x32,0x16,0x07,0x06,0x14,0x33,0x32,0x3f,0x01,0x35,
0x03,0x35,0x21,0x15,0x01,0xbd,0x02,0x0c,0x13,0x04,0x33,0x3d,0x1f,0x48,0x4b,0x9b,0x56,0x59,0x6b,0x1c,0x1f,0xbc,0x04,0x6b,0xc1,0x55,0xe1,0x38,0x31,0x26,0x2d,0x0f,
0xcc,0x01,0x1f,0x01,0x58,0xd0,0x18,0x13,0x04,0x65,0x0e,0x15,0x23,0xa4,0x50,0x43,0x06,0x08,0x1f,0x1f,0x17,0x08,0x5d,0x1d,0x50,0xdc,0x05,0x6e,0x0c,0x04,0x6b,0x01,
0x79,0x64,0x64,0x00,0x00,0x03,0x00,0x11,0x00,0x00,0x02,0x49,0x03,0x8e,0x00,0x07,0x00,0x0b,0x00,0x17,0x00,0x00,0x33,0x13,0x21,0x13,0x23,0x27,0x23,0x07,0x13,0x03,
0x33,0x03,0x02,0x16,0x32,0x36,0x37,0x33,0x0e,0x01,0x22,0x26,0x27,0x33,0x11,0x99,0x01,0x06,0x99,0x8a,0x1b,0xee,0x1b,0x7a,0x45,0xba,0x45,0x59,0x22,0x37,0x23,0x03,
0x79,0x08,0x5d,0xac,0x5c,0x08,0x79,0x02,0xa8,0xfd,0x58,0x7b,0x7b,0x02,0x36,0xfe,0xbd,0x01,0x43,0x01,0x3f,0x20,0x20,0x19,0x44,0x53,0x53,0x44,0x00,0x03,0x00,0x1d,
0xff,0xf4,0x01,0xdd,0x02,0xec,0x00,0x1d,0x00,0x24,0x00,0x2e,0x00,0x00,0x25,0x14,0x16,0x17,0x07,0x22,0x26,0x27,0x07,0x06,0x23,0x22,0x26,0x34,0x36,0x3f,0x01,0x35,
0x34,0x26,0x23,0x22,0x07,0x27,0x37,0x36,0x33,0x32,0x16,0x15,0x04,0x32,0x37,0x35,0x07,0x06,0x15,0x13,0x16,0x32,0x37,0x33,0x0e,0x01,0x22,0x26,0x27,0x01,0xbd,0x0c,
0x14,0x04,0x3c,0x36,0x1c,0x17,0x45,0x3d,0x49,0x4c,0x55,0x59,0x6c,0x1c,0x16,0x4a,0x78,0x04,0x23,0x6b,0x40,0x58,0x58,0xfe,0xe7,0x52,0x41,0x5b,0x38,0x22,0x07,0x61,
0x06,0x8b,0x08,0x61,0xb2,0x61,0x08,0x9a,0x1d,0x13,0x04,0x72,0x0f,0x13,0x08,0x1a,0x57,0x9d,0x44,0x06,0x07,0x19,0x14,0x19,0x08,0x72,0x05,0x11,0x4f,0x5d,0xec,0x0f,
0x5d,0x04,0x03,0x30,0x02,0x50,0x2c,0x2c,0x4b,0x58,0x58,0x4b,0x00,0x02,0x00,0x11,0xff,0x28,0x02,0x55,0x02,0xa8,0x00,0x13,0x00,0x17,0x00,0x00,0x21,0x06,0x14,0x33,
0x37,0x17,0x06,0x22,0x26,0x35,0x34,0x37,0x23,0x27,0x23,0x07,0x23,0x13,0x21,0x13,0x01,0x03,0x33,0x03,0x02,0x37,0x38,0x20,0x2a,0x0c,0x3b,0x5b,0x3d,0x42,0x05,0x1b,
0xee,0x1b,0x8a,0x99,0x01,0x06,0x99,0xfe,0xcc,0x45,0xba,0x45,0x2f,0x43,0x04,0x5f,0x0b,0x34,0x2c,0x44,0x34,0x7b,0x7b,0x02,0xa8,0xfd,0x58,0x02,0x36,0xfe,0xbd,0x01,
0x43,0x00,0x00,0x00,0x00,0x02,0x00,0x1d,0xff,0x28,0x01,0xde,0x02,0x00,0x00,0x26,0x00,0x2e,0x00,0x00,0x05,0x27,0x06,0x15,0x14,0x33,0x37,0x17,0x06,0x22,0x26,0x34,
0x36,0x3f,0x01,0x17,0x27,0x06,0x23,0x22,0x35,0x34,0x36,0x3f,0x01,0x35,0x34,0x26,0x23,0x07,0x27,0x36,0x32,0x16,0x1d,0x01,0x1e,0x01,0x17,0x25,0x06,0x14,0x33,0x32,
0x3f,0x01,0x35,0x01,0xda,0x26,0x2c,0x20,0x2a,0x0c,0x3b,0x5b,0x3d,0x29,0x14,0x14,0x03,0x14,0x48,0x4b,0x9b,0x56,0x59,0x6b,0x1c,0x1f,0xbc,0x04,0x6b,0xc1,0x55,0x02,
0x0c,0x13,0xfe,0xfe,0x38,0x31,0x26,0x2d,0x0f,0x0c,0x01,0x29,0x1d,0x21,0x04,0x5f,0x0b,0x34,0x50,0x41,0x0f,0x0f,0x01,0x0d,0x23,0xa4,0x50,0x43,0x06,0x08,0x1f,0x1f,
0x17,0x08,0x5d,0x1d,0x50,0x58,0xd0,0x18,0x13,0x04,0x7b,0x05,0x6e,0x0c,0x04,0x6b,0x00,0x02,0x00,0x2f,0xff,0xf4,0x01,0xfa,0x03,0xb1,0x00,0x14,0x00,0x18,0x00,0x00,
0x25,0x06,0x22,0x2e,0x02,0x35,0x34,0x36,0x33,0x32,0x17,0x07,0x26,0x22,0x0e,0x01,0x14,0x16,0x32,0x37,0x01,0x37,0x17,0x05,0x01,0xf9,0x6a,0xaa,0x66,0x3a,0x16,0x6f,
0x95,0x56,0x71,0x04,0x63,0x83,0x38,0x1b,0x37,0xa5,0x5d,0xfe,0x9d,0xfc,0x29,0xfe,0xfc,0x0b,0x17,0x2a,0x5c,0x7c,0x5e,0xc5,0x9b,0x1b,0x6e,0x0f,0x23,0x62,0xec,0x5b,
0x0e,0x02,0xcb,0x6a,0x78,0x4f,0x00,0x00,0x00,0x02,0x00,0x26,0xff,0xf4,0x01,0x99,0x02,0xf1,0x00,0x13,0x00,0x17,0x00,0x00,0x13,0x32,0x1f,0x01,0x07,0x26,0x23,0x22,
0x06,0x14,0x16,0x33,0x37,0x17,0x06,0x23,0x22,0x26,0x10,0x36,0x27,0x37,0x17,0x05,0xf9,0x34,0x51,0x1b,0x04,0x4f,0x26,0x45,0x2d,0x2d,0x46,0x74,0x04,0x6b,0x38,0x6f,
0x61,0x64,0x29,0xfc,0x28,0xfe,0xfa,0x02,0x00,0x10,0x06,0x6a,0x08,0x3b,0xa4,0x3d,0x08,0x6b,0x15,0x7d,0x01,0x14,0x7b,0x8b,0x66,0x73,0x4a,0x00,0x00,0x02,0x00,0x2f,
0xff,0xf4,0x01,0xfa,0x03,0x92,0x00,0x14,0x00,0x1b,0x00,0x00,0x25,0x06,0x22,0x2e,0x02,0x35,0x34,0x36,0x33,0x32,0x17,0x07,0x26,0x22,0x0e,0x01,0x14,0x16,0x32,0x37,
0x01,0x37,0x33,0x17,0x23,0x27,0x07,0x01,0xf9,0x6a,0xaa,0x66,0x3a,0x16,0x6f,0x95,0x56,0x71,0x04,0x63,0x83,0x38,0x1b,0x37,0xa5,0x5d,0xfe,0x75,0x86,0x75,0x86,0x8e,
0x31,0x34,0x0b,0x17,0x2a,0x5c,0x7c,0x5e,0xc5,0x9b,0x1b,0x6e,0x0f,0x23,0x62,0xec,0x5b,0x0e,0x02,0x81,0x95,0x95,0x38,0x38,0x00,0x02,0x00,0x26,0xff,0xf4,0x01,0x99,
0x02,0xdb,0x00,0x13,0x00,0x1a,0x00,0x00,0x13,0x32,0x1f,0x01,0x07,0x26,0x23,0x22,0x06,0x14,0x16,0x33,0x37,0x17,0x06,0x23,0x22,0x26,0x10,0x36,0x27,0x37,0x33,0x17,
0x23,0x27,0x07,0xf9,0x34,0x51,0x1b,0x04,0x4f,0x26,0x45,0x2d,0x2d,0x46,0x74,0x04,0x6b,0x38,0x6f,0x61,0x64,0x54,0x7e,0x54,0x80,0x7b,0x2e,0x2e,0x02,0x00,0x10,0x06,
0x6a,0x08,0x3b,0xa4,0x3d,0x08,0x6b,0x15,0x7d,0x01,0x14,0x7b,0x44,0x97,0x97,0x43,0x43,0x00,0x00,0x00,0x00,0x02,0x00,0x2f,0xff,0xf4,0x01,0xfa,0x03,0x7f,0x00,0x14,
0x00,0x18,0x00,0x00,0x25,0x06,0x22,0x2e,0x02,0x35,0x34,0x36,0x33,0x32,0x17,0x07,0x26,0x22,0x0e,0x01,0x14,0x16,0x32,0x37,0x01,0x35,0x33,0x15,0x01,0xf9,0x6a,0xaa,
0x66,0x3a,0x16,0x6f,0x95,0x56,0x71,0x04,0x63,0x83,0x38,0x1b,0x37,0xa5,0x5d,0xfe,0xe5,0x86,0x0b,0x17,0x2a,0x5c,0x7c,0x5e,0xc5,0x9b,0x1b,0x6e,0x0f,0x23,0x62,0xec,
0x5b,0x0e,0x02,0x7c,0x87,0x87,0x00,0x00,0x00,0x02,0x00,0x26,0xff,0xf4,0x01,0x99,0x02,0xb3,0x00,0x13,0x00,0x17,0x00,0x00,0x13,0x32,0x1f,0x01,0x07,0x26,0x23,0x22,
0x06,0x14,0x16,0x33,0x37,0x17,0x06,0x23,0x22,0x26,0x10,0x36,0x37,0x35,0x33,0x15,0xf9,0x34,0x51,0x1b,0x04,0x4f,0x26,0x45,0x2d,0x2d,0x46,0x74,0x04,0x6b,0x38,0x6f,
0x61,0x64,0x33,0x86,0x02,0x00,0x10,0x06,0x6a,0x08,0x3b,0xa4,0x3d,0x08,0x6b,0x15,0x7d,0x01,0x14,0x7b,0x2c,0x87,0x87,0x00,0x00,0x02,0x00,0x2f,0xff,0xf4,0x01,0xfa,
0x03,0x92,0x00,0x14,0x00,0x1b,0x00,0x00,0x25,0x06,0x22,0x2e,0x02,0x35,0x34,0x36,0x33,0x32,0x17,0x07,0x26,0x22,0x0e,0x01,0x14,0x16,0x32,0x37,0x03,0x27,0x33,0x17,
0x37,0x33,0x07,0x01,0xf9,0x6a,0xaa,0x66,0x3a,0x16,0x6f,0x95,0x56,0x71,0x04,0x63,0x83,0x38,0x1b,0x37,0xa5,0x5d,0xfc,0x86,0x8e,0x34,0x31,0x8e,0x86,0x0b,0x17,0x2a,
0x5c,0x7c,0x5e,0xc5,0x9b,0x1b,0x6e,0x0f,0x23,0x62,0xec,0x5b,0x0e,0x02,0x81,0x95,0x38,0x38,0x95,0x00,0x00,0x02,0x00,0x26,0xff,0xf4,0x01,0x9b,0x02,0xdb,0x00,0x13,
0x00,0x1a,0x00,0x00,0x13,0x32,0x1f,0x01,0x07,0x26,0x23,0x22,0x06,0x14,0x16,0x33,0x37,0x17,0x06,0x23,0x22,0x26,0x10,0x36,0x37,0x27,0x33,0x17,0x37,0x33,0x07,0xf9,
0x34,0x51,0x1b,0x04,0x4f,0x26,0x45,0x2d,0x2d,0x46,0x74,0x04,0x6b,0x38,0x6f,0x61,0x64,0x3d,0x7e,0x7b,0x2e,0x2e,0x7b,0x80,0x02,0x00,0x10,0x06,0x6a,0x08,0x3b,0xa4,
0x3d,0x08,0x6b,0x15,0x7d,0x01,0x14,0x7b,0x44,0x97,0x43,0x43,0x97,0x00,0x00,0x00,0x00,0x03,0x00,0x4a,0x00,0x00,0x02,0x50,0x03,0x92,0x00,0x0b,0x00,0x18,0x00,0x1f,
0x00,0x00,0x21,0x23,0x11,0x33,0x32,0x1e,0x02,0x14,0x0e,0x02,0x13,0x36,0x34,0x2e,0x02,0x2b,0x01,0x11,0x33,0x32,0x37,0x36,0x03,0x27,0x33,0x17,0x37,0x33,0x07,0x01,
0x2f,0xe5,0xe5,0x58,0x72,0x3f,0x18,0x16,0x3d,0x74,0x37,0x02,0x08,0x1e,0x3b,0x32,0x5b,0x5b,0x4b,0x22,0x1d,0xc3,0x86,0x8e,0x34,0x31,0x8e,0x86,0x02,0xa8,0x25,0x55,
0x73,0xb8,0x79,0x5f,0x2b,0x01,0x0e,0x20,0x71,0x44,0x38,0x15,0xfe,0x48,0x26,0x1f,0x02,0x40,0x95,0x38,0x38,0x95,0x00,0x00,0x00,0x03,0x00,0x26,0xff,0xf4,0x02,0xd0,
0x02,0xbc,0x00,0x03,0x00,0x12,0x00,0x1c,0x00,0x00,0x01,0x33,0x07,0x23,0x03,0x11,0x23,0x35,0x06,0x23,0x22,0x26,0x10,0x36,0x33,0x32,0x1f,0x01,0x35,0x03,0x37,0x11,
0x26,0x23,0x22,0x15,0x14,0x16,0x32,0x02,0x4e,0x82,0x37,0x79,0x39,0x85,0x46,0x33,0x6d,0x56,0x67,0x68,0x20,0x39,0x13,0x0e,0x0e,0x37,0x2b,0x51,0x24,0x53,0x02,0xa6,
0xea,0x01,0x00,0xfd,0x44,0x15,0x21,0x7e,0x01,0x11,0x7d,0x0a,0x04,0xca,0xfd,0xbc,0x03,0x01,0x07,0x0a,0x90,0x4e,0x42,0x00,0x00,0x02,0x00,0x19,0x00,0x00,0x02,0x53,
0x02,0xb2,0x00,0x0f,0x00,0x21,0x00,0x00,0x13,0x35,0x33,0x11,0x33,0x32,0x1e,0x02,0x14,0x0e,0x02,0x2b,0x01,0x11,0x25,0x34,0x2e,0x02,0x27,0x26,0x2b,0x01,0x15,0x33,
0x15,0x23,0x15,0x33,0x32,0x37,0x36,0x19,0x36,0xe3,0x58,0x72,0x3f,0x18,0x16,0x3d,0x74,0x5a,0xe3,0x01,0x76,0x03,0x0a,0x14,0x10,0x1f,0x43,0x5b,0x82,0x82,0x5b,0x4b,
0x23,0x25,0x01,0x15,0x84,0x01,0x19,0x26,0x57,0x75,0xb9,0x7a,0x61,0x2c,0x01,0x15,0x4d,0x2b,0x32,0x32,0x1d,0x0c,0x15,0x96,0x84,0x92,0x26,0x29,0x00,0x02,0x00,0x26,
0xff,0xf4,0x01,0xe7,0x02,0xe2,0x00,0x12,0x00,0x1c,0x00,0x00,0x13,0x35,0x21,0x15,0x33,0x11,0x23,0x35,0x06,0x23,0x22,0x26,0x10,0x36,0x33,0x32,0x1f,0x01,0x35,0x03,
0x37,0x11,0x26,0x23,0x22,0x15,0x14,0x16,0x32,0x81,0x01,0x47,0x1f,0x85,0x46,0x33,0x6d,0x56,0x67,0x68,0x20,0x39,0x13,0x0e,0x0e,0x37,0x2b,0x51,0x24,0x53,0x02,0x6e,
0x74,0x26,0xfd,0x44,0x15,0x21,0x7e,0x01,0x11,0x7d,0x0a,0x04,0x7c,0xfe,0x0a,0x03,0x01,0x07,0x0a,0x90,0x4e,0x42,0x00,0x00,0x00,0x02,0x00,0x4a,0x00,0x00,0x02,0x02,
0x03,0x70,0x00,0x0b,0x00,0x0f,0x00,0x00,0x33,0x11,0x21,0x15,0x21,0x15,0x33,0x15,0x23,0x15,0x21,0x15,0x01,0x35,0x21,0x15,0x4a,0x01,0xb8,0xfe,0xd2,0xf2,0xf2,0x01,
0x2e,0xfe,0x72,0x01,0x5b,0x02,0xa8,0x78,0x9f,0x76,0xa3,0x78,0x03,0x0e,0x62,0x62,0x00,0x03,0x00,0x25,0xff,0xf4,0x01,0xdc,0x02,0xb9,0x00,0x11,0x00,0x17,0x00,0x1b,
0x00,0x00,0x36,0x16,0x33,0x32,0x3f,0x01,0x17,0x06,0x23,0x22,0x26,0x35,0x10,0x33,0x32,0x15,0x07,0x21,0x37,0x34,0x26,0x22,0x06,0x07,0x03,0x35,0x21,0x15,0xad,0x2f,
0x2c,0x5d,0x49,0x1c,0x02,0x73,0x5d,0x71,0x66,0xdd,0xda,0x0a,0xfe,0xda,0xac,0x26,0x5f,0x27,0x01,0x3a,0x01,0x1f,0x93,0x29,0x06,0x03,0x63,0x1c,0x78,0x87,0x01,0x0d,
0xe2,0x5d,0x66,0x3c,0x2f,0x31,0x3a,0x01,0x2e,0x64,0x64,0x00,0x00,0x02,0x00,0x4a,0x00,0x00,0x02,0x02,0x03,0x8e,0x00,0x0b,0x00,0x17,0x00,0x00,0x33,0x11,0x21,0x15,
0x21,0x15,0x33,0x15,0x23,0x15,0x21,0x15,0x00,0x16,0x32,0x36,0x37,0x33,0x0e,0x01,0x22,0x26,0x27,0x33,0x4a,0x01,0xb8,0xfe,0xd2,0xf2,0xf2,0x01,0x2e,0xfe,0xed,0x22,
0x37,0x23,0x03,0x79,0x08,0x5d,0xac,0x5c,0x08,0x79,0x02,0xa8,0x78,0x9f,0x76,0xa3,0x78,0x03,0x75,0x20,0x20,0x19,0x44,0x53,0x53,0x44,0x00,0x00,0x00,0x03,0x00,0x25,
0xff,0xf4,0x01,0xdc,0x02,0xda,0x00,0x11,0x00,0x17,0x00,0x23,0x00,0x00,0x36,0x16,0x33,0x32,0x3f,0x01,0x17,0x06,0x23,0x22,0x26,0x35,0x10,0x33,0x32,0x15,0x07,0x21,
0x37,0x34,0x26,0x22,0x06,0x07,0x13,0x32,0x37,0x33,0x0e,0x01,0x22,0x26,0x27,0x33,0x1e,0x01,0xad,0x2f,0x2c,0x5d,0x49,0x1c,0x02,0x73,0x5d,0x71,0x66,0xdd,0xda,0x0a,
0xfe,0xda,0xac,0x26,0x5f,0x27,0x01,0x57,0x38,0x07,0x65,0x08,0x55,0x8e,0x55,0x08,0x65,0x04,0x21,0x93,0x29,0x06,0x03,0x63,0x1c,0x78,0x87,0x01,0x0d,0xe2,0x5d,0x66,
0x3c,0x2f,0x31,0x3a,0x01,0x71,0x42,0x41,0x5c,0x5c,0x41,0x1f,0x23,0x00,0x00,0x00,0x00,0x02,0x00,0x4a,0x00,0x00,0x02,0x02,0x03,0x86,0x00,0x0b,0x00,0x0f,0x00,0x00,
0x33,0x11,0x21,0x15,0x21,0x15,0x33,0x15,0x23,0x15,0x21,0x15,0x01,0x35,0x33,0x15,0x4a,0x01,0xb8,0xfe,0xd2,0xf2,0xf2,0x01,0x2e,0xfe,0xe7,0x86,0x02,0xa8,0x78,0x9f,
0x76,0xa3,0x78,0x02,0xff,0x87,0x87,0x00,0x00,0x03,0x00,0x25,0xff,0xf4,0x01,0xdc,0x02,0xb3,0x00,0x11,0x00,0x17,0x00,0x1b,0x00,0x00,0x36,0x16,0x33,0x32,0x3f,0x01,
0x17,0x06,0x23,0x22,0x26,0x35,0x10,0x33,0x32,0x15,0x07,0x21,0x37,0x34,0x26,0x22,0x06,0x07,0x13,0x35,0x33,0x15,0xad,0x2f,0x2c,0x5d,0x49,0x1c,0x02,0x73,0x5d,0x71,
0x66,0xdd,0xda,0x0a,0xfe,0xda,0xac,0x26,0x5f,0x27,0x01,0x13,0x86,0x93,0x29,0x06,0x03,0x63,0x1c,0x78,0x87,0x01,0x0d,0xe2,0x5d,0x66,0x3c,0x2f,0x31,0x3a,0x01,0x05,
0x87,0x87,0x00,0x00,0x00,0x01,0x00,0x4a,0xff,0x28,0x02,0x04,0x02,0xa8,0x00,0x17,0x00,0x00,0x33,0x11,0x21,0x15,0x21,0x15,0x33,0x15,0x23,0x15,0x21,0x15,0x23,0x06,
0x14,0x33,0x37,0x17,0x06,0x22,0x26,0x35,0x34,0x37,0x4a,0x01,0xb8,0xfe,0xd2,0xf2,0xf2,0x01,0x2e,0x1c,0x38,0x20,0x2a,0x0c,0x3b,0x5b,0x3d,0x42,0x02,0xa8,0x78,0x9f,
0x76,0xa3,0x78,0x2f,0x43,0x04,0x5f,0x0b,0x34,0x2c,0x44,0x34,0x00,0x02,0x00,0x25,0xff,0x28,0x01,0xdc,0x02,0x00,0x00,0x1f,0x00,0x25,0x00,0x00,0x25,0x06,0x14,0x33,
0x37,0x17,0x06,0x22,0x26,0x35,0x34,0x37,0x06,0x23,0x22,0x26,0x35,0x10,0x33,0x32,0x15,0x07,0x21,0x1e,0x01,0x33,0x32,0x3f,0x01,0x17,0x06,0x07,0x03,0x34,0x26,0x22,
0x06,0x07,0x01,0x97,0x3a,0x20,0x2a,0x0c,0x3b,0x5b,0x3d,0x34,0x08,0x10,0x71,0x66,0xdd,0xda,0x0a,0xfe,0xda,0x01,0x2f,0x2c,0x5d,0x49,0x1c,0x02,0x1e,0x25,0x31,0x26,
0x5f,0x27,0x01,0x01,0x2f,0x44,0x04,0x5f,0x0b,0x34,0x2c,0x3b,0x32,0x01,0x78,0x87,0x01,0x0d,0xe2,0x5d,0x2e,0x29,0x06,0x03,0x63,0x07,0x07,0x01,0x25,0x3c,0x2f,0x31,
0x3a,0x00,0x00,0x00,0x00,0x02,0x00,0x4a,0x00,0x00,0x02,0x02,0x03,0x92,0x00,0x0b,0x00,0x12,0x00,0x00,0x33,0x11,0x21,0x15,0x21,0x15,0x33,0x15,0x23,0x15,0x21,0x15,
0x01,0x27,0x33,0x17,0x37,0x33,0x07,0x4a,0x01,0xb8,0xfe,0xd2,0xf2,0xf2,0x01,0x2e,0xfe,0xdb,0x86,0x8e,0x34,0x31,0x8e,0x86,0x02,0xa8,0x78,0x9f,0x76,0xa3,0x78,0x02,
0xfd,0x95,0x38,0x38,0x95,0x00,0x00,0x00,0x00,0x03,0x00,0x25,0xff,0xf4,0x01,0xdc,0x02,0xdb,0x00,0x11,0x00,0x17,0x00,0x1e,0x00,0x00,0x36,0x16,0x33,0x32,0x3f,0x01,
0x17,0x06,0x23,0x22,0x26,0x35,0x10,0x33,0x32,0x15,0x07,0x21,0x37,0x34,0x26,0x22,0x06,0x07,0x13,0x27,0x33,0x17,0x37,0x33,0x07,0xad,0x2f,0x2c,0x5d,0x49,0x1c,0x02,
0x73,0x5d,0x71,0x66,0xdd,0xda,0x0a,0xfe,0xda,0xac,0x26,0x5f,0x27,0x01,0x28,0x7e,0x7b,0x2e,0x2e,0x7b,0x80,0x93,0x29,0x06,0x03,0x63,0x1c,0x78,0x87,0x01,0x0d,0xe2,
0x5d,0x66,0x3c,0x2f,0x31,0x3a,0x01,0x1d,0x97,0x43,0x43,0x97,0x00,0x02,0x00,0x2d,0xff,0xf4,0x02,0x2b,0x03,0x92,0x00,0x17,0x00,0x1e,0x00,0x00,0x25,0x35,0x33,0x11,
0x06,0x23,0x22,0x26,0x10,0x36,0x33,0x32,0x1f,0x01,0x07,0x26,0x22,0x0e,0x01,0x14,0x16,0x33,0x37,0x35,0x01,0x37,0x33,0x17,0x23,0x27,0x07,0x01,0x65,0xc6,0x8f,0x59,
0x9f,0x77,0x7c,0x95,0x5d,0x6c,0x24,0x04,0x78,0x99,0x3e,0x1d,0x3a,0x5b,0x53,0xfe,0xe5,0x86,0x75,0x86,0x8e,0x31,0x34,0xf4,0x78,0xfe,0x9f,0x17,0xaa,0x01,0x72,0xa4,
0x15,0x07,0x6b,0x0d,0x24,0x61,0xeb,0x5e,0x04,0x84,0x02,0x09,0x95,0x95,0x38,0x38,0x00,0x04,0x00,0x25,0xff,0x1a,0x02,0x03,0x02,0xdb,0x00,0x22,0x00,0x2b,0x00,0x2f,
0x00,0x36,0x00,0x00,0x04,0x06,0x22,0x26,0x35,0x34,0x37,0x26,0x35,0x34,0x3f,0x01,0x26,0x34,0x36,0x33,0x32,0x1f,0x01,0x37,0x15,0x27,0x16,0x15,0x14,0x06,0x23,0x22,
0x27,0x06,0x14,0x16,0x17,0x1e,0x01,0x05,0x14,0x32,0x35,0x34,0x26,0x2f,0x01,0x06,0x12,0x32,0x34,0x22,0x27,0x37,0x33,0x17,0x23,0x27,0x07,0x02,0x03,0x84,0xe1,0x79,
0x48,0x25,0x1e,0x09,0x44,0x73,0x5f,0x2b,0x2a,0x10,0xa1,0x4b,0x16,0x66,0x6d,0x17,0x12,0x0a,0x22,0x3f,0x7e,0x5c,0xfe,0xa6,0xd3,0x24,0x3a,0x5a,0x1b,0x08,0x99,0x99,
0x4a,0x7e,0x54,0x80,0x7b,0x2e,0x2e,0x94,0x52,0x3c,0x4f,0x3f,0x38,0x19,0x33,0x14,0x2e,0x0e,0x31,0xbf,0x56,0x0a,0x03,0x05,0x6b,0x06,0x22,0x22,0x64,0x4c,0x04,0x1a,
0x21,0x0c,0x01,0x01,0x41,0x64,0x2b,0x32,0x1b,0x0f,0x01,0x07,0x1b,0x01,0x32,0x93,0xae,0x97,0x97,0x43,0x43,0x00,0x00,0x00,0x00,0x02,0x00,0x2d,0xff,0xf4,0x02,0x2b,
0x03,0x8e,0x00,0x17,0x00,0x23,0x00,0x00,0x25,0x35,0x33,0x11,0x06,0x23,0x22,0x26,0x10,0x36,0x33,0x32,0x1f,0x01,0x07,0x26,0x22,0x0e,0x01,0x14,0x16,0x33,0x37,0x35,
0x02,0x16,0x32,0x36,0x37,0x33,0x0e,0x01,0x22,0x26,0x27,0x33,0x01,0x65,0xc6,0x8f,0x59,0x9f,0x77,0x7c,0x95,0x5d,0x6c,0x24,0x04,0x78,0x99,0x3e,0x1d,0x3a,0x5b,0x53,
0x9e,0x22,0x37,0x23,0x03,0x79,0x08,0x5d,0xac,0x5c,0x08,0x79,0xf4,0x78,0xfe,0x9f,0x17,0xaa,0x01,0x72,0xa4,0x15,0x07,0x6b,0x0d,0x24,0x61,0xeb,0x5e,0x04,0x84,0x02,
0x81,0x20,0x20,0x19,0x44,0x53,0x53,0x44,0x00,0x04,0x00,0x25,0xff,0x1a,0x02,0x03,0x02,0xda,0x00,0x22,0x00,0x2b,0x00,0x2f,0x00,0x3b,0x00,0x00,0x04,0x06,0x22,0x26,
0x35,0x34,0x37,0x26,0x35,0x34,0x3f,0x01,0x26,0x34,0x36,0x33,0x32,0x1f,0x01,0x37,0x15,0x27,0x16,0x15,0x14,0x06,0x23,0x22,0x27,0x06,0x14,0x16,0x17,0x1e,0x01,0x05,
0x14,0x32,0x35,0x34,0x26,0x2f,0x01,0x06,0x12,0x32,0x34,0x22,0x13,0x32,0x37,0x33,0x0e,0x01,0x22,0x26,0x27,0x33,0x1e,0x01,0x02,0x03,0x84,0xe1,0x79,0x48,0x25,0x1e,
0x09,0x44,0x73,0x5f,0x2b,0x2a,0x10,0xa1,0x4b,0x16,0x66,0x6d,0x17,0x12,0x0a,0x22,0x3f,0x7e,0x5c,0xfe,0xa6,0xd3,0x24,0x3a,0x5a,0x1b,0x08,0x99,0x99,0x5e,0x38,0x07,
0x65,0x08,0x55,0x8e,0x55,0x08,0x65,0x04,0x21,0x94,0x52,0x3c,0x4f,0x3f,0x38,0x19,0x33,0x14,0x2e,0x0e,0x31,0xbf,0x56,0x0a,0x03,0x05,0x6b,0x06,0x22,0x22,0x64,0x4c,
0x04,0x1a,0x21,0x0c,0x01,0x01,0x41,0x64,0x2b,0x32,0x1b,0x0f,0x01,0x07,0x1b,0x01,0x32,0x93,0x01,0x02,0x42,0x41,0x5c,0x5c,0x41,0x1f,0x23,0x00,0x00,0x02,0x00,0x2d,
0xff,0xf4,0x02,0x2b,0x03,0x86,0x00,0x17,0x00,0x1b,0x00,0x00,0x25,0x35,0x33,0x11,0x06,0x23,0x22,0x26,0x10,0x36,0x33,0x32,0x1f,0x01,0x07,0x26,0x22,0x0e,0x01,0x14,
0x16,0x33,0x37,0x35,0x03,0x35,0x33,0x15,0x01,0x65,0xc6,0x8f,0x59,0x9f,0x77,0x7c,0x95,0x5d,0x6c,0x24,0x04,0x78,0x99,0x3e,0x1d,0x3a,0x5b,0x53,0xae,0x86,0xf4,0x78,
0xfe,0x9f,0x17,0xaa,0x01,0x72,0xa4,0x15,0x07,0x6b,0x0d,0x24,0x61,0xeb,0x5e,0x04,0x84,0x02,0x0b,0x87,0x87,0x00,0x00,0x00,0x00,0x04,0x00,0x25,0xff,0x1a,0x02,0x03,
0x02,0xb3,0x00,0x22,0x00,0x2b,0x00,0x2f,0x00,0x33,0x00,0x00,0x04,0x06,0x22,0x26,0x35,0x34,0x37,0x26,0x35,0x34,0x3f,0x01,0x26,0x34,0x36,0x33,0x32,0x1f,0x01,0x37,
0x15,0x27,0x16,0x15,0x14,0x06,0x23,0x22,0x27,0x06,0x14,0x16,0x17,0x1e,0x01,0x05,0x14,0x32,0x35,0x34,0x26,0x2f,0x01,0x06,0x12,0x32,0x34,0x22,0x37,0x35,0x33,0x15,
0x02,0x03,0x84,0xe1,0x79,0x48,0x25,0x1e,0x09,0x44,0x73,0x5f,0x2b,0x2a,0x10,0xa1,0x4b,0x16,0x66,0x6d,0x17,0x12,0x0a,0x22,0x3f,0x7e,0x5c,0xfe,0xa6,0xd3,0x24,0x3a,
0x5a,0x1b,0x08,0x99,0x99,0x1a,0x86,0x94,0x52,0x3c,0x4f,0x3f,0x38,0x19,0x33,0x14,0x2e,0x0e,0x31,0xbf,0x56,0x0a,0x03,0x05,0x6b,0x06,0x22,0x22,0x64,0x4c,0x04,0x1a,
0x21,0x0c,0x01,0x01,0x41,0x64,0x2b,0x32,0x1b,0x0f,0x01,0x07,0x1b,0x01,0x32,0x93,0x96,0x87,0x87,0x00,0x00,0x02,0x00,0x2d,0xfe,0xc9,0x02,0x2b,0x02,0xb4,0x00,0x17,
0x00,0x1b,0x00,0x00,0x25,0x35,0x33,0x11,0x06,0x23,0x22,0x26,0x10,0x36,0x33,0x32,0x1f,0x01,0x07,0x26,0x22,0x0e,0x01,0x14,0x16,0x33,0x37,0x35,0x03,0x33,0x07,0x23,
0x01,0x65,0xc6,0x8f,0x59,0x9f,0x77,0x7c,0x95,0x5d,0x6c,0x24,0x04,0x78,0x99,0x3e,0x1d,0x3a,0x5b,0x53,0x99,0x82,0x37,0x79,0xf4,0x78,0xfe,0x9f,0x17,0xaa,0x01,0x72,
0xa4,0x15,0x07,0x6b,0x0d,0x24,0x61,0xeb,0x5e,0x04,0x84,0xfe,0xbf,0xea,0x00,0x00,0x00,0x04,0x00,0x25,0xff,0x1a,0x02,0x03,0x03,0x31,0x00,0x03,0x00,0x26,0x00,0x2f,
0x00,0x33,0x00,0x00,0x01,0x07,0x23,0x37,0x00,0x06,0x22,0x26,0x35,0x34,0x37,0x26,0x35,0x34,0x3f,0x01,0x26,0x34,0x36,0x33,0x32,0x1f,0x01,0x37,0x15,0x27,0x16,0x15,
0x14,0x06,0x23,0x22,0x27,0x06,0x14,0x16,0x17,0x1e,0x01,0x05,0x14,0x32,0x35,0x34,0x26,0x2f,0x01,0x06,0x12,0x32,0x34,0x22,0x01,0x5a,0x2e,0x82,0x37,0x01,0x22,0x84,
0xe1,0x79,0x48,0x25,0x1e,0x09,0x44,0x73,0x5f,0x2b,0x2a,0x10,0xa1,0x4b,0x16,0x66,0x6d,0x17,0x12,0x0a,0x22,0x3f,0x7e,0x5c,0xfe,0xa6,0xd3,0x24,0x3a,0x5a,0x1b,0x08,
0x99,0x99,0x03,0x31,0xea,0xea,0xfc,0x3b,0x52,0x3c,0x4f,0x3f,0x38,0x19,0x33,0x14,0x2e,0x0e,0x31,0xbf,0x56,0x0a,0x03,0x05,0x6b,0x06,0x22,0x22,0x64,0x4c,0x04,0x1a,
0x21,0x0c,0x01,0x01,0x41,0x64,0x2b,0x32,0x1b,0x0f,0x01,0x07,0x1b,0x01,0x32,0x93,0x00,0x02,0x00,0x4a,0x00,0x00,0x02,0x5b,0x03,0x92,0x00,0x0b,0x00,0x12,0x00,0x00,
0x21,0x11,0x23,0x11,0x23,0x11,0x33,0x11,0x33,0x11,0x33,0x11,0x01,0x37,0x33,0x17,0x23,0x27,0x07,0x01,0xd1,0xfd,0x8a,0x8a,0xfd,0x8a,0xfe,0x37,0x86,0x75,0x86,0x8e,
0x31,0x34,0x01,0x1a,0xfe,0xe6,0x02,0xa8,0xfe,0xea,0x01,0x16,0xfd,0x58,0x02,0xfd,0x95,0x95,0x38,0x38,0x00,0x02,0x00,0x3e,0x00,0x00,0x01,0xf0,0x03,0x85,0x00,0x12,
0x00,0x19,0x00,0x00,0x33,0x23,0x11,0x33,0x15,0x36,0x33,0x32,0x16,0x15,0x11,0x23,0x11,0x34,0x26,0x23,0x22,0x0f,0x01,0x03,0x37,0x33,0x17,0x23,0x27,0x07,0xc4,0x86,
0x86,0x45,0x37,0x64,0x4c,0x86,0x1e,0x2d,0x27,0x27,0x0d,0x59,0x7e,0x54,0x80,0x7b,0x2e,0x2e,0x02,0xbc,0xe0,0x24,0x76,0x7b,0xfe,0xf1,0x01,0x0c,0x3f,0x3d,0x0c,0x04,
0x01,0x76,0x97,0x97,0x43,0x43,0x00,0x00,0x00,0x02,0x00,0x13,0x00,0x00,0x02,0xa1,0x02,0xa8,0x00,0x13,0x00,0x17,0x00,0x00,0x13,0x35,0x33,0x35,0x33,0x15,0x33,0x35,
0x33,0x15,0x33,0x15,0x23,0x11,0x23,0x11,0x23,0x11,0x23,0x11,0x17,0x33,0x35,0x23,0x13,0x3b,0x8a,0xfd,0x8a,0x42,0x42,0x8a,0xfd,0x8a,0x8a,0xfd,0xfd,0x01,0xe6,0x74,
0x4e,0x4e,0x4e,0x4e,0x74,0xfe,0x1a,0x01,0x1a,0xfe,0xe6,0x01,0xe6,0x54,0x54,0x00,0x00,0x01,0x00,0x0c,0x00,0x00,0x01,0xf0,0x02,0xbc,0x00,0x1a,0x00,0x00,0x13,0x35,
0x33,0x35,0x33,0x15,0x33,0x15,0x23,0x15,0x36,0x33,0x32,0x16,0x15,0x11,0x23,0x11,0x34,0x26,0x23,0x22,0x0f,0x01,0x11,0x23,0x11,0x0c,0x32,0x86,0x8f,0x8f,0x45,0x37,
0x64,0x4c,0x86,0x1e,0x2d,0x27,0x27,0x0d,0x86,0x02,0x14,0x74,0x34,0x34,0x74,0x38,0x24,0x76,0x7b,0xfe,0xf1,0x01,0x0c,0x3f,0x3d,0x0c,0x04,0xfe,0x88,0x02,0x14,0x00,
0x00,0x02,0xff,0xcd,0x00,0x00,0x01,0x4e,0x03,0x9a,0x00,0x03,0x00,0x15,0x00,0x00,0x33,0x11,0x33,0x11,0x12,0x22,0x26,0x23,0x22,0x0f,0x01,0x27,0x3e,0x01,0x32,0x16,
0x33,0x32,0x3f,0x01,0x17,0x06,0x4a,0x8a,0x27,0x34,0x7f,0x0d,0x19,0x2a,0x0e,0x1d,0x14,0x3f,0x3b,0x7a,0x0b,0x17,0x2b,0x0f,0x1d,0x15,0x02,0xa8,0xfd,0x58,0x02,0xf6,
0x2e,0x20,0x0a,0x60,0x18,0x28,0x2e,0x20,0x0a,0x61,0x18,0x00,0x00,0x02,0xff,0xda,0x00,0x00,0x01,0x2e,0x02,0xd5,0x00,0x03,0x00,0x16,0x00,0x00,0x13,0x33,0x11,0x23,
0x12,0x06,0x22,0x26,0x23,0x22,0x0f,0x01,0x27,0x3e,0x01,0x32,0x16,0x33,0x32,0x3f,0x01,0x17,0x06,0x3e,0x86,0x86,0xd6,0x38,0x2d,0x5c,0x0d,0x1d,0x25,0x0d,0x1d,0x14,
0x3d,0x2d,0x5d,0x0c,0x18,0x2a,0x0e,0x1d,0x06,0x01,0xf4,0xfe,0x0c,0x02,0x6b,0x22,0x24,0x17,0x08,0x4b,0x17,0x25,0x24,0x19,0x09,0x4c,0x07,0x00,0x00,0x02,0xff,0xe5,
0x00,0x00,0x01,0x40,0x03,0x70,0x00,0x03,0x00,0x07,0x00,0x00,0x33,0x11,0x33,0x11,0x03,0x35,0x21,0x15,0x4a,0x8a,0xef,0x01,0x5b,0x02,0xa8,0xfd,0x58,0x03,0x0e,0x62,
0x62,0x00,0x00,0x00,0x00,0x02,0xff,0xf2,0x00,0x00,0x01,0x11,0x02,0xb9,0x00,0x03,0x00,0x07,0x00,0x00,0x13,0x33,0x11,0x23,0x03,0x35,0x21,0x15,0x3e,0x86,0x86,0x4c,
0x01,0x1f,0x01,0xf4,0xfe,0x0c,0x02,0x55,0x64,0x64,0x00,0x00,0x00,0x02,0xff,0xe6,0x00,0x00,0x01,0x5b,0x03,0x8e,0x00,0x03,0x00,0x0f,0x00,0x00,0x33,0x11,0x33,0x11,
0x02,0x16,0x32,0x36,0x37,0x33,0x0e,0x01,0x22,0x26,0x27,0x33,0x4a,0x8a,0x71,0x22,0x37,0x23,0x03,0x79,0x08,0x5d,0xac,0x5c,0x08,0x79,0x02,0xa8,0xfd,0x58,0x03,0x75,
0x20,0x20,0x19,0x44,0x53,0x53,0x44,0x00,0x00,0x02,0xff,0xdd,0x00,0x00,0x01,0x25,0x02,0xda,0x00,0x03,0x00,0x0f,0x00,0x00,0x13,0x33,0x11,0x23,0x13,0x32,0x37,0x33,
0x0e,0x01,0x22,0x26,0x27,0x33,0x1e,0x01,0x3e,0x86,0x86,0x43,0x38,0x07,0x65,0x08,0x55,0x8e,0x55,0x08,0x65,0x04,0x21,0x01,0xf4,0xfe,0x0c,0x02,0x98,0x42,0x41,0x5c,
0x5c,0x41,0x1f,0x23,0x00,0x01,0x00,0x14,0xff,0x28,0x00,0xe7,0x02,0xa8,0x00,0x10,0x00,0x00,0x33,0x11,0x33,0x11,0x0e,0x01,0x15,0x14,0x33,0x37,0x17,0x06,0x22,0x26,
0x35,0x34,0x37,0x4a,0x8a,0x18,0x2b,0x20,0x2a,0x0c,0x3b,0x5b,0x3d,0x44,0x02,0xa8,0xfd,0x58,0x0f,0x32,0x10,0x21,0x04,0x5f,0x0b,0x34,0x2c,0x42,0x36,0x00,0x00,0x00,
0x00,0x02,0x00,0x04,0xff,0x28,0x00,0xd7,0x02,0xbc,0x00,0x10,0x00,0x14,0x00,0x00,0x33,0x11,0x33,0x11,0x0e,0x01,0x15,0x14,0x33,0x37,0x17,0x06,0x22,0x26,0x35,0x34,
0x37,0x03,0x35,0x33,0x15,0x3e,0x86,0x18,0x2b,0x20,0x2a,0x0c,0x3b,0x5b,0x3d,0x46,0x0c,0x86,0x01,0xf4,0xfe,0x0c,0x0f,0x32,0x10,0x21,0x04,0x5f,0x0b,0x34,0x2c,0x43,
0x35,0x02,0x34,0x88,0x88,0x00,0x00,0x00,0x00,0x02,0x00,0x4a,0x00,0x00,0x00,0xd4,0x03,0x86,0x00,0x03,0x00,0x07,0x00,0x00,0x33,0x11,0x33,0x11,0x03,0x35,0x33,0x15,
0x4a,0x8a,0x88,0x86,0x02,0xa8,0xfd,0x58,0x02,0xff,0x87,0x87,0x00,0x01,0x00,0x3e,0x00,0x00,0x00,0xc4,0x01,0xf4,0x00,0x03,0x00,0x00,0x33,0x11,0x33,0x11,0x3e,0x86,
0x01,0xf4,0xfe,0x0c,0x00,0x02,0xff,0xe3,0xff,0xba,0x01,0x64,0x03,0x92,0x00,0x09,0x00,0x10,0x00,0x00,0x17,0x35,0x32,0x36,0x35,0x11,0x33,0x13,0x14,0x06,0x03,0x37,
0x33,0x17,0x23,0x27,0x07,0x13,0x28,0x24,0x89,0x01,0x61,0xa5,0x86,0x75,0x86,0x8e,0x31,0x34,0x46,0x78,0x1e,0x29,0x02,0x2f,0xfd,0xcb,0x6d,0x4c,0x03,0x43,0x95,0x95,
0x38,0x38,0x00,0x00,0x00,0x02,0xff,0xdb,0xff,0x1a,0x01,0x2d,0x02,0xdb,0x00,0x0a,0x00,0x11,0x00,0x00,0x37,0x11,0x33,0x11,0x14,0x06,0x07,0x27,0x3e,0x02,0x03,0x37,
0x33,0x17,0x23,0x27,0x07,0x3f,0x86,0x47,0x6b,0x35,0x2d,0x24,0x10,0x64,0x7e,0x54,0x80,0x7b,0x2e,0x2e,0x18,0x01,0xdc,0xfe,0x23,0x66,0x61,0x36,0x63,0x1e,0x22,0x2f,
0x02,0x58,0x97,0x97,0x43,0x43,0x00,0x00,0x00,0x02,0x00,0x4a,0xfe,0xc9,0x02,0x41,0x02,0xb2,0x00,0x0c,0x00,0x10,0x00,0x00,0x33,0x23,0x11,0x33,0x11,0x37,0x13,0x33,
0x03,0x13,0x23,0x03,0x07,0x13,0x33,0x07,0x23,0xd4,0x8a,0x8a,0x5a,0x70,0x9f,0x94,0x98,0x9f,0x72,0x5c,0x21,0x82,0x37,0x79,0x02,0xb2,0xfe,0xd8,0x0a,0x01,0x1e,0xfe,
0xa9,0xfe,0xa5,0x01,0x0f,0x0a,0xfe,0xae,0xea,0x00,0x00,0x00,0x00,0x02,0xff,0xf6,0xfe,0xc9,0x01,0xf7,0x02,0xbc,0x00,0x03,0x00,0x10,0x00,0x00,0x03,0x37,0x33,0x07,
0x13,0x23,0x11,0x33,0x11,0x3f,0x01,0x33,0x07,0x13,0x23,0x27,0x07,0x0a,0x2e,0x82,0x37,0x55,0x86,0x86,0x33,0x63,0x96,0x82,0x89,0x97,0x65,0x37,0xfe,0xc9,0xea,0xea,
0x01,0x37,0x02,0xbc,0xfe,0x72,0x09,0xbd,0xed,0xfe,0xf9,0xc3,0x09,0x00,0x00,0x00,0x00,0x02,0x00,0x4a,0x00,0x00,0x01,0xcd,0x03,0xb1,0x00,0x05,0x00,0x09,0x00,0x00,
0x29,0x01,0x11,0x33,0x11,0x33,0x01,0x37,0x17,0x05,0x01,0xcd,0xfe,0x7d,0x8a,0xf9,0xfe,0xa1,0xfc,0x29,0xfe,0xfc,0x02,0xb2,0xfd,0xd3,0x02,0xc2,0x6a,0x78,0x4f,0x00,
0x00,0x02,0x00,0x29,0x00,0x00,0x01,0x4d,0x03,0xc3,0x00,0x03,0x00,0x07,0x00,0x00,0x33,0x11,0x33,0x11,0x03,0x37,0x17,0x05,0x44,0x86,0xa1,0xfc,0x28,0xfe,0xfa,0x02,
0xbc,0xfd,0x44,0x03,0x5d,0x66,0x73,0x4a,0x00,0x02,0x00,0x4a,0xfe,0xc9,0x01,0xcd,0x02,0xa8,0x00,0x03,0x00,0x09,0x00,0x00,0x17,0x33,0x07,0x23,0x01,0x21,0x11,0x33,
0x11,0x33,0xcc,0x82,0x37,0x79,0x01,0x2f,0xfe,0x7d,0x8a,0xf9,0x4d,0xea,0x01,0x37,0x02,0xa8,0xfd,0xd2,0x00,0x02,0x00,0x14,0xfe,0xc9,0x00,0xca,0x02,0xbc,0x00,0x03,
0x00,0x07,0x00,0x00,0x33,0x11,0x33,0x11,0x07,0x33,0x07,0x23,0x44,0x86,0x88,0x82,0x37,0x79,0x02,0xbc,0xfd,0x44,0x4d,0xea,0x00,0x02,0x00,0x4a,0x00,0x00,0x01,0xcd,
0x02,0xb2,0x00,0x03,0x00,0x09,0x00,0x00,0x01,0x11,0x23,0x11,0x13,0x21,0x11,0x33,0x11,0x33,0x01,0xcd,0x82,0x82,0xfe,0x7d,0x8a,0xf9,0x02,0xb2,0xfe,0xfc,0x01,0x04,
0xfd,0x4e,0x02,0xa8,0xfd,0xd2,0x00,0x00,0x00,0x02,0x00,0x44,0x00,0x00,0x01,0xb1,0x02,0xbc,0x00,0x03,0x00,0x07,0x00,0x00,0x01,0x33,0x07,0x23,0x03,0x11,0x33,0x11,
0x01,0x2f,0x82,0x37,0x79,0xbd,0x86,0x02,0xa6,0xea,0xfe,0x44,0x02,0xbc,0xfd,0x44,0x00,0x01,0xff,0xe8,0x00,0x00,0x01,0xd6,0x02,0xa8,0x00,0x0d,0x00,0x00,0x29,0x01,
0x35,0x07,0x27,0x37,0x11,0x33,0x15,0x37,0x17,0x07,0x15,0x33,0x01,0xd6,0xfe,0x7d,0x2a,0x41,0x6b,0x8a,0x63,0x41,0xa4,0xf9,0xd9,0x1d,0x5a,0x4b,0x01,0x47,0xe7,0x46,
0x5a,0x73,0xc0,0x00,0x00,0x01,0x00,0x03,0x00,0x00,0x01,0x7d,0x02,0xbc,0x00,0x0b,0x00,0x00,0x33,0x35,0x07,0x27,0x37,0x11,0x33,0x15,0x37,0x17,0x07,0x11,0x77,0x33,
0x41,0x74,0x86,0x3f,0x41,0x80,0xda,0x23,0x5a,0x51,0x01,0x5a,0xfc,0x2c,0x5a,0x5a,0xfe,0xc8,0x00,0x00,0x00,0x02,0x00,0x4a,0x00,0x00,0x02,0x6b,0x03,0xb1,0x00,0x0b,
0x00,0x0f,0x00,0x00,0x33,0x11,0x33,0x13,0x33,0x11,0x33,0x11,0x23,0x03,0x23,0x11,0x03,0x37,0x17,0x05,0x4a,0xe9,0xa4,0x0a,0x8a,0xe3,0xaa,0x0a,0x0a,0xfc,0x29,0xfe,
0xfc,0x02,0xa8,0xfd,0xd0,0x02,0x30,0xfd,0x58,0x02,0x30,0xfd,0xd0,0x03,0x47,0x6a,0x78,0x4f,0x00,0x00,0x00,0x02,0x00,0x3e,0x00,0x00,0x01,0xf0,0x02,0xf1,0x00,0x13,
0x00,0x17,0x00,0x00,0x33,0x11,0x33,0x15,0x37,0x3e,0x01,0x33,0x32,0x16,0x15,0x30,0x11,0x23,0x11,0x34,0x26,0x22,0x07,0x11,0x03,0x37,0x17,0x05,0x3e,0x85,0x13,0x12,
0x3f,0x19,0x64,0x4c,0x86,0x1e,0x5c,0x2c,0x32,0xfc,0x28,0xfe,0xfa,0x01,0xf4,0x1c,0x0a,0x0a,0x14,0x76,0x7b,0xfe,0xf1,0x01,0x0b,0x40,0x3d,0x12,0xfe,0x8a,0x02,0x8b,
0x66,0x73,0x4a,0x00,0x00,0x02,0x00,0x4a,0xfe,0xc9,0x02,0x6b,0x02,0xa8,0x00,0x03,0x00,0x0f,0x00,0x00,0x05,0x33,0x07,0x23,0x03,0x11,0x33,0x13,0x33,0x11,0x33,0x11,
0x23,0x03,0x23,0x11,0x01,0x2b,0x82,0x37,0x79,0xb3,0xe9,0xa4,0x0a,0x8a,0xe3,0xaa,0x0a,0x4d,0xea,0x01,0x37,0x02,0xa8,0xfd,0xd0,0x02,0x30,0xfd,0x58,0x02,0x30,0xfd,
0xd0,0x00,0x00,0x00,0x00,0x02,0xff,0xf6,0xfe,0xc9,0x01,0xf0,0x02,0x00,0x00,0x03,0x00,0x16,0x00,0x00,0x03,0x37,0x33,0x07,0x13,0x23,0x11,0x33,0x15,0x36,0x33,0x32,
0x16,0x15,0x11,0x23,0x11,0x34,0x26,0x23,0x22,0x0f,0x01,0x0a,0x2e,0x82,0x37,0x55,0x86,0x85,0x44,0x39,0x64,0x4c,0x86,0x1e,0x2d,0x29,0x26,0x0c,0xfe,0xc9,0xea,0xea,
0x01,0x37,0x01,0xf4,0x1c,0x28,0x76,0x7b,0xfe,0xf1,0x01,0x0b,0x40,0x3d,0x0e,0x04,0x00,0x02,0x00,0x4a,0x00,0x00,0x02,0x6b,0x03,0x92,0x00,0x0b,0x00,0x12,0x00,0x00,
0x33,0x11,0x33,0x13,0x33,0x11,0x33,0x11,0x23,0x03,0x23,0x11,0x13,0x27,0x33,0x17,0x37,0x33,0x07,0x4a,0xe9,0xa4,0x0a,0x8a,0xe3,0xaa,0x0a,0x4d,0x86,0x8e,0x34,0x31,
0x8e,0x86,0x02,0xa8,0xfd,0xd0,0x02,0x30,0xfd,0x58,0x02,0x30,0xfd,0xd0,0x02,0xfd,0x95,0x38,0x38,0x95,0x00,0x02,0x00,0x3e,0x00,0x00,0x01,0xf0,0x02,0xdb,0x00,0x12,
0x00,0x19,0x00,0x00,0x33,0x23,0x11,0x33,0x15,0x36,0x33,0x32,0x16,0x15,0x11,0x23,0x11,0x34,0x26,0x23,0x22,0x0f,0x01,0x37,0x27,0x33,0x17,0x37,0x33,0x07,0xc4,0x86,
0x85,0x44,0x39,0x64,0x4c,0x86,0x1e,0x2d,0x29,0x26,0x0c,0x23,0x7e,0x7b,0x2e,0x2e,0x7b,0x80,0x01,0xf4,0x1c,0x28,0x76,0x7b,0xfe,0xf1,0x01,0x0b,0x40,0x3d,0x0e,0x04,
0xce,0x97,0x43,0x43,0x97,0x00,0x00,0x00,0x00,0x01,0x00,0x4a,0xff,0x2c,0x02,0x6b,0x02,0xa8,0x00,0x13,0x00,0x00,0x33,0x11,0x33,0x13,0x33,0x11,0x33,0x11,0x14,0x06,
0x23,0x35,0x32,0x36,0x3d,0x01,0x23,0x03,0x23,0x11,0x4a,0xe9,0xa4,0x0a,0x8a,0x61,0x75,0x28,0x24,0x59,0xaa,0x0a,0x02,0xa8,0xfd,0xd0,0x02,0x30,0xfd,0x3d,0x6d,0x4c,
0x78,0x1e,0x29,0x15,0x02,0x30,0xfd,0xd0,0x00,0x01,0x00,0x3d,0xff,0x08,0x01,0xf0,0x02,0x00,0x00,0x17,0x00,0x00,0x33,0x23,0x11,0x33,0x15,0x36,0x33,0x32,0x16,0x15,
0x11,0x14,0x06,0x07,0x27,0x3e,0x01,0x35,0x11,0x34,0x23,0x22,0x0f,0x01,0xc3,0x86,0x86,0x52,0x2f,0x5d,0x4f,0x43,0x6f,0x3c,0x45,0x23,0x42,0x1d,0x36,0x12,0x01,0xf3,
0x16,0x23,0x81,0x7a,0xff,0x00,0x69,0x60,0x34,0x6f,0x26,0x2d,0x36,0x01,0x05,0x80,0x0d,0x05,0x00,0x00,0x00,0x03,0x00,0x2c,0xff,0xf4,0x02,0x60,0x03,0x70,0x00,0x07,
0x00,0x0f,0x00,0x13,0x00,0x00,0x36,0x32,0x36,0x34,0x26,0x22,0x06,0x14,0x04,0x20,0x26,0x10,0x36,0x20,0x16,0x10,0x01,0x35,0x21,0x15,0xf5,0xa2,0x3b,0x3c,0xa0,0x3c,
0x01,0x27,0xfe,0xca,0x7f,0x7f,0x01,0x36,0x7f,0xfe,0x35,0x01,0x5b,0x6c,0x69,0xf7,0x70,0x70,0xf7,0xe1,0xa9,0x01,0x68,0xaf,0xaf,0xfe,0x98,0x02,0x71,0x62,0x62,0x00,
0x00,0x03,0x00,0x24,0xff,0xf4,0x01,0xf0,0x02,0xb9,0x00,0x07,0x00,0x0f,0x00,0x13,0x00,0x00,0x12,0x32,0x16,0x15,0x10,0x20,0x11,0x34,0x12,0x32,0x36,0x34,0x26,0x22,
0x06,0x14,0x03,0x35,0x21,0x15,0x8e,0xf8,0x6a,0xfe,0x34,0xb1,0x6a,0x29,0x29,0x6a,0x29,0x2e,0x01,0x1f,0x02,0x00,0x89,0x7c,0xfe,0xf9,0x01,0x07,0x7c,0xfe,0xef,0x48,
0x9a,0x46,0x46,0x9a,0x01,0xa7,0x64,0x64,0x00,0x03,0x00,0x2c,0xff,0xf4,0x02,0x60,0x03,0x8e,0x00,0x07,0x00,0x0f,0x00,0x1b,0x00,0x00,0x36,0x32,0x36,0x34,0x26,0x22,
0x06,0x14,0x04,0x20,0x26,0x10,0x36,0x20,0x16,0x10,0x00,0x16,0x32,0x36,0x37,0x33,0x0e,0x01,0x22,0x26,0x27,0x33,0xf5,0xa2,0x3b,0x3c,0xa0,0x3c,0x01,0x27,0xfe,0xca,
0x7f,0x7f,0x01,0x36,0x7f,0xfe,0xaa,0x22,0x37,0x23,0x03,0x79,0x08,0x5d,0xac,0x5c,0x08,0x79,0x6c,0x69,0xf7,0x70,0x70,0xf7,0xe1,0xa9,0x01,0x68,0xaf,0xaf,0xfe,0x98,
0x02,0xd8,0x20,0x20,0x19,0x44,0x53,0x53,0x44,0x00,0x00,0x00,0x00,0x03,0x00,0x24,0xff,0xf4,0x01,0xf0,0x02,0xda,0x00,0x07,0x00,0x0f,0x00,0x1b,0x00,0x00,0x12,0x32,
0x16,0x15,0x10,0x20,0x11,0x34,0x12,0x32,0x36,0x34,0x26,0x22,0x06,0x14,0x13,0x32,0x37,0x33,0x0e,0x01,0x22,0x26,0x27,0x33,0x1e,0x01,0x8e,0xf8,0x6a,0xfe,0x34,0xb1,
0x6a,0x29,0x29,0x6a,0x29,0x60,0x38,0x07,0x65,0x08,0x55,0x8e,0x55,0x08,0x65,0x04,0x21,0x02,0x00,0x89,0x7c,0xfe,0xf9,0x01,0x07,0x7c,0xfe,0xef,0x48,0x9a,0x46,0x46,
0x9a,0x01,0xea,0x42,0x41,0x5c,0x5c,0x41,0x1f,0x23,0x00,0x00,0x00,0x04,0x00,0x2c,0xff,0xf4,0x02,0x60,0x03,0xcd,0x00,0x07,0x00,0x0f,0x00,0x13,0x00,0x17,0x00,0x00,
0x36,0x32,0x36,0x34,0x26,0x22,0x06,0x14,0x04,0x20,0x26,0x10,0x36,0x20,0x16,0x10,0x03,0x37,0x17,0x07,0x25,0x37,0x17,0x07,0xf5,0xa2,0x3b,0x3c,0xa0,0x3c,0x01,0x27,
0xfe,0xca,0x7f,0x7f,0x01,0x36,0x7f,0xf2,0x43,0x74,0x4e,0xfe,0xc7,0x43,0x74,0x4e,0x6c,0x69,0xf7,0x70,0x70,0xf7,0xe1,0xa9,0x01,0x68,0xaf,0xaf,0xfe,0x98,0x02,0x6a,
0xc5,0x2a,0xbf,0x25,0xc5,0x2a,0xbf,0x00,0x00,0x04,0x00,0x24,0xff,0xf4,0x01,0xf0,0x03,0x32,0x00,0x07,0x00,0x0f,0x00,0x13,0x00,0x17,0x00,0x00,0x12,0x32,0x16,0x15,
0x10,0x20,0x11,0x34,0x12,0x32,0x36,0x34,0x26,0x22,0x06,0x14,0x13,0x37,0x17,0x07,0x25,0x37,0x17,0x07,0x8e,0xf8,0x6a,0xfe,0x34,0xb1,0x6a,0x29,0x29,0x6a,0x29,0x55,
0x75,0x6d,0x7d,0xfe,0xcf,0x75,0x6d,0x7d,0x02,0x00,0x89,0x7c,0xfe,0xf9,0x01,0x07,0x7c,0xfe,0xef,0x48,0x9a,0x46,0x46,0x9a,0x01,0xc6,0xbe,0x43,0xbc,0x41,0xbd,0x42,
0xbc,0x00,0x00,0x00,0x00,0x02,0x00,0x2e,0xff,0xf4,0x03,0x5d,0x02,0xbe,0x00,0x13,0x00,0x1d,0x00,0x00,0x29,0x01,0x06,0x23,0x22,0x26,0x10,0x36,0x33,0x32,0x17,0x21,
0x15,0x21,0x15,0x33,0x15,0x23,0x15,0x21,0x05,0x32,0x37,0x11,0x26,0x22,0x0e,0x01,0x14,0x16,0x03,0x5d,0xfe,0x4c,0x4c,0x2b,0x97,0x6d,0x75,0x8f,0x2b,0x4a,0x01,0xb6,
0xfe,0xd2,0xf2,0xf2,0x01,0x2e,0xfd,0xed,0x19,0x44,0x46,0x52,0x39,0x1a,0x37,0x0c,0xa7,0x01,0x82,0xa1,0x0c,0x84,0x8f,0x83,0x98,0x08,0x06,0x01,0xae,0x06,0x23,0x5f,
0xde,0x5a,0x00,0x00,0x00,0x03,0x00,0x24,0xff,0xf4,0x03,0x1f,0x01,0xff,0x00,0x19,0x00,0x21,0x00,0x27,0x00,0x00,0x24,0x16,0x33,0x32,0x3f,0x01,0x17,0x06,0x22,0x27,
0x06,0x22,0x26,0x34,0x36,0x33,0x32,0x16,0x17,0x3e,0x01,0x33,0x32,0x15,0x07,0x21,0x04,0x32,0x36,0x34,0x26,0x22,0x06,0x14,0x25,0x33,0x34,0x26,0x22,0x06,0x01,0xf0,
0x2e,0x2d,0x44,0x62,0x1c,0x02,0x73,0xc9,0x2d,0x30,0xe8,0x6a,0x6a,0x7c,0x3a,0x4e,0x1a,0x1a,0x4b,0x34,0xda,0x0a,0xfe,0xda,0xfe,0xe6,0x6a,0x29,0x29,0x6a,0x29,0x01,
0x42,0xad,0x27,0x5e,0x28,0x95,0x26,0x07,0x02,0x68,0x1c,0x44,0x44,0x8a,0xf8,0x89,0x25,0x2c,0x2d,0x24,0xe1,0x5e,0x53,0x44,0x92,0x43,0x43,0x92,0x76,0x35,0x2c,0x2f,
0x00,0x03,0x00,0x4a,0x00,0x00,0x02,0x42,0x03,0xb1,0x00,0x0b,0x00,0x13,0x00,0x17,0x00,0x00,0x37,0x15,0x23,0x11,0x21,0x32,0x15,0x14,0x07,0x13,0x23,0x27,0x12,0x26,
0x2b,0x01,0x15,0x33,0x32,0x36,0x01,0x37,0x17,0x05,0xd4,0x8a,0x01,0x08,0xf0,0x64,0x61,0x97,0x4f,0x5c,0x33,0x30,0x7e,0x80,0x31,0x30,0xfe,0xf5,0xfc,0x29,0xfe,0xfc,
0xe4,0xe4,0x02,0xa8,0xe0,0x85,0x3f,0xfe,0xfc,0xe4,0x01,0x14,0x3a,0xd8,0x3c,0x01,0xb1,0x6a,0x78,0x4f,0x00,0x02,0x00,0x30,0x00,0x00,0x01,0x63,0x02,0xf1,0x00,0x0a,
0x00,0x0e,0x00,0x00,0x33,0x11,0x33,0x15,0x36,0x37,0x15,0x06,0x0f,0x01,0x11,0x03,0x37,0x17,0x05,0x3e,0x85,0x54,0x4c,0x51,0x3a,0x14,0x94,0xfc,0x28,0xfe,0xfa,0x01,
0xf4,0x35,0x32,0x0f,0x87,0x11,0x12,0x07,0xfe,0xb1,0x02,0x8b,0x66,0x73,0x4a,0x00,0x00,0x03,0x00,0x4a,0xfe,0xc9,0x02,0x42,0x02,0xa8,0x00,0x03,0x00,0x0f,0x00,0x17,
0x00,0x00,0x13,0x37,0x33,0x07,0x03,0x15,0x23,0x11,0x21,0x32,0x15,0x14,0x07,0x13,0x23,0x27,0x3e,0x01,0x34,0x26,0x2b,0x01,0x15,0x33,0xd3,0x2e,0x82,0x37,0x78,0x8a,
0x01,0x08,0xf0,0x64,0x61,0x97,0x4f,0x2c,0x30,0x33,0x30,0x7e,0x80,0xfe,0xc9,0xea,0xea,0x02,0x1b,0xe4,0x02,0xa8,0xe0,0x85,0x3f,0xfe,0xfc,0xe4,0x76,0x3c,0x62,0x3a,
0xd8,0x00,0x00,0x00,0x00,0x02,0x00,0x10,0xfe,0xc9,0x01,0x63,0x02,0x00,0x00,0x03,0x00,0x0e,0x00,0x00,0x17,0x33,0x07,0x23,0x13,0x11,0x33,0x15,0x36,0x37,0x15,0x06,
0x0f,0x01,0x11,0x3e,0x82,0x37,0x79,0x2e,0x85,0x54,0x4c,0x51,0x3a,0x14,0x4d,0xea,0x01,0x37,0x01,0xf4,0x35,0x32,0x0f,0x87,0x11,0x12,0x07,0xfe,0xb1,0x00,0x00,0x00,
0x00,0x03,0x00,0x4a,0x00,0x00,0x02,0x42,0x03,0x92,0x00,0x0b,0x00,0x13,0x00,0x1a,0x00,0x00,0x37,0x15,0x23,0x11,0x21,0x32,0x15,0x14,0x07,0x13,0x23,0x27,0x3e,0x01,
0x34,0x26,0x2b,0x01,0x15,0x33,0x03,0x27,0x33,0x17,0x37,0x33,0x07,0xd4,0x8a,0x01,0x08,0xf0,0x64,0x61,0x97,0x4f,0x2c,0x30,0x33,0x30,0x7e,0x80,0x63,0x86,0x8e,0x34,
0x31,0x8e,0x86,0xe4,0xe4,0x02,0xa8,0xe0,0x85,0x3f,0xfe,0xfc,0xe4,0x76,0x3c,0x62,0x3a,0xd8,0x01,0xa3,0x95,0x38,0x38,0x95,0x00,0x02,0x00,0x05,0x00,0x00,0x01,0x63,
0x02,0xdb,0x00,0x0a,0x00,0x11,0x00,0x00,0x33,0x11,0x33,0x15,0x36,0x37,0x15,0x06,0x0f,0x01,0x11,0x03,0x27,0x33,0x17,0x37,0x33,0x07,0x3e,0x85,0x54,0x4c,0x51,0x3a,
0x14,0x41,0x7e,0x7b,0x2e,0x2e,0x7b,0x80,0x01,0xf4,0x35,0x32,0x0f,0x87,0x11,0x12,0x07,0xfe,0xb1,0x02,0x44,0x97,0x43,0x43,0x97,0x00,0x00,0x00,0x00,0x02,0x00,0x25,
0xff,0xf4,0x01,0xfb,0x03,0xb1,0x00,0x20,0x00,0x24,0x00,0x00,0x01,0x22,0x15,0x14,0x1e,0x02,0x15,0x14,0x06,0x23,0x22,0x2f,0x01,0x37,0x16,0x33,0x32,0x35,0x34,0x26,
0x27,0x2e,0x01,0x35,0x34,0x36,0x33,0x32,0x1f,0x01,0x07,0x26,0x03,0x37,0x17,0x05,0x01,0x1b,0x6d,0x36,0xc7,0x50,0x82,0x69,0x4e,0x71,0x24,0x0e,0x86,0x47,0x6a,0x31,
0x49,0x74,0x5f,0x7c,0x6c,0x4a,0x72,0x24,0x0b,0x8d,0xc5,0xfc,0x29,0xfe,0xfc,0x02,0x3c,0x48,0x20,0x22,0x40,0x51,0x54,0x6b,0x6e,0x18,0x07,0x6b,0x12,0x58,0x20,0x24,
0x15,0x21,0x5b,0x51,0x66,0x64,0x14,0x07,0x6d,0x10,0x01,0x0b,0x6a,0x78,0x4f,0x00,0x00,0x02,0x00,0x24,0xff,0xf4,0x01,0xb5,0x02,0xf1,0x00,0x1b,0x00,0x1f,0x00,0x00,
0x01,0x26,0x22,0x06,0x14,0x1e,0x02,0x15,0x14,0x23,0x22,0x2f,0x01,0x37,0x16,0x32,0x36,0x34,0x2e,0x02,0x34,0x36,0x33,0x32,0x1f,0x01,0x25,0x37,0x17,0x05,0x01,0xa5,
0x7c,0x63,0x1d,0x27,0xa1,0x44,0xc9,0x42,0x5e,0x20,0x04,0x7c,0x61,0x23,0x25,0x9b,0x4c,0x6c,0x55,0x3b,0x66,0x21,0xfe,0xb4,0xfc,0x28,0xfe,0xfa,0x01,0x77,0x10,0x12,
0x27,0x0f,0x1d,0x42,0x4a,0xa2,0x12,0x06,0x70,0x10,0x13,0x26,0x12,0x1a,0x3e,0x9f,0x51,0x13,0x06,0xa5,0x66,0x73,0x4a,0x00,0x00,0x02,0x00,0x25,0xff,0xf4,0x01,0xfb,
0x03,0x92,0x00,0x20,0x00,0x27,0x00,0x00,0x01,0x22,0x15,0x14,0x1e,0x02,0x15,0x14,0x06,0x23,0x22,0x2f,0x01,0x37,0x16,0x33,0x32,0x35,0x34,0x26,0x27,0x2e,0x01,0x35,
0x34,0x36,0x33,0x32,0x1f,0x01,0x07,0x26,0x25,0x37,0x33,0x17,0x23,0x27,0x07,0x01,0x1b,0x6d,0x36,0xc7,0x50,0x82,0x69,0x4e,0x71,0x24,0x0e,0x86,0x47,0x6a,0x31,0x49,
0x74,0x5f,0x7c,0x6c,0x4a,0x72,0x24,0x0b,0x8d,0xfe,0xff,0x86,0x75,0x86,0x8e,0x31,0x34,0x02,0x3c,0x48,0x20,0x22,0x40,0x51,0x54,0x6b,0x6e,0x18,0x07,0x6b,0x12,0x58,
0x20,0x24,0x15,0x21,0x5b,0x51,0x66,0x64,0x14,0x07,0x6d,0x10,0xc1,0x95,0x95,0x38,0x38,0x00,0x00,0x00,0x00,0x02,0x00,0x24,0xff,0xf4,0x01,0xb5,0x02,0xdb,0x00,0x1b,
0x00,0x22,0x00,0x00,0x01,0x26,0x22,0x06,0x14,0x1e,0x02,0x15,0x14,0x23,0x22,0x2f,0x01,0x37,0x16,0x32,0x36,0x34,0x2e,0x02,0x34,0x36,0x33,0x32,0x1f,0x01,0x25,0x37,
0x33,0x17,0x23,0x27,0x07,0x01,0xa5,0x7c,0x63,0x1d,0x27,0xa1,0x44,0xc9,0x42,0x5e,0x20,0x04,0x7c,0x61,0x23,0x25,0x9b,0x4c,0x6c,0x55,0x3b,0x66,0x21,0xfe,0x9d,0x7e,
0x54,0x80,0x7b,0x2e,0x2e,0x01,0x77,0x10,0x12,0x27,0x0f,0x1d,0x42,0x4a,0xa2,0x12,0x06,0x70,0x10,0x13,0x26,0x12,0x1a,0x3e,0x9f,0x51,0x13,0x06,0x5e,0x97,0x97,0x43,
0x43,0x00,0x00,0x00,0x00,0x01,0x00,0x25,0xff,0x0f,0x01,0xfb,0x02,0xb4,0x00,0x31,0x00,0x00,0x04,0x16,0x14,0x06,0x23,0x22,0x2f,0x01,0x37,0x16,0x33,0x32,0x35,0x34,
0x2b,0x01,0x35,0x26,0x2f,0x01,0x37,0x16,0x33,0x32,0x35,0x34,0x26,0x27,0x2e,0x01,0x35,0x34,0x36,0x33,0x32,0x1f,0x01,0x07,0x26,0x23,0x22,0x15,0x14,0x1e,0x02,0x14,
0x06,0x07,0x15,0x01,0x77,0x3b,0x3a,0x35,0x2c,0x23,0x0e,0x04,0x1f,0x11,0x26,0x26,0x18,0x4c,0x68,0x21,0x0e,0x86,0x47,0x6a,0x31,0x49,0x74,0x5f,0x7c,0x6c,0x4a,0x72,
0x24,0x0b,0x8d,0x3a,0x6d,0x36,0xc7,0x50,0x6b,0x59,0x26,0x24,0x6e,0x39,0x08,0x03,0x4e,0x01,0x1a,0x16,0x5d,0x02,0x16,0x07,0x6b,0x12,0x58,0x20,0x24,0x15,0x21,0x5b,
0x51,0x66,0x64,0x14,0x07,0x6d,0x10,0x48,0x20,0x22,0x40,0x51,0xb4,0x6e,0x09,0x1b,0x00,0x01,0x00,0x24,0xff,0x0f,0x01,0xb5,0x01,0xff,0x00,0x2d,0x00,0x00,0x04,0x16,
0x14,0x06,0x23,0x22,0x2f,0x01,0x37,0x16,0x33,0x32,0x35,0x34,0x2b,0x01,0x35,0x26,0x2f,0x01,0x37,0x16,0x32,0x36,0x34,0x2e,0x02,0x34,0x36,0x33,0x32,0x1f,0x01,0x07,
0x26,0x22,0x06,0x14,0x1e,0x02,0x15,0x14,0x07,0x15,0x01,0x40,0x3b,0x3a,0x35,0x2b,0x25,0x0d,0x04,0x1f,0x11,0x26,0x26,0x18,0x3f,0x48,0x18,0x04,0x7c,0x61,0x23,0x25,
0x9b,0x4c,0x6c,0x55,0x3b,0x66,0x21,0x02,0x7c,0x63,0x1d,0x27,0xa1,0x44,0xb5,0x26,0x24,0x6e,0x39,0x08,0x03,0x4e,0x01,0x1a,0x16,0x5f,0x04,0x0e,0x04,0x70,0x10,0x13,
0x26,0x12,0x1a,0x3e,0x9f,0x51,0x13,0x06,0x6f,0x10,0x12,0x27,0x0f,0x1d,0x42,0x4a,0x9b,0x06,0x1a,0x00,0x00,0x02,0x00,0x25,0xff,0xf4,0x01,0xfb,0x03,0x92,0x00,0x20,
0x00,0x27,0x00,0x00,0x01,0x22,0x15,0x14,0x1e,0x02,0x15,0x14,0x06,0x23,0x22,0x2f,0x01,0x37,0x16,0x33,0x32,0x35,0x34,0x26,0x27,0x2e,0x01,0x35,0x34,0x36,0x33,0x32,
0x1f,0x01,0x07,0x26,0x2f,0x01,0x33,0x17,0x37,0x33,0x07,0x01,0x1b,0x6d,0x36,0xc7,0x50,0x82,0x69,0x4e,0x71,0x24,0x0e,0x86,0x47,0x6a,0x31,0x49,0x74,0x5f,0x7c,0x6c,
0x4a,0x72,0x24,0x0b,0x8d,0x6a,0x86,0x8e,0x34,0x31,0x8e,0x86,0x02,0x3c,0x48,0x20,0x22,0x40,0x51,0x54,0x6b,0x6e,0x18,0x07,0x6b,0x12,0x58,0x20,0x24,0x15,0x21,0x5b,
0x51,0x66,0x64,0x14,0x07,0x6d,0x10,0xc1,0x95,0x38,0x38,0x95,0x00,0x02,0x00,0x24,0xff,0xf4,0x01,0xb5,0x02,0xdb,0x00,0x1b,0x00,0x22,0x00,0x00,0x01,0x26,0x22,0x06,
0x14,0x1e,0x02,0x15,0x14,0x23,0x22,0x2f,0x01,0x37,0x16,0x32,0x36,0x34,0x2e,0x02,0x34,0x36,0x33,0x32,0x1f,0x01,0x2f,0x01,0x33,0x17,0x37,0x33,0x07,0x01,0xa5,0x7c,
0x63,0x1d,0x27,0xa1,0x44,0xc9,0x42,0x5e,0x20,0x04,0x7c,0x61,0x23,0x25,0x9b,0x4c,0x6c,0x55,0x3b,0x66,0x21,0xdc,0x7e,0x7b,0x2e,0x2e,0x7b,0x80,0x01,0x77,0x10,0x12,
0x27,0x0f,0x1d,0x42,0x4a,0xa2,0x12,0x06,0x70,0x10,0x13,0x26,0x12,0x1a,0x3e,0x9f,0x51,0x13,0x06,0x5e,0x97,0x43,0x43,0x97,0x00,0x01,0x00,0x17,0xff,0x0f,0x01,0x54,
0x02,0x7f,0x00,0x29,0x00,0x00,0x1e,0x01,0x14,0x06,0x23,0x22,0x2f,0x01,0x37,0x16,0x33,0x32,0x35,0x34,0x2b,0x01,0x35,0x33,0x2e,0x01,0x3d,0x01,0x23,0x35,0x33,0x35,
0x33,0x15,0x33,0x15,0x23,0x15,0x14,0x1e,0x01,0x33,0x37,0x17,0x06,0x22,0x27,0x15,0xe1,0x3b,0x3a,0x35,0x2c,0x23,0x0e,0x04,0x1f,0x11,0x26,0x26,0x18,0x2d,0x28,0x1f,
0x3b,0x3b,0x86,0x7b,0x7b,0x03,0x13,0x14,0x4c,0x06,0x43,0x53,0x1d,0x26,0x24,0x6e,0x39,0x08,0x03,0x4e,0x01,0x1a,0x16,0x6a,0x10,0x52,0x4f,0xd0,0x72,0x8b,0x8b,0x72,
0xcd,0x1e,0x19,0x12,0x02,0x6b,0x0f,0x0a,0x23,0x00,0x00,0x00,0x00,0x02,0x00,0x0d,0x00,0x00,0x02,0x01,0x03,0x92,0x00,0x07,0x00,0x0e,0x00,0x00,0x13,0x35,0x21,0x15,
0x23,0x11,0x23,0x11,0x37,0x27,0x33,0x17,0x37,0x33,0x07,0x0d,0x01,0xf4,0xb4,0x8a,0x0b,0x86,0x8e,0x34,0x31,0x8e,0x86,0x02,0x2e,0x7a,0x7a,0xfd,0xd2,0x02,0x2e,0xcf,
0x95,0x38,0x38,0x95,0x00,0x02,0x00,0x18,0xff,0xf4,0x01,0xfa,0x02,0xb2,0x00,0x15,0x00,0x19,0x00,0x00,0x01,0x23,0x15,0x14,0x1e,0x01,0x33,0x37,0x17,0x06,0x23,0x22,
0x26,0x3d,0x01,0x23,0x35,0x33,0x35,0x33,0x15,0x33,0x37,0x11,0x23,0x11,0x01,0x54,0x7b,0x03,0x13,0x14,0x4c,0x06,0x43,0x23,0x5a,0x42,0x3b,0x3b,0x86,0x7b,0xa6,0x82,
0x01,0x7a,0xbd,0x1e,0x19,0x12,0x02,0x73,0x0f,0x51,0x6d,0xc8,0x79,0x8c,0x8c,0xbf,0xfe,0xfc,0x01,0x04,0x00,0x01,0x00,0x0e,0x00,0x00,0x02,0x02,0x02,0xa8,0x00,0x0f,
0x00,0x00,0x13,0x35,0x21,0x15,0x23,0x15,0x33,0x15,0x23,0x15,0x23,0x35,0x23,0x35,0x33,0x35,0x0e,0x01,0xf4,0xb4,0x8b,0x8b,0x8a,0x84,0x84,0x02,0x2e,0x7a,0x7a,0xbd,
0x74,0xfd,0xfd,0x74,0xbd,0x00,0x00,0x00,0x00,0x01,0x00,0x17,0xff,0xf4,0x01,0x54,0x02,0x7f,0x00,0x1d,0x00,0x00,0x01,0x23,0x15,0x33,0x15,0x23,0x15,0x14,0x1e,0x01,
0x33,0x37,0x17,0x06,0x23,0x22,0x26,0x3d,0x01,0x23,0x35,0x33,0x35,0x23,0x35,0x33,0x35,0x33,0x15,0x33,0x01,0x53,0x7b,0x5f,0x5f,0x03,0x13,0x14,0x4c,0x06,0x43,0x23,
0x5a,0x42,0x1e,0x1e,0x3b,0x3b,0x86,0x7b,0x01,0x7a,0x45,0x64,0x14,0x1e,0x19,0x12,0x02,0x73,0x0f,0x51,0x6d,0x1f,0x64,0x45,0x79,0x8c,0x8c,0x00,0x00,0x02,0x00,0x44,
0xff,0xf4,0x02,0x4a,0x03,0x9a,0x00,0x0d,0x00,0x1f,0x00,0x00,0x37,0x14,0x32,0x35,0x11,0x33,0x11,0x14,0x06,0x20,0x26,0x35,0x11,0x33,0x36,0x22,0x26,0x23,0x22,0x0f,
0x01,0x27,0x3e,0x01,0x32,0x16,0x33,0x32,0x3f,0x01,0x17,0x06,0xce,0xf2,0x8a,0x81,0xfe,0xfc,0x81,0x8a,0xe0,0x34,0x7f,0x0d,0x19,0x2a,0x0e,0x1d,0x14,0x3f,0x3b,0x7a,
0x0b,0x17,0x2c,0x0e,0x1d,0x15,0xe3,0x77,0x77,0x01,0xc5,0xfe,0x3e,0x7d,0x75,0x75,0x7d,0x01,0xc2,0x4e,0x2e,0x20,0x0a,0x60,0x18,0x28,0x2e,0x20,0x0a,0x61,0x18,0x00,
0x00,0x02,0x00,0x39,0xff,0xf4,0x01,0xeb,0x02,0xd5,0x00,0x13,0x00,0x26,0x00,0x00,0x01,0x11,0x23,0x35,0x07,0x0e,0x01,0x23,0x22,0x26,0x35,0x30,0x11,0x33,0x11,0x14,
0x16,0x32,0x37,0x11,0x36,0x06,0x22,0x26,0x23,0x22,0x0f,0x01,0x27,0x3e,0x01,0x32,0x16,0x33,0x32,0x3f,0x01,0x17,0x06,0x01,0xeb,0x85,0x14,0x13,0x3e,0x18,0x68,0x48,
0x86,0x18,0x60,0x2e,0x38,0x38,0x2d,0x5c,0x0e,0x1c,0x25,0x0d,0x1d,0x14,0x3d,0x2d,0x5d,0x0c,0x18,0x2a,0x0e,0x1d,0x06,0x01,0xf4,0xfe,0x0c,0x1c,0x0a,0x0a,0x14,0x73,
0x87,0x01,0x06,0xfe,0xf8,0x4a,0x36,0x12,0x01,0x76,0x77,0x22,0x24,0x17,0x08,0x4b,0x17,0x25,0x24,0x19,0x09,0x4c,0x07,0x00,0x00,0x02,0x00,0x44,0xff,0xf4,0x02,0x4a,
0x03,0x70,0x00,0x0d,0x00,0x11,0x00,0x00,0x37,0x14,0x32,0x35,0x11,0x33,0x11,0x14,0x06,0x20,0x26,0x35,0x11,0x33,0x27,0x35,0x21,0x15,0xce,0xf2,0x8a,0x81,0xfe,0xfc,
0x81,0x8a,0x31,0x01,0x5b,0xe3,0x77,0x77,0x01,0xc5,0xfe,0x3e,0x7d,0x75,0x75,0x7d,0x01,0xc2,0x66,0x62,0x62,0x00,0x00,0x00,0x00,0x02,0x00,0x39,0xff,0xf4,0x01,0xeb,
0x02,0xb9,0x00,0x13,0x00,0x17,0x00,0x00,0x01,0x11,0x23,0x35,0x07,0x0e,0x01,0x23,0x22,0x26,0x35,0x30,0x11,0x33,0x11,0x14,0x16,0x32,0x37,0x11,0x27,0x35,0x21,0x15,
0x01,0xeb,0x85,0x14,0x13,0x3e,0x18,0x68,0x48,0x86,0x18,0x60,0x2e,0xe0,0x01,0x1f,0x01,0xf4,0xfe,0x0c,0x1c,0x0a,0x0a,0x14,0x73,0x87,0x01,0x06,0xfe,0xf8,0x4a,0x36,
0x12,0x01,0x76,0x61,0x64,0x64,0x00,0x00,0x00,0x02,0x00,0x44,0xff,0xf4,0x02,0x4a,0x03,0x8e,0x00,0x0d,0x00,0x19,0x00,0x00,0x37,0x14,0x32,0x35,0x11,0x33,0x11,0x14,
0x06,0x20,0x26,0x35,0x11,0x33,0x36,0x16,0x32,0x36,0x37,0x33,0x0e,0x01,0x22,0x26,0x27,0x33,0xce,0xf2,0x8a,0x81,0xfe,0xfc,0x81,0x8a,0x40,0x22,0x37,0x23,0x03,0x79,
0x08,0x5d,0xac,0x5c,0x08,0x79,0xe3,0x77,0x77,0x01,0xc5,0xfe,0x3e,0x7d,0x75,0x75,0x7d,0x01,0xc2,0xcd,0x20,0x20,0x19,0x44,0x53,0x53,0x44,0x00,0x00,0x02,0x00,0x39,
0xff,0xf4,0x01,0xeb,0x02,0xda,0x00,0x13,0x00,0x1f,0x00,0x00,0x01,0x11,0x23,0x35,0x07,0x0e,0x01,0x23,0x22,0x26,0x35,0x30,0x11,0x33,0x11,0x14,0x16,0x32,0x37,0x11,
0x27,0x32,0x37,0x33,0x0e,0x01,0x22,0x26,0x27,0x33,0x1e,0x01,0x01,0xeb,0x85,0x14,0x13,0x3e,0x18,0x68,0x48,0x86,0x18,0x60,0x2e,0x51,0x38,0x07,0x65,0x08,0x55,0x8e,
0x55,0x08,0x65,0x04,0x21,0x01,0xf4,0xfe,0x0c,0x1c,0x0a,0x0a,0x14,0x73,0x87,0x01,0x06,0xfe,0xf8,0x4a,0x36,0x12,0x01,0x76,0xa4,0x42,0x41,0x5c,0x5c,0x41,0x1f,0x23,
0x00,0x03,0x00,0x44,0xff,0xf4,0x02,0x4a,0x03,0xc5,0x00,0x0d,0x00,0x15,0x00,0x1d,0x00,0x00,0x37,0x14,0x32,0x35,0x11,0x33,0x11,0x14,0x06,0x20,0x26,0x35,0x11,0x33,
0x24,0x14,0x06,0x22,0x26,0x34,0x36,0x32,0x06,0x14,0x16,0x32,0x36,0x34,0x26,0x22,0xce,0xf2,0x8a,0x81,0xfe,0xfc,0x81,0x8a,0x01,0x13,0x56,0x80,0x56,0x56,0x80,0x7b,
0x20,0x36,0x20,0x20,0x36,0xe3,0x77,0x77,0x01,0xc5,0xfe,0x3e,0x7d,0x75,0x75,0x7d,0x01,0xc2,0xda,0x76,0x43,0x43,0x76,0x43,0x6b,0x26,0x16,0x16,0x26,0x16,0x00,0x00,
0x00,0x03,0x00,0x39,0xff,0xf4,0x01,0xeb,0x02,0xf3,0x00,0x13,0x00,0x1b,0x00,0x23,0x00,0x00,0x01,0x11,0x23,0x35,0x07,0x0e,0x01,0x23,0x22,0x26,0x35,0x30,0x11,0x33,
0x11,0x14,0x16,0x32,0x37,0x11,0x2e,0x01,0x34,0x36,0x32,0x16,0x14,0x06,0x26,0x14,0x16,0x32,0x36,0x34,0x26,0x22,0x01,0xeb,0x85,0x14,0x13,0x3e,0x18,0x68,0x48,0x86,
0x18,0x60,0x2e,0x83,0x43,0x43,0x63,0x44,0x44,0x5e,0x1a,0x28,0x19,0x1a,0x27,0x01,0xf4,0xfe,0x0c,0x1c,0x0a,0x0a,0x14,0x73,0x87,0x01,0x06,0xfe,0xf8,0x4a,0x36,0x12,
0x01,0x76,0x15,0x43,0x63,0x44,0x44,0x63,0x43,0x89,0x28,0x1a,0x1a,0x28,0x19,0x00,0x00,0x03,0x00,0x44,0xff,0xf4,0x02,0x4a,0x03,0xcd,0x00,0x0d,0x00,0x11,0x00,0x15,
0x00,0x00,0x37,0x14,0x32,0x35,0x11,0x33,0x11,0x14,0x06,0x20,0x26,0x35,0x11,0x33,0x3f,0x01,0x17,0x07,0x25,0x37,0x17,0x07,0xce,0xf2,0x8a,0x81,0xfe,0xfc,0x81,0x8a,
0x9b,0x43,0x74,0x4e,0xfe,0xc7,0x43,0x74,0x4e,0xe3,0x77,0x77,0x01,0xc5,0xfe,0x3e,0x7d,0x75,0x75,0x7d,0x01,0xc2,0x5f,0xc5,0x2a,0xbf,0x25,0xc5,0x2a,0xbf,0x00,0x00,
0x00,0x03,0x00,0x39,0xff,0xf4,0x02,0x0e,0x03,0x32,0x00,0x13,0x00,0x17,0x00,0x1b,0x00,0x00,0x01,0x11,0x23,0x35,0x07,0x0e,0x01,0x23,0x22,0x26,0x35,0x30,0x11,0x33,
0x11,0x14,0x16,0x32,0x37,0x11,0x27,0x37,0x17,0x07,0x25,0x37,0x17,0x07,0x01,0xeb,0x85,0x14,0x13,0x3e,0x18,0x68,0x48,0x86,0x18,0x60,0x2e,0x39,0x75,0x6d,0x7d,0xfe,
0xcf,0x75,0x6d,0x7d,0x01,0xf4,0xfe,0x0c,0x1c,0x0a,0x0a,0x14,0x73,0x87,0x01,0x06,0xfe,0xf8,0x4a,0x36,0x12,0x01,0x76,0x80,0xbe,0x43,0xbc,0x41,0xbd,0x42,0xbc,0x00,
0x00,0x01,0x00,0x45,0xff,0x28,0x02,0x4b,0x02,0xa8,0x00,0x18,0x00,0x00,0x37,0x14,0x32,0x35,0x11,0x33,0x11,0x14,0x07,0x06,0x14,0x33,0x37,0x17,0x06,0x22,0x26,0x35,
0x34,0x37,0x2e,0x01,0x35,0x11,0x33,0xcf,0xf2,0x8a,0xa7,0x35,0x20,0x2a,0x0c,0x3b,0x5b,0x3d,0x35,0x71,0x71,0x8a,0xe3,0x77,0x77,0x01,0xc5,0xfe,0x3e,0xc5,0x24,0x2d,
0x42,0x04,0x5f,0x0b,0x34,0x2c,0x3c,0x31,0x07,0x74,0x76,0x01,0xc2,0x00,0x00,0x00,0x00,0x01,0x00,0x39,0xff,0x28,0x01,0xfa,0x01,0xf3,0x00,0x20,0x00,0x00,0x01,0x33,
0x11,0x0e,0x02,0x15,0x14,0x33,0x37,0x17,0x06,0x22,0x26,0x35,0x34,0x37,0x23,0x35,0x06,0x23,0x22,0x26,0x35,0x11,0x33,0x11,0x14,0x16,0x33,0x32,0x3f,0x01,0x01,0x65,
0x86,0x08,0x18,0x27,0x20,0x2a,0x0c,0x3b,0x5b,0x3d,0x4a,0x0c,0x4e,0x2e,0x69,0x47,0x86,0x17,0x2f,0x1a,0x35,0x11,0x01,0xf3,0xfe,0x0d,0x04,0x0e,0x2b,0x14,0x21,0x04,
0x5f,0x0b,0x34,0x2c,0x42,0x36,0x15,0x21,0x72,0x88,0x01,0x05,0xfe,0xfb,0x4c,0x35,0x0d,0x04,0x00,0x00,0x00,0x02,0x00,0x13,0x00,0x00,0x03,0x8f,0x03,0x92,0x00,0x0e,
0x00,0x15,0x00,0x00,0x13,0x33,0x13,0x33,0x13,0x33,0x13,0x33,0x13,0x33,0x03,0x23,0x0b,0x01,0x23,0x13,0x37,0x33,0x17,0x23,0x27,0x07,0x13,0x91,0x54,0x0f,0x7a,0xa0,
0x7a,0x0f,0x54,0x91,0x82,0xd1,0x6b,0x6b,0xd1,0x7c,0x86,0x75,0x86,0x8e,0x31,0x34,0x02,0xa8,0xfd,0xce,0x02,0x32,0xfd,0xce,0x02,0x32,0xfd,0x58,0x02,0x05,0xfd,0xfb,
0x02,0xfd,0x95,0x95,0x38,0x38,0x00,0x00,0x00,0x02,0x00,0x18,0x00,0x00,0x02,0xec,0x02,0xdb,0x00,0x0e,0x00,0x15,0x00,0x00,0x13,0x33,0x13,0x33,0x13,0x33,0x13,0x33,
0x13,0x33,0x03,0x23,0x0b,0x01,0x23,0x13,0x37,0x33,0x17,0x23,0x27,0x07,0x18,0x84,0x3d,0x18,0x4c,0x8a,0x4c,0x18,0x3d,0x84,0x5f,0xd2,0x39,0x39,0xd2,0x64,0x7e,0x54,
0x80,0x7b,0x2e,0x2e,0x01,0xf4,0xfe,0x7e,0x01,0x78,0xfe,0x88,0x01,0x82,0xfe,0x0c,0x01,0x32,0xfe,0xce,0x02,0x44,0x97,0x97,0x43,0x43,0x00,0x00,0x00,0x02,0x00,0x00,
0x00,0x00,0x02,0x2c,0x03,0x92,0x00,0x08,0x00,0x0f,0x00,0x00,0x21,0x23,0x11,0x03,0x33,0x1b,0x01,0x33,0x03,0x01,0x37,0x33,0x17,0x23,0x27,0x07,0x01,0x5c,0x8a,0xd2,
0x99,0x7d,0x7d,0x99,0xd0,0xfe,0xfc,0x86,0x75,0x86,0x8e,0x31,0x34,0x01,0x13,0x01,0x95,0xfe,0xf1,0x01,0x0f,0xfe,0x6b,0x01,0xea,0x95,0x95,0x38,0x38,0x00,0x00,0x00,
0x00,0x02,0x00,0x10,0xff,0x2e,0x01,0xe5,0x02,0xdb,0x00,0x09,0x00,0x10,0x00,0x00,0x13,0x33,0x13,0x33,0x13,0x33,0x03,0x23,0x37,0x23,0x03,0x37,0x33,0x17,0x23,0x27,
0x07,0x10,0x84,0x5b,0x17,0x5b,0x84,0xb0,0x83,0x37,0x5e,0x39,0x7e,0x54,0x80,0x7b,0x2e,0x2e,0x01,0xf4,0xfe,0x7e,0x01,0x82,0xfd,0x3a,0xd2,0x02,0x44,0x97,0x97,0x43,
0x43,0x00,0x00,0x00,0x00,0x03,0x00,0x00,0x00,0x00,0x02,0x2c,0x03,0x80,0x00,0x08,0x00,0x0c,0x00,0x10,0x00,0x00,0x21,0x23,0x11,0x03,0x33,0x1b,0x01,0x33,0x0b,0x01,
0x35,0x33,0x15,0x33,0x35,0x33,0x15,0x01,0x5c,0x8a,0xd2,0x99,0x7d,0x7d,0x99,0xd0,0xf3,0x80,0x56,0x80,0x01,0x13,0x01,0x95,0xfe,0xf1,0x01,0x0f,0xfe,0x6b,0x01,0xe9,
0x84,0x84,0x84,0x84,0x00,0x02,0x00,0x29,0x00,0x00,0x01,0xeb,0x03,0xb1,0x00,0x0b,0x00,0x0f,0x00,0x00,0x13,0x35,0x21,0x15,0x01,0x15,0x21,0x15,0x21,0x35,0x01,0x35,
0x03,0x37,0x17,0x05,0x29,0x01,0xc2,0xfe,0xe4,0x01,0x1c,0xfe,0x3e,0x01,0x1c,0xcc,0xfc,0x29,0xfe,0xfc,0x02,0x30,0x78,0x78,0xfe,0x5a,0x12,0x78,0x77,0x01,0xa7,0x12,
0x01,0x17,0x6a,0x78,0x4f,0x00,0x00,0x00,0x00,0x02,0x00,0x29,0x00,0x00,0x01,0x9c,0x02,0xf1,0x00,0x09,0x00,0x0d,0x00,0x00,0x13,0x21,0x15,0x03,0x33,0x15,0x21,0x35,
0x13,0x23,0x13,0x37,0x17,0x05,0x29,0x01,0x73,0xd2,0xd2,0xfe,0x8d,0xd2,0xd2,0x29,0xfc,0x28,0xfe,0xfa,0x01,0xf4,0x78,0xfe,0xfc,0x78,0x78,0x01,0x04,0x01,0x0f,0x66,
0x73,0x4a,0x00,0x00,0x00,0x02,0x00,0x29,0x00,0x00,0x01,0xeb,0x03,0x86,0x00,0x0b,0x00,0x0f,0x00,0x00,0x13,0x35,0x21,0x15,0x01,0x15,0x21,0x15,0x21,0x35,0x01,0x35,
0x27,0x35,0x33,0x15,0x29,0x01,0xc2,0xfe,0xe4,0x01,0x1c,0xfe,0x3e,0x01,0x1c,0x7e,0x86,0x02,0x30,0x78,0x78,0xfe,0x5a,0x12,0x78,0x77,0x01,0xa7,0x12,0xcf,0x87,0x87,
0x00,0x02,0x00,0x29,0x00,0x00,0x01,0x9c,0x02,0xb3,0x00,0x09,0x00,0x0d,0x00,0x00,0x13,0x21,0x15,0x03,0x33,0x15,0x21,0x35,0x13,0x23,0x37,0x35,0x33,0x15,0x29,0x01,
0x73,0xd2,0xd2,0xfe,0x8d,0xd2,0xd2,0x76,0x86,0x01,0xf4,0x78,0xfe,0xfc,0x78,0x78,0x01,0x04,0xb0,0x87,0x87,0x00,0x00,0x00,0x00,0x02,0x00,0x29,0x00,0x00,0x01,0xeb,
0x03,0x92,0x00,0x0b,0x00,0x12,0x00,0x00,0x13,0x35,0x21,0x15,0x01,0x15,0x21,0x15,0x21,0x35,0x01,0x35,0x2f,0x01,0x33,0x17,0x37,0x33,0x07,0x29,0x01,0xc2,0xfe,0xe4,
0x01,0x1c,0xfe,0x3e,0x01,0x1c,0x73,0x86,0x8e,0x34,0x31,0x8e,0x86,0x02,0x30,0x78,0x78,0xfe,0x5a,0x12,0x78,0x77,0x01,0xa7,0x12,0xcd,0x95,0x38,0x38,0x95,0x00,0x00,
0x00,0x02,0x00,0x29,0x00,0x00,0x01,0x9c,0x02,0xdb,0x00,0x09,0x00,0x10,0x00,0x00,0x13,0x35,0x21,0x15,0x03,0x33,0x15,0x21,0x35,0x13,0x2f,0x01,0x33,0x17,0x37,0x33,
0x07,0x29,0x01,0x73,0xd2,0xd2,0xfe,0x8d,0xd2,0x39,0x7e,0x7b,0x2e,0x2e,0x7b,0x80,0x01,0x7c,0x78,0x78,0xfe,0xfc,0x78,0x78,0x01,0x04,0xc8,0x97,0x43,0x43,0x97,0x00,
0x00,0x01,0x00,0x2c,0xff,0x1a,0x01,0xbd,0x02,0xc8,0x00,0x1f,0x00,0x00,0x05,0x14,0x06,0x23,0x22,0x2f,0x01,0x35,0x16,0x33,0x32,0x35,0x11,0x23,0x35,0x33,0x35,0x34,
0x36,0x33,0x32,0x1f,0x01,0x15,0x26,0x22,0x06,0x1d,0x01,0x33,0x15,0x23,0x01,0x41,0x4f,0x59,0x33,0x2a,0x10,0x40,0x1c,0x33,0x36,0x36,0x3f,0x53,0x24,0x37,0x15,0x2c,
0x3c,0x14,0x79,0x79,0x2f,0x67,0x50,0x0a,0x03,0x6e,0x03,0x42,0x01,0xae,0x72,0x18,0x6b,0x51,0x0a,0x03,0x6d,0x02,0x1f,0x26,0x17,0x72,0x00,0x00,0x00,0x04,0x00,0x11,
0x00,0x00,0x02,0x49,0x04,0x15,0x00,0x0f,0x00,0x13,0x00,0x17,0x00,0x21,0x00,0x00,0x01,0x14,0x07,0x13,0x23,0x27,0x23,0x07,0x23,0x13,0x26,0x35,0x34,0x36,0x32,0x16,
0x07,0x03,0x33,0x0b,0x01,0x37,0x17,0x05,0x16,0x14,0x16,0x3b,0x01,0x3e,0x01,0x34,0x26,0x22,0x01,0xc2,0x0e,0x95,0x8a,0x1b,0xee,0x1b,0x8a,0x94,0x0f,0x56,0x80,0x56,
0xad,0x45,0xba,0x45,0xb7,0xfc,0x29,0xfe,0xfc,0x42,0x20,0x1b,0x05,0x19,0x1d,0x20,0x36,0x02,0xd1,0x21,0x19,0xfd,0x69,0x7b,0x7b,0x02,0x94,0x1a,0x23,0x3b,0x43,0x43,
0xd6,0xfe,0xbd,0x01,0x43,0x01,0x75,0x6a,0x78,0x4f,0x6a,0x26,0x16,0x01,0x16,0x25,0x16,0x00,0x00,0x00,0x00,0x05,0x00,0x1d,0xff,0xf4,0x01,0xde,0x03,0xba,0x00,0x19,
0x00,0x21,0x00,0x29,0x00,0x31,0x00,0x35,0x00,0x00,0x01,0x15,0x1e,0x01,0x17,0x07,0x22,0x26,0x27,0x06,0x23,0x22,0x35,0x34,0x36,0x3f,0x01,0x35,0x34,0x26,0x23,0x07,
0x27,0x36,0x32,0x16,0x07,0x06,0x14,0x33,0x32,0x3f,0x01,0x35,0x02,0x26,0x34,0x36,0x32,0x16,0x14,0x06,0x26,0x14,0x16,0x32,0x36,0x34,0x26,0x22,0x27,0x37,0x17,0x05,
0x01,0xbd,0x02,0x0c,0x13,0x04,0x33,0x3d,0x1f,0x48,0x4b,0x9b,0x56,0x59,0x6b,0x1c,0x1f,0xbc,0x04,0x6b,0xc1,0x55,0xe1,0x38,0x31,0x26,0x2d,0x0f,0x6d,0x43,0x43,0x63,
0x44,0x44,0x5e,0x1a,0x28,0x19,0x1a,0x27,0x7d,0xfc,0x28,0xfe,0xfa,0x01,0x58,0xd0,0x18,0x13,0x04,0x65,0x0e,0x15,0x23,0xa4,0x50,0x43,0x06,0x08,0x1f,0x1f,0x17,0x08,
0x5d,0x1d,0x50,0xdc,0x05,0x6e,0x0c,0x04,0x6b,0x01,0x2d,0x43,0x63,0x44,0x44,0x63,0x43,0x89,0x28,0x1a,0x1a,0x28,0x19,0xa9,0x66,0x73,0x4a,0x00,0x00,0x03,0x00,0x0d,
0x00,0x00,0x03,0x3f,0x03,0xb1,0x00,0x0f,0x00,0x13,0x00,0x17,0x00,0x00,0x21,0x35,0x23,0x07,0x23,0x13,0x21,0x15,0x21,0x15,0x33,0x15,0x23,0x15,0x21,0x15,0x01,0x03,
0x33,0x13,0x03,0x37,0x17,0x05,0x01,0x89,0xd5,0x1d,0x8a,0xb8,0x02,0x7a,0xfe,0xd2,0xf2,0xf2,0x01,0x2e,0xfd,0xe7,0x50,0xb3,0x01,0x1d,0xfc,0x29,0xfe,0xfc,0x74,0x74,
0x02,0xb2,0x84,0x8f,0x83,0x98,0x84,0x02,0x2e,0xfe,0xcb,0x01,0x35,0x01,0x19,0x6a,0x78,0x4f,0x00,0x00,0x00,0x04,0x00,0x1d,0xff,0xf4,0x02,0xed,0x02,0xf1,0x00,0x22,
0x00,0x2b,0x00,0x31,0x00,0x35,0x00,0x00,0x24,0x16,0x33,0x32,0x3f,0x01,0x17,0x06,0x22,0x27,0x07,0x06,0x22,0x26,0x34,0x36,0x3f,0x01,0x35,0x34,0x26,0x23,0x22,0x0f,
0x01,0x27,0x36,0x32,0x17,0x36,0x33,0x32,0x15,0x07,0x21,0x07,0x27,0x07,0x06,0x15,0x14,0x33,0x32,0x3f,0x01,0x33,0x34,0x26,0x22,0x06,0x03,0x37,0x17,0x05,0x01,0xbe,
0x2e,0x2d,0x44,0x62,0x1c,0x02,0x73,0xc3,0x33,0x17,0x54,0xa0,0x4c,0x57,0x57,0x6c,0x1c,0x1b,0x48,0x55,0x20,0x04,0x85,0x9f,0x2b,0x34,0x51,0xda,0x0a,0xfe,0xda,0x86,
0x01,0x5a,0x38,0x29,0x28,0x31,0x97,0xac,0x27,0x5f,0x26,0xbd,0xfc,0x28,0xfe,0xfa,0x95,0x26,0x07,0x02,0x68,0x1c,0x30,0x0b,0x25,0x57,0x9d,0x45,0x05,0x07,0x19,0x14,
0x19,0x08,0x03,0x75,0x16,0x25,0x25,0xe1,0x5e,0x4a,0x5d,0x04,0x03,0x30,0x35,0x0b,0xb5,0x35,0x2c,0x2e,0x01,0x31,0x66,0x73,0x4a,0x00,0x00,0x00,0x00,0x04,0x00,0x2d,
0xff,0x81,0x02,0x61,0x03,0xb1,0x00,0x13,0x00,0x1a,0x00,0x21,0x00,0x25,0x00,0x00,0x05,0x22,0x27,0x07,0x27,0x37,0x26,0x35,0x34,0x36,0x33,0x32,0x17,0x37,0x17,0x07,
0x16,0x15,0x14,0x06,0x02,0x06,0x14,0x17,0x13,0x26,0x23,0x11,0x32,0x36,0x34,0x27,0x03,0x16,0x03,0x37,0x17,0x05,0x01,0x47,0x31,0x2f,0x3a,0x62,0x3a,0x58,0x7f,0x9b,
0x39,0x2c,0x3d,0x64,0x41,0x55,0x7f,0xeb,0x3c,0x0f,0xad,0x19,0x17,0x51,0x3b,0x0e,0xa9,0x11,0x83,0xfc,0x29,0xfe,0xfc,0x0c,0x0a,0x7d,0x31,0x7c,0x4e,0xd4,0xb5,0xaf,
0x0c,0x82,0x2b,0x8c,0x52,0xd1,0xb3,0xa9,0x02,0x48,0x70,0xd9,0x31,0x01,0x73,0x07,0xfe,0x30,0x69,0xd4,0x32,0xfe,0x95,0x04,0x02,0xdb,0x6a,0x78,0x4f,0x00,0x00,0x00,
0x00,0x04,0x00,0x24,0xff,0x94,0x01,0xf0,0x02,0xf1,0x00,0x12,0x00,0x16,0x00,0x1d,0x00,0x25,0x00,0x00,0x01,0x32,0x17,0x37,0x17,0x07,0x16,0x15,0x10,0x23,0x22,0x27,
0x07,0x27,0x37,0x26,0x35,0x34,0x36,0x27,0x37,0x17,0x05,0x13,0x32,0x36,0x34,0x27,0x07,0x16,0x13,0x22,0x06,0x14,0x17,0x37,0x22,0x26,0x01,0x0a,0x1c,0x1c,0x28,0x51,
0x29,0x5e,0xe6,0x22,0x1d,0x29,0x50,0x2b,0x59,0x6a,0x15,0xfc,0x28,0xfe,0xfa,0x73,0x35,0x29,0x0e,0x64,0x06,0x0e,0x35,0x29,0x0c,0x5f,0x02,0x09,0x02,0x00,0x05,0x64,
0x1e,0x62,0x3b,0xa9,0xfe,0xf9,0x06,0x66,0x1e,0x67,0x3c,0xa6,0x7c,0x89,0x8b,0x66,0x73,0x4a,0xfe,0x32,0x48,0x8e,0x22,0xf7,0x01,0x01,0x28,0x46,0x8c,0x20,0xf1,0x01,
0x00,0x02,0x00,0x25,0xfe,0xc9,0x01,0xfb,0x02,0xb4,0x00,0x03,0x00,0x24,0x00,0x00,0x17,0x33,0x07,0x23,0x13,0x22,0x15,0x14,0x1e,0x02,0x15,0x14,0x06,0x23,0x22,0x2f,
0x01,0x37,0x16,0x33,0x32,0x35,0x34,0x26,0x27,0x2e,0x01,0x35,0x34,0x36,0x33,0x32,0x1f,0x01,0x07,0x26,0xd7,0x82,0x37,0x79,0x72,0x6d,0x36,0xc7,0x50,0x82,0x69,0x4e,
0x71,0x24,0x0e,0x86,0x47,0x6a,0x31,0x49,0x74,0x5f,0x7c,0x6c,0x4a,0x72,0x24,0x0b,0x8d,0x4d,0xea,0x03,0x73,0x48,0x20,0x22,0x40,0x51,0x54,0x6b,0x6e,0x18,0x07,0x6b,
0x12,0x58,0x20,0x24,0x15,0x21,0x5b,0x51,0x66,0x64,0x14,0x07,0x6d,0x10,0x00,0x00,0x00,0x02,0xff,0xef,0xfe,0xc9,0x01,0xb5,0x01,0xff,0x00,0x03,0x00,0x1f,0x00,0x00,
0x17,0x33,0x07,0x23,0x01,0x26,0x22,0x06,0x14,0x1e,0x02,0x15,0x14,0x23,0x22,0x2f,0x01,0x37,0x16,0x32,0x36,0x34,0x2e,0x02,0x34,0x36,0x33,0x32,0x1f,0x01,0x1d,0x82,
0x37,0x79,0x01,0xb6,0x7c,0x63,0x1d,0x27,0xa1,0x44,0xc9,0x42,0x5e,0x20,0x04,0x7c,0x61,0x23,0x25,0x9b,0x4c,0x6c,0x55,0x3b,0x66,0x21,0x4d,0xea,0x02,0xae,0x10,0x12,
0x27,0x0f,0x1d,0x42,0x4a,0xa2,0x12,0x06,0x70,0x10,0x13,0x26,0x12,0x1a,0x3e,0x9f,0x51,0x13,0x06,0x00,0x00,0x02,0x00,0x0d,0xfe,0xc9,0x02,0x01,0x02,0xa8,0x00,0x03,
0x00,0x0b,0x00,0x00,0x17,0x33,0x07,0x23,0x03,0x35,0x21,0x15,0x23,0x11,0x23,0x11,0xdf,0x82,0x37,0x79,0xa4,0x01,0xf4,0xb4,0x8a,0x4d,0xea,0x03,0x65,0x7a,0x7a,0xfd,
0xd2,0x02,0x2e,0x00,0x00,0x02,0x00,0x03,0xfe,0xc9,0x01,0x54,0x02,0x7f,0x00,0x03,0x00,0x19,0x00,0x00,0x17,0x33,0x07,0x23,0x01,0x23,0x15,0x14,0x1e,0x01,0x33,0x37,
0x17,0x06,0x23,0x22,0x26,0x3d,0x01,0x23,0x35,0x33,0x35,0x33,0x15,0x33,0x31,0x82,0x37,0x79,0x01,0x50,0x7b,0x03,0x13,0x14,0x4c,0x06,0x43,0x23,0x5a,0x42,0x3b,0x3b,
0x86,0x7b,0x4d,0xea,0x02,0xb9,0xcd,0x1e,0x19,0x12,0x02,0x6b,0x0f,0x51,0x6d,0xd0,0x72,0x8b,0x8b,0x00,0x00,0x01,0xff,0xe8,0x02,0x44,0x01,0x3a,0x02,0xdb,0x00,0x06,
0x00,0x00,0x03,0x37,0x33,0x17,0x23,0x27,0x07,0x18,0x7e,0x54,0x80,0x7b,0x2e,0x2e,0x02,0x44,0x97,0x97,0x43,0x43,0x00,0x00,0x00,0x01,0xff,0xec,0x02,0x44,0x01,0x3e,
0x02,0xdb,0x00,0x06,0x00,0x00,0x13,0x27,0x33,0x17,0x37,0x33,0x07,0x6a,0x7e,0x7b,0x2e,0x2e,0x7b,0x80,0x02,0x44,0x97,0x43,0x43,0x97,0x00,0x00,0x00,0x01,0xff,0xec,
0x02,0x3d,0x01,0x34,0x02,0xda,0x00,0x0b,0x00,0x00,0x13,0x32,0x37,0x33,0x0e,0x01,0x22,0x26,0x27,0x33,0x1e,0x01,0x90,0x38,0x07,0x65,0x08,0x55,0x8e,0x55,0x08,0x65,
0x04,0x21,0x02,0x98,0x42,0x41,0x5c,0x5c,0x41,0x1f,0x23,0x00,0x00,0x01,0x00,0x43,0x02,0x2c,0x00,0xc9,0x02,0xb3,0x00,0x03,0x00,0x00,0x13,0x35,0x33,0x15,0x43,0x86,
0x02,0x2c,0x87,0x87,0x00,0x02,0x00,0x14,0x02,0x09,0x00,0xfe,0x02,0xf3,0x00,0x07,0x00,0x0f,0x00,0x00,0x12,0x26,0x34,0x36,0x32,0x16,0x14,0x06,0x26,0x14,0x16,0x32,
0x36,0x34,0x26,0x22,0x57,0x43,0x43,0x63,0x44,0x44,0x5e,0x1a,0x28,0x19,0x19,0x28,0x02,0x09,0x43,0x63,0x44,0x44,0x63,0x43,0x89,0x28,0x1a,0x1a,0x28,0x19,0x00,0x00,
0x00,0x01,0x00,0xdb,0xff,0x28,0x01,0xae,0x00,0x0b,0x00,0x0c,0x00,0x00,0x25,0x06,0x14,0x33,0x37,0x17,0x06,0x22,0x26,0x34,0x36,0x3f,0x01,0x01,0x92,0x3a,0x20,0x2a,
0x0c,0x3b,0x5b,0x3d,0x29,0x14,0x14,0x01,0x2f,0x44,0x04,0x5f,0x0b,0x34,0x50,0x41,0x0f,0x0f,0x00,0x00,0x00,0x01,0xff,0xea,0x02,0x49,0x01,0x3e,0x02,0xd5,0x00,0x12,
0x00,0x00,0x00,0x06,0x22,0x26,0x23,0x22,0x0f,0x01,0x27,0x3e,0x01,0x32,0x16,0x33,0x32,0x3f,0x01,0x17,0x06,0x01,0x24,0x38,0x2d,0x5c,0x0d,0x1d,0x25,0x0d,0x1d,0x14,
0x3d,0x2d,0x5d,0x0c,0x18,0x2a,0x0e,0x1d,0x06,0x02,0x6b,0x22,0x24,0x17,0x08,0x4b,0x17,0x25,0x24,0x19,0x09,0x4c,0x07,0x00,0x00,0x02,0xff,0xce,0x02,0x33,0x01,0x7c,
0x03,0x32,0x00,0x03,0x00,0x07,0x00,0x00,0x13,0x37,0x17,0x07,0x25,0x37,0x17,0x07,0x9a,0x75,0x6d,0x7d,0xfe,0xcf,0x75,0x6d,0x7d,0x02,0x74,0xbe,0x43,0xbc,0x41,0xbd,
0x42,0xbc,0x00,0x00,0x00,0x01,0x00,0x12,0xff,0xf6,0x02,0x10,0x02,0x00,0x00,0x1b,0x00,0x00,0x25,0x35,0x23,0x03,0x23,0x13,0x22,0x0f,0x01,0x35,0x36,0x3b,0x01,0x32,
0x3f,0x01,0x15,0x06,0x07,0x15,0x14,0x16,0x33,0x15,0x22,0x2e,0x02,0x01,0x40,0x55,0x1a,0x87,0x20,0x20,0x29,0x0f,0x40,0x56,0xfb,0x33,0x2c,0x0e,0x18,0x32,0x1c,0x29,
0x46,0x4d,0x2c,0x0c,0x9a,0xe8,0xfe,0x7e,0x01,0x82,0x0a,0x03,0x6d,0x12,0x09,0x03,0x6e,0x0b,0x03,0xea,0x1b,0x17,0x72,0x0c,0x29,0x39,0x00,0x00,0x00,0x02,0x00,0x13,
0x00,0x00,0x03,0x8f,0x03,0xb1,0x00,0x0e,0x00,0x12,0x00,0x00,0x13,0x33,0x13,0x33,0x13,0x33,0x13,0x33,0x13,0x33,0x03,0x23,0x0b,0x01,0x23,0x13,0x17,0x07,0x25,0x13,
0x91,0x54,0x0f,0x7a,0xa0,0x7a,0x0f,0x54,0x91,0x82,0xd1,0x6b,0x6b,0xd1,0xdb,0xfc,0x21,0xfe,0xfc,0x02,0xa8,0xfd,0xce,0x02,0x32,0xfd,0xce,0x02,0x32,0xfd,0x58,0x02,
0x05,0xfd,0xfb,0x03,0xb1,0x6a,0x5d,0x4f,0x00,0x02,0x00,0x18,0x00,0x00,0x02,0xec,0x02,0xf1,0x00,0x0e,0x00,0x12,0x00,0x00,0x13,0x33,0x13,0x33,0x13,0x33,0x13,0x33,
0x13,0x33,0x03,0x23,0x0b,0x01,0x23,0x13,0x17,0x07,0x25,0x18,0x84,0x3d,0x18,0x4c,0x8a,0x4c,0x18,0x3d,0x84,0x5f,0xd2,0x39,0x39,0xd2,0x91,0xfc,0x1e,0xfe,0xfa,0x01,
0xf4,0xfe,0x7e,0x01,0x78,0xfe,0x88,0x01,0x82,0xfe,0x0c,0x01,0x32,0xfe,0xce,0x02,0xf1,0x66,0x57,0x4a,0x00,0x02,0x00,0x13,0x00,0x00,0x03,0x8f,0x03,0xb1,0x00,0x0e,
0x00,0x12,0x00,0x00,0x13,0x33,0x13,0x33,0x13,0x33,0x13,0x33,0x13,0x33,0x03,0x23,0x0b,0x01,0x23,0x13,0x37,0x17,0x05,0x13,0x91,0x54,0x0f,0x7a,0xa0,0x7a,0x0f,0x54,
0x91,0x82,0xd1,0x6b,0x6b,0xd1,0xb4,0xfc,0x29,0xfe,0xfc,0x02,0xa8,0xfd,0xce,0x02,0x32,0xfd,0xce,0x02,0x32,0xfd,0x58,0x02,0x05,0xfd,0xfb,0x03,0x47,0x6a,0x78,0x4f,
0x00,0x02,0x00,0x18,0x00,0x00,0x02,0xec,0x02,0xf1,0x00,0x0e,0x00,0x12,0x00,0x00,0x13,0x33,0x13,0x33,0x13,0x33,0x13,0x33,0x13,0x33,0x03,0x23,0x0b,0x01,0x23,0x13,
0x37,0x17,0x05,0x18,0x84,0x3d,0x18,0x4c,0x8a,0x4c,0x18,0x3d,0x84,0x5f,0xd2,0x39,0x39,0xd2,0x84,0xfc,0x28,0xfe,0xfa,0x01,0xf4,0xfe,0x7e,0x01,0x78,0xfe,0x88,0x01,
0x82,0xfe,0x0c,0x01,0x32,0xfe,0xce,0x02,0x8b,0x66,0x73,0x4a,0x00,0x03,0x00,0x13,0x00,0x00,0x03,0x8f,0x03,0x80,0x00,0x0e,0x00,0x12,0x00,0x16,0x00,0x00,0x13,0x33,
0x13,0x33,0x13,0x33,0x13,0x33,0x13,0x33,0x03,0x23,0x0b,0x01,0x23,0x13,0x35,0x33,0x15,0x33,0x35,0x33,0x15,0x13,0x91,0x54,0x0f,0x7a,0xa0,0x7a,0x0f,0x54,0x91,0x82,
0xd1,0x6b,0x6b,0xd1,0x8f,0x80,0x56,0x80,0x02,0xa8,0xfd,0xce,0x02,0x32,0xfd,0xce,0x02,0x32,0xfd,0x58,0x02,0x05,0xfd,0xfb,0x02,0xfc,0x84,0x84,0x84,0x84,0x00,0x00,
0x00,0x03,0x00,0x18,0x00,0x00,0x02,0xec,0x02,0xd8,0x00,0x0e,0x00,0x12,0x00,0x16,0x00,0x00,0x13,0x33,0x13,0x33,0x13,0x33,0x13,0x33,0x13,0x33,0x03,0x23,0x0b,0x01,
0x23,0x13,0x35,0x33,0x15,0x33,0x35,0x33,0x15,0x18,0x84,0x3d,0x18,0x4c,0x8a,0x4c,0x18,0x3d,0x84,0x5f,0xd2,0x39,0x39,0xd2,0x61,0x80,0x58,0x80,0x01,0xf4,0xfe,0x7e,
0x01,0x78,0xfe,0x88,0x01,0x82,0xfe,0x0c,0x01,0x32,0xfe,0xce,0x02,0x54,0x84,0x84,0x84,0x84,0x00,0x00,0x00,0x04,0x00,0x1d,0xff,0xf4,0x01,0xde,0x03,0x75,0x00,0x19,
0x00,0x21,0x00,0x28,0x00,0x3b,0x00,0x00,0x01,0x15,0x1e,0x01,0x17,0x07,0x22,0x26,0x27,0x06,0x23,0x22,0x35,0x34,0x36,0x3f,0x01,0x35,0x34,0x26,0x23,0x07,0x27,0x36,
0x32,0x16,0x07,0x06,0x14,0x33,0x32,0x3f,0x01,0x35,0x03,0x37,0x33,0x17,0x23,0x27,0x07,0x36,0x06,0x22,0x26,0x23,0x22,0x0f,0x01,0x27,0x3e,0x01,0x32,0x16,0x33,0x32,
0x3f,0x01,0x17,0x06,0x01,0xbd,0x02,0x0c,0x13,0x04,0x33,0x3d,0x1f,0x48,0x4b,0x9b,0x56,0x59,0x6b,0x1c,0x1f,0xbc,0x04,0x6b,0xc1,0x55,0xe1,0x38,0x31,0x26,0x2d,0x0f,
0xf5,0x7e,0x54,0x80,0x7b,0x2e,0x2e,0xba,0x38,0x2d,0x5c,0x0e,0x1c,0x25,0x0d,0x1d,0x14,0x3d,0x2d,0x5d,0x0c,0x18,0x2a,0x0e,0x1d,0x06,0x01,0x58,0xd0,0x18,0x13,0x04,
0x65,0x0e,0x15,0x23,0xa4,0x50,0x43,0x06,0x08,0x1f,0x1f,0x17,0x08,0x5d,0x1d,0x50,0xdc,0x05,0x6e,0x0c,0x04,0x6b,0x01,0x4a,0x97,0x97,0x43,0x43,0xe5,0x22,0x24,0x17,
0x08,0x4b,0x17,0x25,0x24,0x19,0x09,0x4c,0x07,0x00,0x00,0x00,0x00,0x04,0x00,0x11,0x00,0x00,0x02,0x46,0x04,0x5a,0x00,0x07,0x00,0x0b,0x00,0x17,0x00,0x1b,0x00,0x00,
0x33,0x13,0x21,0x13,0x23,0x27,0x23,0x07,0x13,0x03,0x33,0x03,0x02,0x16,0x32,0x36,0x37,0x33,0x0e,0x01,0x22,0x26,0x27,0x33,0x27,0x17,0x07,0x25,0x11,0x99,0x01,0x06,
0x96,0x8a,0x1f,0xe8,0x1a,0x7a,0x43,0xb1,0x41,0x4f,0x22,0x37,0x23,0x03,0x79,0x08,0x5d,0xac,0x5c,0x08,0x79,0x60,0xfc,0x1e,0xfe,0xfa,0x02,0xb2,0xfd,0x4e,0x74,0x74,
0x02,0x33,0xfe,0xc6,0x01,0x3a,0x01,0x1a,0x20,0x20,0x19,0x44,0x53,0x53,0x44,0xf4,0x66,0x57,0x4a,0x00,0x00,0x04,0x00,0x25,0xff,0xf4,0x01,0xdc,0x03,0x75,0x00,0x11,
0x00,0x17,0x00,0x1e,0x00,0x31,0x00,0x00,0x36,0x16,0x33,0x32,0x3f,0x01,0x17,0x06,0x23,0x22,0x26,0x35,0x10,0x33,0x32,0x15,0x07,0x21,0x37,0x34,0x26,0x22,0x06,0x07,
0x03,0x37,0x33,0x17,0x23,0x27,0x07,0x36,0x06,0x22,0x26,0x23,0x22,0x0f,0x01,0x27,0x3e,0x01,0x32,0x16,0x33,0x32,0x3f,0x01,0x17,0x06,0xad,0x2e,0x2d,0x44,0x62,0x1c,
0x02,0x73,0x5d,0x71,0x66,0xdd,0xda,0x0a,0xfe,0xda,0xac,0x27,0x5e,0x27,0x01,0x4c,0x7e,0x54,0x80,0x7b,0x2e,0x2e,0xb3,0x38,0x2d,0x5c,0x0e,0x1c,0x25,0x0d,0x1d,0x14,
0x3d,0x2d,0x5d,0x0c,0x18,0x2a,0x0e,0x1d,0x06,0x95,0x26,0x07,0x02,0x68,0x1c,0x78,0x87,0x01,0x0c,0xe1,0x5e,0x67,0x35,0x2c,0x2e,0x33,0x00,0xff,0x97,0x97,0x43,0x43,
0xe5,0x22,0x24,0x17,0x08,0x4b,0x17,0x25,0x24,0x19,0x09,0x4c,0x07,0x00,0x00,0x00,0x00,0x04,0x00,0x24,0xff,0xf4,0x01,0xf0,0x03,0x75,0x00,0x07,0x00,0x0f,0x00,0x16,
0x00,0x29,0x00,0x00,0x12,0x32,0x16,0x15,0x10,0x20,0x11,0x34,0x12,0x32,0x36,0x34,0x26,0x22,0x06,0x14,0x03,0x37,0x33,0x17,0x23,0x27,0x07,0x36,0x06,0x22,0x26,0x23,
0x22,0x0f,0x01,0x27,0x3e,0x01,0x32,0x16,0x33,0x32,0x3f,0x01,0x17,0x06,0x8e,0xf8,0x6a,0xfe,0x34,0xb1,0x6a,0x29,0x29,0x6a,0x29,0x4a,0x7e,0x54,0x80,0x7b,0x2e,0x2e,
0xb0,0x38,0x2d,0x5c,0x0e,0x1c,0x25,0x0d,0x1d,0x14,0x3d,0x2d,0x5d,0x0c,0x18,0x2a,0x0e,0x1d,0x06,0x02,0x00,0x89,0x7c,0xfe,0xf9,0x01,0x07,0x7c,0xfe,0xef,0x48,0x9a,
0x46,0x46,0x9a,0x01,0x78,0x97,0x97,0x43,0x43,0xe5,0x22,0x24,0x17,0x08,0x4b,0x17,0x25,0x24,0x19,0x09,0x4c,0x07,0x00,0x00,0x00,0x02,0x00,0x00,0x00,0x00,0x02,0x2c,
0x03,0xb1,0x00,0x08,0x00,0x0c,0x00,0x00,0x21,0x23,0x11,0x03,0x33,0x1b,0x01,0x33,0x0b,0x01,0x17,0x07,0x25,0x01,0x5c,0x8a,0xd2,0x99,0x7d,0x7d,0x99,0xd0,0xa6,0xfc,
0x21,0xfe,0xfc,0x01,0x13,0x01,0x95,0xfe,0xf1,0x01,0x0f,0xfe,0x6b,0x02,0x9e,0x6a,0x5d,0x4f,0x00,0x00,0x00,0x02,0x00,0x10,0xff,0x2e,0x01,0xe5,0x02,0xf1,0x00,0x09,
0x00,0x0d,0x00,0x00,0x13,0x33,0x13,0x33,0x13,0x33,0x03,0x23,0x37,0x23,0x03,0x17,0x07,0x25,0x10,0x84,0x5b,0x17,0x5b,0x84,0xb0,0x83,0x37,0x5e,0x13,0xfc,0x1e,0xfe,
0xfa,0x01,0xf4,0xfe,0x7e,0x01,0x82,0xfd,0x3a,0xd2,0x02,0xf1,0x66,0x57,0x4a,0x00,0x00,0x02,0xff,0xfb,0x00,0x00,0x02,0x22,0x03,0x94,0x00,0x08,0x00,0x1b,0x00,0x00,
0x21,0x23,0x11,0x03,0x33,0x17,0x37,0x33,0x03,0x12,0x06,0x22,0x26,0x23,0x22,0x0f,0x01,0x27,0x3e,0x01,0x32,0x16,0x33,0x32,0x3f,0x01,0x17,0x06,0x01,0x55,0x8a,0xd0,
0x99,0x7b,0x7a,0x99,0xcd,0x47,0x38,0x2d,0x5c,0x0d,0x19,0x29,0x0d,0x1d,0x14,0x3d,0x2d,0x5d,0x0c,0x18,0x2a,0x0e,0x1d,0x06,0x01,0x27,0x01,0x8b,0xf1,0xf1,0xfe,0x74,
0x02,0x04,0x22,0x24,0x18,0x07,0x4b,0x17,0x25,0x24,0x1a,0x08,0x4c,0x07,0x00,0x00,0x00,0x02,0x00,0x10,0xff,0x2e,0x01,0xe5,0x02,0xd5,0x00,0x09,0x00,0x1c,0x00,0x00,
0x13,0x33,0x13,0x33,0x13,0x33,0x03,0x23,0x37,0x23,0x12,0x06,0x22,0x26,0x23,0x22,0x0f,0x01,0x27,0x3e,0x01,0x32,0x16,0x33,0x32,0x3f,0x01,0x17,0x06,0x10,0x84,0x5b,
0x17,0x5b,0x84,0xb0,0x83,0x33,0x5a,0xfd,0x38,0x2d,0x5c,0x0d,0x1d,0x25,0x0d,0x1d,0x14,0x3d,0x2d,0x5d,0x0c,0x18,0x2a,0x0e,0x1d,0x06,0x01,0xf3,0xfe,0x90,0x01,0x70,
0xfd,0x3b,0xd2,0x02,0x6b,0x22,0x24,0x17,0x08,0x4b,0x17,0x25,0x24,0x19,0x09,0x4c,0x07,0x00,0x00,0x00,0x00,0x01,0x00,0x39,0x00,0xd1,0x02,0x2d,0x01,0x43,0x00,0x03,
0x00,0x00,0x13,0x21,0x15,0x21,0x39,0x01,0xf4,0xfe,0x0c,0x01,0x43,0x72,0x00,0x00,0x00,0x01,0x00,0x39,0x00,0xd1,0x04,0x21,0x01,0x43,0x00,0x03,0x00,0x00,0x13,0x21,
0x15,0x21,0x39,0x03,0xe8,0xfc,0x18,0x01,0x43,0x72,0x00,0x00,0x00,0x01,0x00,0x23,0x01,0xb0,0x00,0xdf,0x02,0xa7,0x00,0x03,0x00,0x00,0x13,0x07,0x23,0x37,0xdf,0x30,
0x8c,0x55,0x02,0xa7,0xf7,0xf7,0x00,0x00,0x00,0x01,0x00,0x29,0x01,0xb1,0x00,0xe5,0x02,0xa8,0x00,0x03,0x00,0x00,0x13,0x37,0x33,0x07,0x29,0x2f,0x8d,0x55,0x01,0xb1,
0xf7,0xf7,0x00,0x00,0x00,0x01,0x00,0x17,0xff,0x8b,0x00,0xd3,0x00,0x82,0x00,0x03,0x00,0x00,0x17,0x37,0x33,0x07,0x17,0x2f,0x8d,0x55,0x75,0xf7,0xf7,0x00,0x00,0x00,
0x00,0x02,0x00,0x23,0x01,0xb0,0x01,0x97,0x02,0xa7,0x00,0x03,0x00,0x07,0x00,0x00,0x01,0x07,0x23,0x37,0x23,0x07,0x23,0x37,0x01,0x97,0x30,0x8c,0x55,0x51,0x30,0x8c,
0x55,0x02,0xa7,0xf7,0xf7,0xf7,0xf7,0x00,0x00,0x02,0x00,0x29,0x01,0xb2,0x01,0x9d,0x02,0xa9,0x00,0x03,0x00,0x07,0x00,0x00,0x13,0x37,0x33,0x07,0x33,0x37,0x33,0x07,
0x29,0x2f,0x8d,0x56,0x52,0x2f,0x8d,0x55,0x01,0xb2,0xf7,0xf7,0xf7,0xf7,0x00,0x00,0x00,0x02,0xff,0xf9,0xff,0x7e,0x01,0x73,0x00,0x75,0x00,0x03,0x00,0x07,0x00,0x00,
0x37,0x07,0x23,0x37,0x21,0x07,0x23,0x37,0xb5,0x30,0x8c,0x55,0x01,0x25,0x30,0x8c,0x55,0x75,0xf7,0xf7,0xf7,0xf7,0x00,0x00,0x00,0x01,0x00,0x1c,0xff,0xb9,0x01,0xc4,
0x02,0xa8,0x00,0x0b,0x00,0x00,0x13,0x35,0x33,0x35,0x33,0x15,0x33,0x15,0x23,0x03,0x23,0x03,0x1c,0x91,0x86,0x91,0x91,0x0a,0x72,0x0a,0x01,0x82,0x72,0xb4,0xb4,0x72,
0xfe,0x37,0x01,0xc9,0x00,0x01,0x00,0x2c,0xff,0xb9,0x01,0xd4,0x02,0xa8,0x00,0x13,0x00,0x00,0x17,0x35,0x23,0x35,0x33,0x35,0x23,0x35,0x33,0x35,0x33,0x15,0x33,0x15,
0x23,0x15,0x33,0x15,0x23,0x15,0xbd,0x91,0x91,0x91,0x91,0x86,0x90,0x90,0x91,0x91,0x47,0xb4,0x72,0xa3,0x72,0xb4,0xb4,0x72,0xa3,0x72,0xb4,0x00,0x00,0x01,0x00,0x64,
0x00,0x64,0x01,0x5e,0x01,0x7c,0x00,0x03,0x00,0x00,0x37,0x11,0x33,0x11,0x64,0xfa,0x64,0x01,0x18,0xfe,0xe8,0x00,0x00,0x00,0x00,0x03,0x00,0x38,0x00,0x00,0x02,0xc6,
0x00,0xa6,0x00,0x03,0x00,0x07,0x00,0x0b,0x00,0x00,0x33,0x35,0x33,0x15,0x33,0x35,0x33,0x15,0x33,0x35,0x33,0x15,0x38,0x90,0x6f,0x90,0x6f,0x90,0xa6,0xa6,0xa6,0xa6,
0xa6,0xa6,0x00,0x00,0x00,0x07,0x00,0x1d,0xff,0xe0,0x03,0x32,0x02,0xbb,0x00,0x07,0x00,0x0b,0x00,0x0f,0x00,0x13,0x00,0x1b,0x00,0x1f,0x00,0x27,0x00,0x00,0x12,0x22,
0x06,0x14,0x16,0x32,0x36,0x34,0x03,0x13,0x17,0x03,0x02,0x32,0x10,0x22,0x00,0x22,0x10,0x32,0x06,0x14,0x16,0x32,0x36,0x34,0x26,0x22,0x04,0x22,0x10,0x32,0x06,0x14,
0x16,0x32,0x36,0x34,0x26,0x22,0xa2,0x1a,0x09,0x09,0x1a,0x09,0x1f,0xeb,0x49,0xeb,0xb8,0xf0,0xf0,0x02,0x14,0xf0,0xf0,0x8e,0x09,0x1a,0x09,0x09,0x1a,0x01,0x86,0xf0,
0xf0,0x8e,0x09,0x1a,0x09,0x09,0x1a,0x02,0x50,0x1d,0x48,0x1e,0x1e,0x48,0xfd,0xc5,0x02,0xc3,0x1a,0xfd,0x3f,0x02,0xc0,0xfe,0xdd,0xfe,0x77,0x01,0x23,0x6d,0x48,0x1e,
0x1e,0x48,0x1d,0xd3,0x01,0x23,0x6d,0x48,0x1e,0x1e,0x48,0x1d,0x00,0x01,0x00,0x28,0x00,0x17,0x01,0x07,0x01,0xc6,0x00,0x06,0x00,0x00,0x01,0x07,0x17,0x15,0x27,0x35,
0x37,0x01,0x07,0x6d,0x6d,0xdf,0xdf,0x01,0x3f,0x4b,0x56,0x87,0xab,0x60,0xa4,0x00,0x00,0x01,0x00,0x36,0x00,0x21,0x01,0x15,0x01,0xd0,0x00,0x06,0x00,0x00,0x37,0x27,
0x35,0x17,0x15,0x07,0x35,0xa3,0x6d,0xdf,0xdf,0xfe,0x4b,0x87,0xa4,0x60,0xab,0x87,0x00,0x01,0xff,0x20,0xff,0xf9,0x00,0xde,0x02,0x95,0x00,0x03,0x00,0x00,0x27,0x01,
0x17,0x01,0xe0,0x01,0x89,0x35,0xfe,0x77,0x1d,0x02,0x78,0x23,0xfd,0x87,0x00,0x00,0x00,0x02,0x00,0x0b,0x01,0xd3,0x01,0x0d,0x03,0x21,0x00,0x07,0x00,0x12,0x00,0x00,
0x12,0x32,0x16,0x14,0x06,0x22,0x26,0x34,0x17,0x22,0x0e,0x01,0x14,0x1e,0x01,0x32,0x36,0x34,0x26,0x4a,0x84,0x3f,0x3e,0x86,0x3e,0x81,0x07,0x08,0x04,0x05,0x07,0x12,
0x08,0x08,0x03,0x21,0x4c,0xb9,0x49,0x49,0xb9,0x13,0x09,0x21,0x40,0x1f,0x07,0x18,0x5d,0x1b,0x00,0x00,0x00,0x01,0x00,0x0e,0x01,0xde,0x01,0x06,0x03,0x16,0x00,0x0e,
0x00,0x00,0x13,0x35,0x23,0x35,0x37,0x33,0x07,0x33,0x37,0x33,0x15,0x33,0x15,0x23,0x15,0x92,0x84,0x27,0x76,0x34,0x1b,0x0e,0x5b,0x0b,0x0b,0x01,0xde,0x23,0x58,0xbd,
0xb6,0x5a,0x5a,0x5f,0x23,0x00,0x00,0x00,0x00,0x01,0x00,0x19,0x01,0xd7,0x01,0x05,0x03,0x16,0x00,0x14,0x00,0x00,0x13,0x15,0x23,0x07,0x36,0x33,0x32,0x15,0x14,0x23,
0x22,0x2f,0x01,0x37,0x16,0x32,0x34,0x23,0x07,0x27,0x37,0xfb,0x7c,0x03,0x1c,0x10,0x5d,0x76,0x2e,0x36,0x12,0x08,0x38,0x3e,0x0e,0x1a,0x4e,0x0b,0x03,0x16,0x5a,0x19,
0x06,0x63,0x6f,0x0b,0x03,0x55,0x09,0x1f,0x04,0x0b,0xbf,0x00,0x00,0x02,0x00,0x10,0x01,0xd3,0x01,0x0a,0x03,0x21,0x00,0x12,0x00,0x18,0x00,0x00,0x13,0x36,0x33,0x32,
0x16,0x14,0x06,0x23,0x22,0x35,0x34,0x36,0x33,0x32,0x1f,0x01,0x07,0x26,0x22,0x17,0x22,0x07,0x14,0x32,0x34,0x7c,0x1e,0x08,0x36,0x32,0x43,0x34,0x83,0x3d,0x4c,0x20,
0x36,0x12,0x06,0x42,0x3d,0x13,0x0b,0x08,0x23,0x02,0xaa,0x05,0x34,0x6b,0x3d,0x9b,0x59,0x5a,0x09,0x03,0x57,0x06,0x6b,0x08,0x22,0x2a,0x00,0x00,0x00,0x01,0x00,0x1a,
0x01,0xd4,0x00,0xfd,0x03,0x16,0x00,0x07,0x00,0x00,0x13,0x35,0x33,0x15,0x07,0x27,0x37,0x35,0x1a,0xe3,0x5f,0x79,0x5b,0x02,0xad,0x69,0x65,0xdd,0x13,0xb9,0x0d,0x00,
0x00,0x03,0x00,0x0c,0x01,0xd3,0x01,0x0c,0x03,0x21,0x00,0x13,0x00,0x1b,0x00,0x23,0x00,0x00,0x13,0x34,0x32,0x15,0x14,0x0f,0x01,0x1e,0x01,0x15,0x14,0x06,0x22,0x26,
0x35,0x34,0x36,0x3f,0x01,0x26,0x16,0x32,0x35,0x34,0x27,0x23,0x06,0x15,0x36,0x22,0x15,0x14,0x17,0x33,0x36,0x35,0x11,0xf7,0x14,0x07,0x0d,0x12,0x40,0x81,0x3f,0x10,
0x08,0x08,0x1b,0x68,0x26,0x0c,0x0e,0x0c,0x25,0x24,0x0b,0x0e,0x0b,0x02,0xc8,0x59,0x5a,0x26,0x19,0x08,0x09,0x25,0x16,0x39,0x30,0x30,0x39,0x14,0x22,0x08,0x07,0x14,
0x6d,0x16,0x0d,0x0c,0x0c,0x0d,0x8e,0x13,0x0c,0x0d,0x0d,0x0c,0x00,0x02,0x00,0x0f,0x01,0xd3,0x01,0x09,0x03,0x21,0x00,0x12,0x00,0x18,0x00,0x00,0x13,0x06,0x23,0x22,
0x35,0x34,0x36,0x33,0x32,0x15,0x14,0x06,0x23,0x22,0x2f,0x01,0x37,0x16,0x32,0x27,0x22,0x14,0x33,0x37,0x34,0x98,0x14,0x0f,0x66,0x40,0x37,0x83,0x3c,0x47,0x2a,0x32,
0x10,0x06,0x31,0x47,0x0e,0x10,0x10,0x13,0x02,0x49,0x04,0x68,0x37,0x3d,0xa5,0x57,0x52,0x0b,0x03,0x57,0x06,0x92,0x2d,0x06,0x27,0x00,0x00,0x00,0x00,0x02,0x00,0x0b,
0xff,0x91,0x01,0x0d,0x00,0xdf,0x00,0x07,0x00,0x12,0x00,0x00,0x36,0x32,0x16,0x14,0x06,0x22,0x26,0x34,0x17,0x22,0x0e,0x01,0x14,0x1e,0x01,0x32,0x36,0x34,0x26,0x4a,
0x84,0x3f,0x3e,0x86,0x3e,0x81,0x07,0x08,0x04,0x05,0x07,0x12,0x08,0x08,0xdf,0x4c,0xb9,0x49,0x49,0xb9,0x13,0x09,0x21,0x40,0x1f,0x07,0x18,0x5d,0x1b,0x00,0x00,0x00,
0x00,0x01,0x00,0x19,0xff,0x9c,0x00,0xe3,0x00,0xd4,0x00,0x06,0x00,0x00,0x37,0x11,0x23,0x35,0x07,0x27,0x37,0xe3,0x6a,0x2f,0x31,0x6a,0xd4,0xfe,0xc8,0xc3,0x20,0x4a,
0x4b,0x00,0x00,0x00,0x00,0x01,0x00,0x1a,0xff,0x9c,0x01,0x01,0x00,0xdf,0x00,0x11,0x00,0x00,0x05,0x23,0x35,0x37,0x36,0x35,0x34,0x23,0x07,0x27,0x36,0x32,0x16,0x14,
0x06,0x0f,0x01,0x33,0x01,0x01,0xe7,0x49,0x2e,0x25,0x4c,0x04,0x49,0x6a,0x32,0x1a,0x1e,0x26,0x5e,0x64,0x5a,0x3b,0x25,0x14,0x0f,0x06,0x63,0x09,0x2e,0x57,0x2d,0x16,
0x1c,0x00,0x00,0x00,0x00,0x01,0x00,0x13,0xff,0x91,0x01,0x02,0x00,0xdf,0x00,0x18,0x00,0x00,0x37,0x32,0x15,0x14,0x07,0x16,0x15,0x14,0x23,0x27,0x37,0x16,0x32,0x35,
0x34,0x2b,0x01,0x35,0x33,0x32,0x34,0x23,0x07,0x27,0x36,0x83,0x79,0x1d,0x23,0x76,0x79,0x06,0x3d,0x3e,0x1a,0x42,0x40,0x14,0x1b,0x54,0x06,0x44,0xdf,0x59,0x35,0x11,
0x0f,0x37,0x69,0x08,0x5d,0x06,0x10,0x0e,0x55,0x1d,0x05,0x5b,0x09,0x00,0x00,0x00,0x00,0x01,0x00,0x12,0xff,0x9c,0x01,0x0a,0x00,0xd4,0x00,0x0e,0x00,0x00,0x17,0x35,
0x23,0x35,0x37,0x33,0x07,0x33,0x37,0x33,0x15,0x33,0x15,0x23,0x15,0x96,0x84,0x27,0x76,0x34,0x1b,0x0e,0x5b,0x0b,0x0b,0x64,0x23,0x58,0xbd,0xb6,0x5a,0x5a,0x5f,0x23,
0x00,0x01,0x00,0x12,0xff,0x95,0x00,0xfe,0x00,0xd4,0x00,0x14,0x00,0x00,0x37,0x15,0x23,0x07,0x36,0x33,0x32,0x15,0x14,0x23,0x22,0x2f,0x01,0x37,0x16,0x32,0x34,0x23,
0x07,0x27,0x37,0xf4,0x7c,0x03,0x1c,0x10,0x5d,0x76,0x2e,0x36,0x12,0x08,0x38,0x3e,0x0e,0x1a,0x4e,0x0b,0xd4,0x5a,0x19,0x06,0x63,0x6f,0x0b,0x03,0x55,0x09,0x1f,0x04,
0x0b,0xbf,0x00,0x00,0x00,0x02,0x00,0x0c,0xff,0x91,0x01,0x06,0x00,0xdf,0x00,0x12,0x00,0x18,0x00,0x00,0x37,0x36,0x33,0x32,0x16,0x14,0x06,0x23,0x22,0x35,0x34,0x36,
0x33,0x32,0x1f,0x01,0x07,0x26,0x22,0x17,0x22,0x07,0x14,0x32,0x34,0x78,0x1e,0x08,0x36,0x32,0x43,0x34,0x83,0x3d,0x4c,0x20,0x36,0x12,0x06,0x42,0x3d,0x13,0x0b,0x08,
0x23,0x68,0x05,0x34,0x6b,0x3d,0x9b,0x59,0x5a,0x09,0x03,0x57,0x06,0x6b,0x08,0x22,0x2a,0x00,0x00,0x00,0x00,0x01,0x00,0x1a,0xff,0x92,0x00,0xfd,0x00,0xd4,0x00,0x07,
0x00,0x00,0x37,0x35,0x33,0x15,0x07,0x27,0x37,0x35,0x1a,0xe3,0x5f,0x79,0x5b,0x6b,0x69,0x65,0xdd,0x13,0xb9,0x0d,0x00,0x00,0x00,0x03,0x00,0x0b,0xff,0x91,0x01,0x0b,
0x00,0xdf,0x00,0x14,0x00,0x1c,0x00,0x24,0x00,0x00,0x37,0x34,0x32,0x15,0x14,0x06,0x0f,0x01,0x1e,0x01,0x15,0x14,0x06,0x22,0x26,0x35,0x34,0x36,0x3f,0x01,0x26,0x16,
0x32,0x35,0x34,0x27,0x23,0x06,0x15,0x36,0x22,0x15,0x14,0x17,0x33,0x36,0x35,0x10,0xf7,0x0d,0x07,0x07,0x0d,0x12,0x40,0x81,0x3f,0x10,0x08,0x08,0x1b,0x68,0x26,0x0c,
0x0e,0x0c,0x25,0x24,0x0b,0x0e,0x0b,0x86,0x59,0x5a,0x14,0x23,0x08,0x08,0x09,0x25,0x16,0x39,0x30,0x30,0x39,0x14,0x22,0x08,0x07,0x14,0x6d,0x16,0x0d,0x0c,0x0c,0x0d,
0x8e,0x13,0x0c,0x0d,0x0d,0x0c,0x00,0x00,0x00,0x02,0x00,0x0e,0xff,0x91,0x01,0x08,0x00,0xdf,0x00,0x12,0x00,0x18,0x00,0x00,0x37,0x06,0x23,0x22,0x35,0x34,0x36,0x33,
0x32,0x15,0x14,0x06,0x23,0x22,0x2f,0x01,0x37,0x16,0x32,0x27,0x22,0x14,0x33,0x37,0x34,0x97,0x14,0x0f,0x66,0x40,0x37,0x83,0x3c,0x47,0x2a,0x31,0x11,0x06,0x31,0x47,
0x0e,0x10,0x10,0x13,0x07,0x04,0x68,0x37,0x3d,0xa5,0x57,0x52,0x0b,0x03,0x57,0x06,0x92,0x2d,0x06,0x27,0x00,0x01,0x00,0x1a,0xff,0xf4,0x02,0x0e,0x02,0xa0,0x00,0x20,
0x00,0x00,0x13,0x35,0x33,0x3e,0x01,0x33,0x32,0x17,0x07,0x26,0x22,0x06,0x07,0x33,0x15,0x23,0x15,0x33,0x15,0x23,0x1e,0x01,0x32,0x37,0x17,0x06,0x22,0x26,0x27,0x23,
0x35,0x33,0x35,0x1a,0x3e,0x0f,0x6f,0x77,0x4d,0x74,0x04,0x58,0x8b,0x38,0x0c,0xeb,0xf3,0xf3,0xe7,0x0c,0x38,0x7c,0x63,0x03,0x65,0xcd,0x70,0x11,0x40,0x37,0x01,0x63,
0x66,0x75,0x62,0x1a,0x6b,0x0e,0x28,0x38,0x66,0x42,0x66,0x2d,0x23,0x0d,0x6d,0x17,0x60,0x67,0x66,0x42,0x00,0x02,0x00,0x50,0x01,0x4b,0x02,0x54,0x02,0x84,0x00,0x07,
0x00,0x14,0x00,0x00,0x13,0x35,0x33,0x15,0x23,0x15,0x23,0x35,0x17,0x11,0x33,0x17,0x37,0x33,0x11,0x23,0x35,0x07,0x23,0x27,0x15,0x50,0xc8,0x29,0x58,0x9a,0x67,0x29,
0x2d,0x66,0x52,0x22,0x37,0x26,0x02,0x35,0x4f,0x4f,0xe9,0xe9,0xea,0x01,0x39,0x9e,0x9e,0xfe,0xc7,0xae,0x99,0x99,0xae,0x00,0x00,0x01,0x00,0x28,0xff,0xf7,0x02,0x08,
0x02,0xa0,0x00,0x21,0x00,0x00,0x37,0x33,0x2e,0x01,0x27,0x26,0x35,0x34,0x36,0x20,0x16,0x15,0x14,0x06,0x0f,0x01,0x33,0x15,0x23,0x35,0x3e,0x01,0x35,0x34,0x26,0x22,
0x06,0x15,0x14,0x16,0x1f,0x01,0x15,0x23,0x34,0x50,0x09,0x27,0x0c,0x20,0x70,0x01,0x00,0x70,0x2e,0x17,0x17,0x50,0xd0,0x1d,0x31,0x25,0x7a,0x25,0x27,0x13,0x14,0xd0,
0x69,0x09,0x44,0x1e,0x52,0x5b,0x97,0x88,0x88,0x97,0x4c,0x8c,0x20,0x20,0x72,0x63,0x31,0x9b,0x38,0x74,0x56,0x56,0x74,0x38,0x82,0x25,0x25,0x63,0x00,0x02,0x00,0x1c,
0xff,0xf7,0x02,0x06,0x02,0xc8,0x00,0x16,0x00,0x1e,0x00,0x00,0x01,0x32,0x16,0x10,0x06,0x23,0x22,0x35,0x34,0x36,0x33,0x32,0x1f,0x01,0x2e,0x01,0x23,0x22,0x06,0x0f,
0x01,0x27,0x36,0x13,0x22,0x14,0x33,0x32,0x36,0x35,0x26,0x01,0x06,0x87,0x79,0x78,0x87,0xeb,0x72,0x69,0x3d,0x32,0x10,0x06,0x38,0x49,0x20,0x4d,0x16,0x17,0x04,0x55,
0x62,0x5c,0x5b,0x38,0x37,0x26,0x02,0xc8,0xb2,0xfe,0x8e,0xad,0xe1,0x6a,0x74,0x12,0x06,0x69,0x4f,0x11,0x09,0x08,0x67,0x2d,0xfe,0x7c,0xdb,0x5d,0x68,0x16,0x00,0x00,
0x00,0x02,0x00,0x2c,0x00,0x00,0x02,0x04,0x02,0x94,0x00,0x05,0x00,0x09,0x00,0x00,0x29,0x01,0x35,0x13,0x33,0x13,0x03,0x23,0x03,0x33,0x02,0x04,0xfe,0x28,0x7c,0xe1,
0x7b,0xde,0x1b,0x5a,0xce,0x68,0x02,0x2c,0xfd,0xd2,0x01,0xbe,0xfe,0x4e,0x00,0x00,0x00,0x01,0x00,0x1f,0xff,0x4c,0x02,0x12,0x02,0xf8,0x00,0x0b,0x00,0x00,0x05,0x11,
0x23,0x11,0x23,0x11,0x23,0x35,0x21,0x15,0x23,0x11,0x01,0x4f,0x71,0x8a,0x35,0x01,0xf3,0x39,0xb4,0x03,0x34,0xfc,0xcc,0x03,0x34,0x78,0x78,0xfc,0xcc,0x00,0x00,0x00,
0x00,0x01,0x00,0x1e,0xff,0x4c,0x02,0x12,0x02,0xf8,0x00,0x0e,0x00,0x00,0x13,0x21,0x15,0x21,0x15,0x13,0x15,0x03,0x15,0x21,0x15,0x21,0x35,0x13,0x03,0x1e,0x01,0xf4,
0xfe,0x9e,0xd7,0xd7,0x01,0x62,0xfe,0x0c,0xee,0xee,0x02,0xf8,0x78,0x0f,0xfe,0xe7,0x5d,0xfe,0xd8,0x0f,0x78,0x8b,0x01,0x53,0x01,0x42,0x00,0x00,0x00,0x01,0x00,0x3e,
0x00,0xbf,0x01,0xf2,0x01,0x37,0x00,0x03,0x00,0x00,0x37,0x35,0x21,0x15,0x3e,0x01,0xb4,0xbf,0x78,0x78,0x00,0x01,0x00,0x01,0xff,0x7e,0x02,0x3b,0x03,0x17,0x00,0x09,
0x00,0x00,0x13,0x35,0x33,0x13,0x33,0x13,0x33,0x03,0x23,0x03,0x01,0xa6,0x5c,0x0d,0xa3,0x88,0xc8,0xd6,0x66,0x01,0x40,0x78,0xfe,0x38,0x03,0x27,0xfc,0x67,0x01,0xc2,
0x00,0x03,0x00,0x1b,0x00,0x79,0x02,0x15,0x01,0xcf,0x00,0x0d,0x00,0x15,0x00,0x1d,0x00,0x00,0x37,0x22,0x10,0x33,0x32,0x17,0x36,0x33,0x32,0x10,0x23,0x22,0x27,0x06,
0x27,0x22,0x14,0x33,0x32,0x36,0x37,0x26,0x17,0x32,0x34,0x23,0x22,0x07,0x1e,0x01,0xa6,0x8b,0x89,0x4b,0x29,0x29,0x4b,0x89,0x8b,0x4b,0x27,0x28,0x37,0x24,0x24,0x0d,
0x16,0x0f,0x1c,0xa8,0x24,0x24,0x16,0x1c,0x0f,0x16,0x79,0x01,0x56,0x4e,0x4e,0xfe,0xaa,0x4d,0x4d,0xe3,0x70,0x1b,0x1d,0x38,0x70,0x70,0x38,0x1d,0x1b,0x00,0x00,0x00,
0x00,0x01,0x00,0x63,0xff,0x39,0x01,0xcd,0x03,0x0d,0x00,0x16,0x00,0x00,0x05,0x14,0x23,0x22,0x2f,0x01,0x37,0x16,0x32,0x36,0x35,0x11,0x34,0x36,0x33,0x32,0x1f,0x01,
0x07,0x26,0x22,0x06,0x15,0x01,0x59,0x95,0x1e,0x34,0x0f,0x04,0x19,0x39,0x16,0x42,0x53,0x21,0x36,0x12,0x04,0x20,0x3c,0x14,0x10,0xb7,0x0a,0x03,0x6e,0x03,0x1d,0x25,
0x02,0x5e,0x6a,0x52,0x0b,0x03,0x6e,0x04,0x1f,0x26,0x00,0x00,0x00,0x02,0x00,0x3b,0x00,0x2d,0x01,0xf3,0x01,0xad,0x00,0x11,0x00,0x23,0x00,0x00,0x00,0x22,0x26,0x22,
0x06,0x0f,0x01,0x27,0x3e,0x01,0x32,0x16,0x33,0x32,0x3f,0x01,0x17,0x0e,0x01,0x22,0x26,0x22,0x06,0x0f,0x01,0x27,0x3e,0x01,0x32,0x16,0x33,0x32,0x3f,0x01,0x17,0x06,
0x01,0x9c,0x39,0x9f,0x27,0x37,0x10,0x11,0x0a,0x16,0x4b,0x37,0x99,0x14,0x27,0x33,0x11,0x08,0x13,0x44,0x39,0x9f,0x27,0x37,0x10,0x11,0x0a,0x16,0x4b,0x37,0x99,0x14,
0x27,0x33,0x11,0x08,0x13,0x01,0x09,0x2c,0x13,0x0a,0x0a,0x6b,0x13,0x21,0x2c,0x1d,0x09,0x6b,0x13,0xfc,0x2c,0x13,0x0a,0x0a,0x6b,0x13,0x21,0x2c,0x1d,0x09,0x6b,0x13,
0x00,0x01,0x00,0x39,0xff,0xc8,0x01,0xf5,0x02,0x3a,0x00,0x13,0x00,0x00,0x13,0x35,0x33,0x37,0x17,0x07,0x33,0x15,0x23,0x07,0x33,0x15,0x23,0x07,0x27,0x37,0x23,0x35,
0x33,0x37,0x39,0xe4,0x44,0x68,0x32,0x5e,0x93,0x26,0xb9,0xee,0x3f,0x68,0x2d,0x54,0x89,0x26,0x01,0x27,0x79,0x9a,0x29,0x71,0x79,0x57,0x79,0x8f,0x29,0x66,0x79,0x57,
0x00,0x02,0x00,0x42,0x00,0x13,0x01,0xe7,0x02,0x04,0x00,0x06,0x00,0x0a,0x00,0x00,0x01,0x0d,0x01,0x15,0x25,0x35,0x25,0x01,0x35,0x21,0x15,0x01,0xe7,0xfe,0xf0,0x01,
0x10,0xfe,0x5b,0x01,0xa5,0xfe,0x5b,0x01,0xa5,0x01,0x82,0x31,0x36,0x82,0x79,0x74,0x7e,0xfe,0x0f,0x78,0x78,0x00,0x00,0x00,0x00,0x02,0x00,0x49,0x00,0x13,0x01,0xee,
0x02,0x04,0x00,0x06,0x00,0x0a,0x00,0x00,0x01,0x25,0x35,0x05,0x15,0x05,0x35,0x05,0x15,0x21,0x35,0x01,0x59,0xfe,0xf0,0x01,0xa5,0xfe,0x5b,0x01,0xa5,0xfe,0x5b,0x01,
0x51,0x31,0x82,0x7e,0x74,0x79,0x82,0x90,0x78,0x78,0x00,0x00,0x00,0x02,0x00,0x2c,0x00,0x00,0x02,0x04,0x02,0x94,0x00,0x05,0x00,0x0b,0x00,0x00,0x33,0x03,0x13,0x33,
0x13,0x03,0x27,0x37,0x27,0x23,0x07,0x17,0xc1,0x95,0x95,0xaf,0x94,0x94,0x4f,0x5e,0x5e,0x11,0x5f,0x5f,0x01,0x44,0x01,0x50,0xfe,0xb0,0xfe,0xbc,0x72,0xd2,0xde,0xde,
0xd2,0x00,0x00,0x00,0x00,0x01,0xff,0xde,0xff,0x1a,0x00,0xc5,0x01,0xf4,0x00,0x0a,0x00,0x00,0x37,0x11,0x33,0x11,0x14,0x06,0x07,0x27,0x3e,0x02,0x3f,0x86,0x47,0x6b,
0x35,0x2d,0x24,0x10,0x18,0x01,0xdc,0xfe,0x23,0x66,0x61,0x36,0x63,0x1e,0x22,0x2f,0x00,0x01,0xff,0xfb,0xfe,0xc9,0x00,0xab,0xff,0xb3,0x00,0x03,0x00,0x00,0x03,0x37,
0x33,0x07,0x05,0x2e,0x82,0x37,0xfe,0xc9,0xea,0xea,0x00,0x00,0x00,0x02,0x00,0x29,0xff,0xf7,0x01,0xef,0x01,0xfd,0x00,0x07,0x00,0x0f,0x00,0x00,0x12,0x32,0x16,0x10,
0x06,0x22,0x26,0x10,0x24,0x22,0x06,0x14,0x16,0x32,0x36,0x34,0x9f,0xda,0x76,0x73,0xe0,0x73,0x01,0x18,0x6a,0x31,0x31,0x6a,0x31,0x01,0xfd,0x7b,0xfe,0xe4,0x6f,0x6f,
0x01,0x1c,0x09,0x40,0xa7,0x3b,0x3b,0xa7,0x00,0x01,0x00,0x0d,0x00,0x00,0x01,0x4b,0x01,0xf4,0x00,0x06,0x00,0x00,0x01,0x11,0x23,0x11,0x07,0x27,0x37,0x01,0x4b,0x7d,
0x93,0x2e,0xd5,0x01,0xf4,0xfe,0x0c,0x01,0x63,0x4d,0x65,0x79,0x00,0x01,0x00,0x2c,0x00,0x00,0x01,0xbd,0x01,0xfd,0x00,0x15,0x00,0x00,0x29,0x01,0x35,0x37,0x3e,0x01,
0x34,0x26,0x22,0x07,0x06,0x15,0x27,0x36,0x33,0x32,0x15,0x14,0x06,0x0f,0x01,0x33,0x01,0xbd,0xfe,0x6f,0x7f,0x4e,0x37,0x2f,0x4b,0x24,0x5e,0x08,0x78,0x4f,0xc4,0x3a,
0x49,0x53,0xdc,0x6d,0x5b,0x37,0x39,0x3a,0x13,0x03,0x0a,0x01,0x72,0x14,0x95,0x3d,0x4b,0x33,0x3a,0x00,0x00,0x01,0x00,0x24,0xff,0xf7,0x01,0xb9,0x01,0xfe,0x00,0x1e,
0x00,0x00,0x13,0x36,0x32,0x16,0x15,0x14,0x07,0x16,0x14,0x06,0x23,0x22,0x2f,0x01,0x37,0x16,0x32,0x36,0x35,0x34,0x2b,0x01,0x35,0x33,0x32,0x35,0x34,0x23,0x22,0x0f,
0x01,0x2c,0x73,0xaa,0x61,0x40,0x4f,0x6e,0x59,0x4a,0x63,0x21,0x0f,0x6e,0x7c,0x1f,0x4e,0x84,0x83,0x40,0x41,0x44,0x56,0x1a,0x01,0xeb,0x13,0x39,0x43,0x52,0x25,0x23,
0xa3,0x4e,0x11,0x05,0x72,0x0b,0x15,0x17,0x25,0x6e,0x2b,0x28,0x08,0x03,0x00,0x00,0x00,0x01,0x00,0x1d,0x00,0x00,0x01,0xc6,0x01,0xf4,0x00,0x0e,0x00,0x00,0x21,0x35,
0x21,0x35,0x13,0x33,0x03,0x33,0x35,0x33,0x15,0x33,0x15,0x23,0x15,0x01,0x20,0xfe,0xfd,0x7e,0x85,0x7a,0x7a,0x7d,0x29,0x29,0x52,0x5a,0x01,0x48,0xfe,0xd6,0x72,0x72,
0x78,0x52,0x00,0x00,0x00,0x01,0x00,0x25,0xff,0xf7,0x01,0xd5,0x01,0xf8,0x00,0x18,0x00,0x00,0x01,0x15,0x21,0x07,0x36,0x33,0x32,0x16,0x14,0x06,0x23,0x22,0x2f,0x01,
0x37,0x16,0x32,0x35,0x34,0x23,0x22,0x0f,0x01,0x27,0x13,0x01,0xc1,0xfe,0xfb,0x0c,0x2c,0x2f,0x62,0x68,0x6d,0x67,0x50,0x69,0x23,0x0f,0x7e,0x99,0x52,0x21,0x32,0x0f,
0x63,0x16,0x01,0xf8,0x84,0x43,0x12,0x52,0x9e,0x5c,0x18,0x08,0x72,0x18,0x2a,0x32,0x10,0x05,0x13,0x01,0x2d,0x00,0x00,0x00,0x00,0x02,0x00,0x29,0xff,0xf6,0x01,0xde,
0x01,0xfd,0x00,0x12,0x00,0x1b,0x00,0x00,0x01,0x22,0x15,0x36,0x33,0x32,0x15,0x14,0x06,0x22,0x26,0x10,0x36,0x33,0x32,0x1f,0x01,0x07,0x26,0x07,0x22,0x0f,0x01,0x16,
0x33,0x32,0x35,0x34,0x01,0x0d,0x67,0x44,0x34,0xc0,0x7d,0xce,0x6a,0x7f,0x65,0x59,0x44,0x18,0x09,0x6c,0x44,0x23,0x30,0x10,0x03,0x5e,0x5a,0x01,0x8f,0x66,0x1b,0xa7,
0x4f,0x58,0x7d,0x01,0x10,0x7a,0x0b,0x04,0x68,0x09,0xc0,0x09,0x03,0x5f,0x39,0x32,0x00,0x01,0x00,0x1b,0xff,0xf7,0x01,0x8a,0x01,0xf4,0x00,0x07,0x00,0x00,0x13,0x35,
0x21,0x15,0x03,0x27,0x13,0x35,0x1b,0x01,0x6f,0xc5,0x6b,0xb9,0x01,0x86,0x6e,0x85,0xfe,0x88,0x1d,0x01,0x5b,0x17,0x00,0x00,0x00,0x03,0x00,0x28,0xff,0xf6,0x01,0xce,
0x01,0xfd,0x00,0x12,0x00,0x1b,0x00,0x25,0x00,0x00,0x12,0x32,0x16,0x14,0x07,0x1e,0x02,0x15,0x14,0x06,0x22,0x26,0x35,0x34,0x36,0x37,0x26,0x34,0x12,0x32,0x35,0x34,
0x26,0x27,0x23,0x06,0x15,0x36,0x22,0x06,0x15,0x14,0x17,0x33,0x36,0x35,0x34,0x9e,0xba,0x6a,0x40,0x1a,0x19,0x19,0x76,0xba,0x76,0x28,0x24,0x40,0x71,0xac,0x1b,0x1d,
0x3c,0x38,0x7c,0x4c,0x24,0x2c,0x3c,0x2c,0x01,0xfd,0x45,0x8b,0x28,0x11,0x14,0x33,0x25,0x49,0x49,0x49,0x49,0x30,0x39,0x14,0x28,0x8b,0xfe,0xaa,0x32,0x17,0x1a,0x0a,
0x14,0x27,0xfd,0x1a,0x12,0x26,0x11,0x0f,0x29,0x12,0x00,0x00,0x00,0x02,0x00,0x23,0xff,0xf7,0x01,0xbe,0x01,0xfe,0x00,0x15,0x00,0x1e,0x00,0x00,0x37,0x32,0x36,0x35,
0x07,0x06,0x23,0x22,0x35,0x34,0x36,0x33,0x32,0x11,0x14,0x06,0x23,0x22,0x2f,0x01,0x37,0x16,0x37,0x14,0x33,0x32,0x37,0x26,0x23,0x22,0x06,0xe0,0x2d,0x32,0x0b,0x24,
0x35,0xb8,0x6e,0x5b,0xd2,0x79,0x65,0x59,0x3c,0x14,0x0c,0x4d,0x10,0x4f,0x2a,0x20,0x02,0x50,0x25,0x22,0x67,0x36,0x2f,0x04,0x0e,0x9b,0x50,0x59,0xfe,0xfd,0x88,0x7c,
0x11,0x05,0x67,0x0d,0xf0,0x31,0x11,0x59,0x1b,0x00,0x00,0x00,0x00,0x02,0x00,0x1a,0xff,0xf4,0x01,0x91,0x02,0xa8,0x00,0x15,0x00,0x19,0x00,0x00,0x16,0x26,0x34,0x3e,
0x02,0x3d,0x01,0x33,0x16,0x15,0x14,0x0e,0x01,0x15,0x14,0x33,0x32,0x3f,0x01,0x17,0x06,0x03,0x15,0x23,0x35,0x7b,0x61,0x1f,0x64,0x1a,0x6b,0x1f,0x7f,0x1d,0x55,0x3c,
0x3f,0x15,0x07,0x56,0x03,0x90,0x0c,0x4e,0x9c,0x47,0x4b,0x28,0x18,0x1f,0x22,0x39,0x24,0x66,0x27,0x1c,0x3b,0x0c,0x04,0x65,0x23,0x02,0xb4,0xa1,0xa1,0x00,0x00,0x00,
0x00,0x01,0x00,0x3b,0x00,0xef,0x02,0x2f,0x01,0x61,0x00,0x03,0x00,0x00,0x13,0x21,0x15,0x21,0x3b,0x01,0xf4,0xfe,0x0c,0x01,0x61,0x72,0x00,0x00,0x00,0x01,0x00,0x3b,
0x00,0xef,0x04,0x23,0x01,0x61,0x00,0x03,0x00,0x00,0x13,0x21,0x15,0x21,0x3b,0x03,0xe8,0xfc,0x18,0x01,0x61,0x72,0x00,0x00,0x00,0x01,0x00,0x38,0x00,0xf5,0x00,0xc8,
0x01,0x9b,0x00,0x03,0x00,0x00,0x37,0x35,0x33,0x15,0x38,0x90,0xf5,0xa6,0xa6,0x00,0x00,0x02,0x00,0x43,0x00,0x01,0x00,0xd4,0x02,0xa9,0x00,0x03,0x00,0x07,0x00,0x00,
0x13,0x15,0x23,0x35,0x17,0x13,0x23,0x13,0xd4,0x90,0x83,0x0d,0x91,0x0e,0x02,0xa9,0xa1,0xa1,0xfa,0xfe,0x52,0x01,0xae,0x00,0x00,0x01,0x00,0x26,0xff,0xa1,0x01,0x19,
0x03,0x0c,0x00,0x11,0x00,0x00,0x12,0x14,0x16,0x1f,0x01,0x23,0x2e,0x03,0x34,0x36,0x37,0x36,0x3f,0x01,0x33,0x06,0xba,0x30,0x18,0x17,0x7f,0x0e,0x2e,0x1f,0x19,0x18,
0x11,0x24,0x1b,0x0c,0x7f,0x22,0x01,0xa3,0xb0,0xd5,0x3e,0x3f,0x16,0x68,0x5e,0x8b,0x86,0x8e,0x35,0x70,0x34,0x17,0x57,0x00,0x00,0x01,0x00,0x1b,0xff,0xa6,0x01,0x0e,
0x03,0x11,0x00,0x11,0x00,0x00,0x12,0x34,0x26,0x2f,0x01,0x33,0x1e,0x03,0x14,0x06,0x07,0x06,0x0f,0x01,0x23,0x36,0x7a,0x2f,0x18,0x18,0x7f,0x0e,0x2e,0x1f,0x19,0x18,
0x11,0x24,0x1b,0x0c,0x7f,0x22,0x01,0x0f,0xb0,0xd5,0x3e,0x3f,0x16,0x68,0x5e,0x8b,0x86,0x8e,0x35,0x70,0x34,0x17,0x57,0x00,0x00,0x01,0x00,0x44,0xff,0xa3,0x01,0x40,
0x03,0x0b,0x00,0x07,0x00,0x00,0x01,0x15,0x23,0x11,0x33,0x15,0x23,0x11,0x01,0x40,0x73,0x73,0xfc,0x03,0x0b,0x78,0xfd,0x88,0x78,0x03,0x68,0x00,0x00,0x01,0x00,0x23,
0xff,0xa3,0x01,0x1f,0x03,0x0b,0x00,0x07,0x00,0x00,0x13,0x35,0x33,0x11,0x23,0x35,0x33,0x11,0x23,0xfc,0xfc,0x73,0x02,0x93,0x78,0xfc,0x98,0x78,0x02,0x78,0x00,0x00,
0x00,0x01,0x00,0x10,0xff,0x98,0x01,0x45,0x03,0x17,0x00,0x1c,0x00,0x00,0x13,0x17,0x14,0x06,0x07,0x1e,0x01,0x15,0x07,0x14,0x16,0x17,0x15,0x2e,0x01,0x35,0x37,0x34,
0x27,0x35,0x36,0x35,0x27,0x34,0x36,0x37,0x15,0x0e,0x01,0xfb,0x07,0x29,0x47,0x46,0x2b,0x07,0x1d,0x2a,0x6f,0x5b,0x07,0x70,0x70,0x07,0x5b,0x71,0x2b,0x1f,0x02,0x5e,
0x80,0x3f,0x36,0x11,0x11,0x3d,0x40,0x75,0x22,0x26,0x03,0x72,0x04,0x4e,0x5a,0x79,0x49,0x1d,0x68,0x1a,0x44,0x7f,0x5f,0x4c,0x04,0x72,0x04,0x22,0x00,0x01,0x00,0x24,
0xff,0x94,0x01,0x59,0x03,0x13,0x00,0x1c,0x00,0x00,0x37,0x27,0x34,0x36,0x37,0x2e,0x01,0x35,0x37,0x34,0x26,0x27,0x35,0x1e,0x01,0x15,0x07,0x14,0x17,0x15,0x06,0x15,
0x17,0x14,0x06,0x07,0x35,0x3e,0x01,0x6e,0x07,0x29,0x47,0x46,0x2b,0x07,0x1d,0x2a,0x6f,0x5b,0x07,0x70,0x70,0x07,0x5b,0x71,0x2b,0x1f,0x4d,0x80,0x3f,0x36,0x11,0x11,
0x3d,0x40,0x75,0x22,0x26,0x03,0x72,0x04,0x4e,0x5a,0x79,0x49,0x1d,0x68,0x1a,0x44,0x7f,0x5f,0x4c,0x04,0x72,0x04,0x22,0x00,0x00,0x01,0x00,0x09,0x02,0xea,0x01,0x2e,
0x03,0xb1,0x00,0x03,0x00,0x00,0x13,0x17,0x07,0x25,0x32,0xfc,0x21,0xfe,0xfc,0x03,0xb1,0x6a,0x5d,0x4f,0x00,0x01,0x00,0x01,0x02,0xea,0x01,0x26,0x03,0xb1,0x00,0x03,
0x00,0x00,0x13,0x37,0x17,0x05,0x01,0xfc,0x29,0xfe,0xfc,0x03,0x47,0x6a,0x78,0x4f,0x00,0x01,0x00,0x18,0x02,0xfd,0x01,0x99,0x03,0x92,0x00,0x06,0x00,0x00,0x13,0x37,
0x33,0x17,0x23,0x27,0x07,0x18,0x86,0x75,0x86,0x8e,0x31,0x34,0x02,0xfd,0x95,0x95,0x38,0x38,0x00,0x00,0x00,0x01,0xff,0xd2,0x02,0xfd,0x01,0x53,0x03,0x92,0x00,0x06,
0x00,0x00,0x13,0x27,0x33,0x17,0x37,0x33,0x07,0x58,0x86,0x8e,0x34,0x31,0x8e,0x86,0x02,0xfd,0x95,0x38,0x38,0x95,0x00,0x00,0x00,0x01,0xff,0xd8,0x02,0xf6,0x01,0x59,
0x03,0x9a,0x00,0x11,0x00,0x00,0x00,0x22,0x26,0x23,0x22,0x0f,0x01,0x27,0x3e,0x01,0x32,0x16,0x33,0x32,0x3f,0x01,0x17,0x06,0x01,0x06,0x34,0x7f,0x0d,0x19,0x2a,0x0e,
0x1d,0x14,0x3f,0x3b,0x7a,0x0b,0x17,0x2c,0x0e,0x1d,0x15,0x02,0xf6,0x2e,0x20,0x0a,0x60,0x18,0x28,0x2e,0x20,0x0a,0x61,0x18,0x00,0x02,0xff,0xd6,0x02,0xfc,0x01,0x2c,
0x03,0x80,0x00,0x03,0x00,0x07,0x00,0x00,0x03,0x35,0x33,0x15,0x33,0x35,0x33,0x15,0x2a,0x80,0x56,0x80,0x02,0xfc,0x84,0x84,0x84,0x84,0x00,0x00,0x00,0x01,0xff,0xe7,
0x03,0x0e,0x01,0x42,0x03,0x70,0x00,0x03,0x00,0x00,0x03,0x35,0x21,0x15,0x19,0x01,0x5b,0x03,0x0e,0x62,0x62,0x00,0x00,0x00,0x00,0x01,0xff,0xe2,0x02,0xf7,0x01,0x57,
0x03,0x8e,0x00,0x0b,0x00,0x00,0x12,0x16,0x32,0x36,0x37,0x33,0x0e,0x01,0x22,0x26,0x27,0x33,0x5f,0x22,0x37,0x23,0x03,0x79,0x08,0x5d,0xac,0x5c,0x08,0x79,0x03,0x75,
0x20,0x20,0x19,0x44,0x53,0x53,0x44,0x00,0x00,0x02,0xff,0xff,0x02,0x53,0x01,0x2b,0x03,0x4f,0x00,0x07,0x00,0x0f,0x00,0x00,0x00,0x14,0x06,0x22,0x26,0x34,0x36,0x32,
0x06,0x14,0x16,0x32,0x36,0x34,0x26,0x22,0x01,0x2b,0x56,0x80,0x56,0x56,0x80,0x7b,0x20,0x36,0x20,0x20,0x36,0x03,0x0c,0x76,0x43,0x43,0x76,0x43,0x6b,0x26,0x16,0x16,
0x26,0x16,0x00,0x00,0x00,0x02,0xff,0xe9,0x02,0xe3,0x01,0x70,0x03,0xcd,0x00,0x03,0x00,0x07,0x00,0x00,0x13,0x37,0x17,0x07,0x25,0x37,0x17,0x07,0xb9,0x43,0x74,0x4e,
0xfe,0xc7,0x43,0x74,0x4e,0x03,0x07,0xc5,0x2a,0xbf,0x25,0xc5,0x2a,0xbf,0x00,0x00,0x00,0x01,0x00,0x43,0x02,0xff,0x00,0xc9,0x03,0x86,0x00,0x03,0x00,0x00,0x13,0x35,
0x33,0x15,0x43,0x86,0x02,0xff,0x87,0x87,0x00,0x02,0x00,0x0b,0x01,0x6f,0x01,0x0d,0x02,0xbd,0x00,0x07,0x00,0x12,0x00,0x00,0x12,0x32,0x16,0x14,0x06,0x22,0x26,0x34,
0x17,0x22,0x0e,0x01,0x14,0x1e,0x01,0x32,0x36,0x34,0x26,0x4a,0x84,0x3f,0x3e,0x86,0x3e,0x81,0x07,0x08,0x04,0x05,0x07,0x12,0x08,0x08,0x02,0xbd,0x4c,0xb9,0x49,0x49,
0xb9,0x13,0x09,0x21,0x40,0x1f,0x07,0x18,0x5d,0x1b,0x00,0x00,0x00,0x01,0x00,0x14,0x01,0x7a,0x00,0xde,0x02,0xb2,0x00,0x06,0x00,0x00,0x13,0x11,0x23,0x35,0x07,0x27,
0x37,0xde,0x6a,0x2f,0x31,0x6a,0x02,0xb2,0xfe,0xc8,0xc3,0x20,0x4a,0x4b,0x00,0x00,0x00,0x01,0x00,0x18,0x01,0x7a,0x00,0xff,0x02,0xbd,0x00,0x11,0x00,0x00,0x01,0x23,
0x35,0x37,0x36,0x35,0x34,0x23,0x07,0x27,0x36,0x32,0x16,0x14,0x06,0x0f,0x01,0x33,0x00,0xff,0xe7,0x49,0x2e,0x25,0x4c,0x04,0x49,0x6a,0x32,0x1a,0x1e,0x26,0x5e,0x01,
0x7a,0x5a,0x3b,0x25,0x14,0x0f,0x06,0x63,0x09,0x2e,0x57,0x2d,0x16,0x1c,0x00,0x00,0x00,0x01,0x00,0x17,0x01,0x6f,0x01,0x06,0x02,0xbd,0x00,0x18,0x00,0x00,0x13,0x32,
0x15,0x14,0x07,0x16,0x15,0x14,0x23,0x27,0x37,0x16,0x32,0x35,0x34,0x2b,0x01,0x35,0x33,0x32,0x34,0x23,0x07,0x27,0x36,0x87,0x79,0x1d,0x23,0x76,0x79,0x06,0x3d,0x3e,
0x1a,0x42,0x40,0x14,0x1b,0x54,0x06,0x44,0x02,0xbd,0x59,0x35,0x11,0x0f,0x37,0x69,0x08,0x5d,0x06,0x10,0x0e,0x55,0x1d,0x05,0x5b,0x09,0x00,0x00,0x00,0x01,0x00,0x0f,
0x01,0x7a,0x01,0x07,0x02,0xb2,0x00,0x0e,0x00,0x00,0x13,0x35,0x23,0x35,0x37,0x33,0x07,0x33,0x37,0x33,0x15,0x33,0x15,0x23,0x15,0x93,0x84,0x27,0x76,0x34,0x1b,0x0e,
0x5b,0x0b,0x0b,0x01,0x7a,0x23,0x58,0xbd,0xb6,0x5a,0x5a,0x5f,0x23,0x00,0x00,0x00,0x00,0x01,0x00,0x18,0x01,0x73,0x01,0x04,0x02,0xb2,0x00,0x14,0x00,0x00,0x13,0x15,
0x23,0x07,0x36,0x33,0x32,0x15,0x14,0x23,0x22,0x2f,0x01,0x37,0x16,0x32,0x34,0x23,0x07,0x27,0x37,0xfa,0x7c,0x03,0x1c,0x10,0x5d,0x76,0x2e,0x36,0x12,0x08,0x38,0x3e,
0x0e,0x1a,0x4e,0x0b,0x02,0xb2,0x5a,0x19,0x06,0x63,0x6f,0x0b,0x03,0x55,0x09,0x1f,0x04,0x0b,0xbf,0x00,0x00,0x02,0x00,0x0e,0x01,0x6f,0x01,0x08,0x02,0xbd,0x00,0x12,
0x00,0x18,0x00,0x00,0x13,0x36,0x33,0x32,0x16,0x14,0x06,0x23,0x22,0x35,0x34,0x36,0x33,0x32,0x1f,0x01,0x07,0x26,0x22,0x17,0x22,0x07,0x14,0x32,0x34,0x7a,0x1e,0x08,
0x36,0x32,0x43,0x34,0x83,0x3d,0x4c,0x20,0x36,0x12,0x06,0x42,0x3d,0x13,0x0b,0x08,0x23,0x02,0x46,0x05,0x34,0x6b,0x3d,0x9b,0x59,0x5a,0x09,0x03,0x57,0x06,0x6b,0x08,
0x22,0x2a,0x00,0x00,0x00,0x01,0x00,0x1f,0x01,0x70,0x01,0x02,0x02,0xb2,0x00,0x07,0x00,0x00,0x13,0x35,0x33,0x15,0x07,0x27,0x37,0x35,0x1f,0xe3,0x5f,0x79,0x5b,0x02,
0x49,0x69,0x65,0xdd,0x13,0xb9,0x0d,0x00,0x00,0x03,0x00,0x0b,0x01,0x6f,0x01,0x0b,0x02,0xbd,0x00,0x14,0x00,0x1c,0x00,0x24,0x00,0x00,0x13,0x34,0x32,0x15,0x14,0x06,
0x0f,0x01,0x1e,0x01,0x15,0x14,0x06,0x22,0x26,0x35,0x34,0x36,0x3f,0x01,0x26,0x16,0x32,0x35,0x34,0x27,0x23,0x06,0x15,0x36,0x22,0x15,0x14,0x17,0x33,0x36,0x35,0x10,
0xf7,0x0d,0x07,0x07,0x0d,0x12,0x40,0x81,0x3f,0x10,0x08,0x08,0x1b,0x68,0x26,0x0c,0x0e,0x0c,0x25,0x24,0x0b,0x0e,0x0b,0x02,0x64,0x59,0x5a,0x14,0x23,0x08,0x08,0x09,
0x25,0x16,0x39,0x30,0x30,0x39,0x14,0x22,0x08,0x07,0x14,0x6d,0x16,0x0d,0x0c,0x0c,0x0d,0x8e,0x13,0x0c,0x0d,0x0d,0x0c,0x00,0x00,0x02,0x00,0x11,0x01,0x6f,0x01,0x0b,
0x02,0xbd,0x00,0x12,0x00,0x18,0x00,0x00,0x13,0x06,0x23,0x22,0x35,0x34,0x36,0x33,0x32,0x15,0x14,0x06,0x23,0x22,0x2f,0x01,0x37,0x16,0x32,0x27,0x22,0x14,0x33,0x37,
0x34,0x9a,0x14,0x0f,0x66,0x40,0x37,0x83,0x3c,0x47,0x2a,0x32,0x10,0x06,0x31,0x47,0x0e,0x10,0x10,0x13,0x01,0xe5,0x04,0x68,0x37,0x3d,0xa5,0x57,0x52,0x0b,0x03,0x57,
0x06,0x92,0x2d,0x06,0x27,0x00,0x00,0x00,0x00,0x03,0x00,0x18,0xff,0xf4,0x02,0x18,0x02,0xa0,0x00,0x03,0x00,0x0b,0x00,0x13,0x00,0x00,0x13,0x35,0x33,0x15,0x02,0x32,
0x16,0x10,0x06,0x20,0x26,0x10,0x04,0x26,0x22,0x06,0x14,0x16,0x32,0x36,0xfb,0x3a,0x9c,0xfe,0x81,0x80,0xff,0x00,0x80,0x01,0x72,0x34,0x7b,0x35,0x36,0x7a,0x34,0x01,
0x13,0x64,0x64,0x01,0x8d,0xa4,0xfe,0x95,0x9d,0x9d,0x01,0x6b,0x37,0x63,0x64,0xf6,0x62,0x62,0x00,0x00,0x00,0x02,0x00,0x24,0xff,0x2f,0x03,0xae,0x02,0xd9,0x00,0x32,
0x00,0x3e,0x00,0x00,0x01,0x15,0x14,0x06,0x23,0x22,0x27,0x26,0x27,0x06,0x23,0x22,0x26,0x10,0x36,0x33,0x32,0x1f,0x01,0x35,0x33,0x15,0x14,0x1e,0x02,0x33,0x32,0x36,
0x3d,0x01,0x34,0x26,0x20,0x06,0x10,0x16,0x33,0x37,0x17,0x06,0x23,0x22,0x26,0x27,0x26,0x11,0x34,0x36,0x20,0x16,0x01,0x32,0x37,0x26,0x3d,0x01,0x26,0x23,0x22,0x06,
0x15,0x14,0x03,0xae,0x61,0x60,0x47,0x2d,0x0a,0x07,0x50,0x44,0x5e,0x5d,0x57,0x68,0x23,0x29,0x0f,0x86,0x0b,0x0d,0x0e,0x0c,0x20,0x1d,0x93,0xfe,0xbf,0xaa,0x98,0xb3,
0x8f,0x05,0x5a,0x3a,0x73,0xa6,0x3e,0x7a,0xfa,0x01,0xb2,0xde,0xfe,0x31,0x26,0x34,0x06,0x2a,0x13,0x34,0x21,0x01,0x31,0x08,0x9a,0x8f,0x24,0x08,0x0c,0x38,0x75,0x01,
0x05,0x7a,0x12,0x07,0x0d,0xb3,0x8a,0x28,0x10,0x03,0x4e,0x6b,0x09,0xa0,0x91,0xb8,0xfe,0xa1,0xa7,0x09,0x75,0x0a,0x2e,0x35,0x6b,0x01,0x08,0xe7,0xed,0xd9,0xfe,0x76,
0x19,0x24,0x46,0x7b,0x0a,0x3a,0x49,0x85,0x00,0x02,0x00,0x0b,0xff,0xf5,0x01,0x0d,0x01,0x43,0x00,0x07,0x00,0x12,0x00,0x00,0x12,0x32,0x16,0x14,0x06,0x22,0x26,0x34,
0x17,0x22,0x0e,0x01,0x14,0x1e,0x01,0x32,0x36,0x34,0x26,0x4a,0x84,0x3f,0x3e,0x86,0x3e,0x81,0x07,0x08,0x04,0x05,0x07,0x12,0x08,0x08,0x01,0x43,0x4c,0xb9,0x49,0x49,
0xb9,0x13,0x09,0x21,0x40,0x1f,0x07,0x18,0x5d,0x1b,0x00,0x00,0x00,0x01,0x00,0x15,0x00,0x00,0x00,0xdf,0x01,0x38,0x00,0x06,0x00,0x00,0x13,0x11,0x23,0x35,0x07,0x27,
0x37,0xdf,0x6a,0x2f,0x31,0x6a,0x01,0x38,0xfe,0xc8,0xc3,0x20,0x4a,0x4b,0x00,0x00,0x00,0x01,0x00,0x1a,0x00,0x00,0x01,0x01,0x01,0x43,0x00,0x11,0x00,0x00,0x21,0x23,
0x35,0x37,0x36,0x35,0x34,0x23,0x07,0x27,0x36,0x32,0x16,0x14,0x06,0x0f,0x01,0x33,0x01,0x01,0xe7,0x49,0x2e,0x25,0x4c,0x04,0x49,0x6a,0x32,0x1a,0x1e,0x26,0x5e,0x5a,
0x3b,0x25,0x14,0x0f,0x06,0x63,0x09,0x2e,0x57,0x2d,0x16,0x1c,0x00,0x01,0x00,0x17,0xff,0xf5,0x01,0x06,0x01,0x43,0x00,0x18,0x00,0x00,0x13,0x32,0x15,0x14,0x07,0x16,
0x15,0x14,0x23,0x27,0x37,0x16,0x32,0x35,0x34,0x2b,0x01,0x35,0x33,0x32,0x34,0x23,0x07,0x27,0x36,0x87,0x79,0x1d,0x23,0x76,0x79,0x06,0x3d,0x3e,0x1a,0x42,0x40,0x14,
0x1b,0x54,0x06,0x44,0x01,0x43,0x59,0x35,0x11,0x0f,0x37,0x69,0x08,0x5d,0x06,0x10,0x0e,0x55,0x1d,0x05,0x5b,0x09,0x00,0x00,0x00,0x01,0x00,0x11,0x00,0x00,0x01,0x09,
0x01,0x38,0x00,0x0e,0x00,0x00,0x33,0x35,0x23,0x35,0x37,0x33,0x07,0x33,0x37,0x33,0x15,0x33,0x15,0x23,0x15,0x95,0x84,0x27,0x76,0x34,0x1b,0x0e,0x5b,0x0b,0x0b,0x23,
0x58,0xbd,0xb6,0x5a,0x5a,0x5f,0x23,0x00,0x00,0x01,0x00,0x15,0xff,0xf9,0x01,0x01,0x01,0x38,0x00,0x14,0x00,0x00,0x13,0x15,0x23,0x07,0x36,0x33,0x32,0x15,0x14,0x23,
0x22,0x2f,0x01,0x37,0x16,0x32,0x34,0x23,0x07,0x27,0x37,0xf7,0x7c,0x03,0x1c,0x10,0x5d,0x76,0x2e,0x36,0x12,0x08,0x38,0x3e,0x0e,0x1a,0x4e,0x0b,0x01,0x38,0x5a,0x19,
0x06,0x63,0x6f,0x0b,0x03,0x55,0x09,0x1f,0x04,0x0b,0xbf,0x00,0x00,0x02,0x00,0x0c,0xff,0xf5,0x01,0x06,0x01,0x43,0x00,0x12,0x00,0x18,0x00,0x00,0x37,0x36,0x33,0x32,
0x16,0x14,0x06,0x23,0x22,0x35,0x34,0x36,0x33,0x32,0x1f,0x01,0x07,0x26,0x22,0x17,0x22,0x07,0x14,0x32,0x34,0x78,0x1e,0x08,0x36,0x32,0x43,0x34,0x83,0x3d,0x4c,0x20,
0x36,0x12,0x06,0x42,0x3d,0x13,0x0b,0x08,0x23,0xcc,0x05,0x34,0x6b,0x3d,0x9b,0x59,0x5a,0x09,0x03,0x57,0x06,0x6b,0x08,0x22,0x2a,0x00,0x00,0x00,0x00,0x01,0x00,0x1d,
0xff,0xf6,0x01,0x00,0x01,0x38,0x00,0x07,0x00,0x00,0x37,0x35,0x33,0x15,0x07,0x27,0x37,0x35,0x1d,0xe3,0x5f,0x79,0x5b,0xcf,0x69,0x65,0xdd,0x13,0xb9,0x0d,0x00,0x00,
0x00,0x03,0x00,0x0c,0xff,0xf5,0x01,0x0c,0x01,0x43,0x00,0x13,0x00,0x1b,0x00,0x23,0x00,0x00,0x37,0x34,0x32,0x15,0x14,0x0f,0x01,0x1e,0x01,0x15,0x14,0x06,0x22,0x26,
0x35,0x34,0x36,0x3f,0x01,0x26,0x16,0x32,0x35,0x34,0x27,0x23,0x06,0x15,0x36,0x22,0x15,0x14,0x17,0x33,0x36,0x35,0x11,0xf7,0x14,0x07,0x0d,0x12,0x40,0x81,0x3f,0x10,
0x08,0x08,0x1b,0x68,0x26,0x0c,0x0e,0x0c,0x25,0x24,0x0b,0x0e,0x0b,0xea,0x59,0x5a,0x26,0x19,0x08,0x09,0x25,0x16,0x39,0x30,0x30,0x39,0x14,0x22,0x08,0x07,0x14,0x6d,
0x16,0x0d,0x0c,0x0c,0x0d,0x8e,0x13,0x0c,0x0d,0x0d,0x0c,0x00,0x00,0x02,0x00,0x0f,0xff,0xf5,0x01,0x09,0x01,0x43,0x00,0x12,0x00,0x18,0x00,0x00,0x37,0x06,0x23,0x22,
0x35,0x34,0x36,0x33,0x32,0x15,0x14,0x06,0x23,0x22,0x2f,0x01,0x37,0x16,0x32,0x27,0x22,0x14,0x33,0x37,0x34,0x98,0x14,0x0f,0x66,0x40,0x37,0x83,0x3c,0x47,0x2a,0x32,
0x10,0x06,0x31,0x47,0x0e,0x10,0x10,0x13,0x6b,0x04,0x68,0x37,0x3d,0xa5,0x57,0x52,0x0b,0x03,0x57,0x06,0x92,0x2d,0x06,0x27,0x00,0x01,0x00,0x38,0x00,0xeb,0x01,0x60,
0x01,0x65,0x00,0x03,0x00,0x00,0x37,0x35,0x21,0x15,0x38,0x01,0x28,0xeb,0x7a,0x7a,0x00,0x00,0x00,0x12,0x00,0xde,0x00,0x01,0x00,0x00,0x00,0x00,0x00,0x00,0x00,0x7e,
0x00,0xfe,0x00,0x01,0x00,0x00,0x00,0x00,0x00,0x01,0x00,0x0d,0x01,0x99,0x00,0x01,0x00,0x00,0x00,0x00,0x00,0x02,0x00,0x04,0x01,0xb1,0x00,0x01,0x00,0x00,0x00,0x00,
0x00,0x03,0x00,0x1c,0x01,0xf0,0x00,0x01,0x00,0x00,0x00,0x00,0x00,0x04,0x00,0x11,0x02,0x31,0x00,0x01,0x00,0x00,0x00,0x00,0x00,0x05,0x00,0x3b,0x02,0xbb,0x00,0x01,
0x00,0x00,0x00,0x00,0x00,0x06,0x00,0x11,0x03,0x1b,0x00,0x01,0x00,0x00,0x00,0x00,0x00,0x0d,0x00,0x90,0x04,0x4f,0x00,0x01,0x00,0x00,0x00,0x00,0x00,0x0e,0x00,0x1a,
0x05,0x16,0x00,0x03,0x00,0x01,0x04,0x09,0x00,0x00,0x00,0xfc,0x00,0x00,0x00,0x03,0x00,0x01,0x04,0x09,0x00,0x01,0x00,0x1a,0x01,0x7d,0x00,0x03,0x00,0x01,0x04,0x09,
0x00,0x02,0x00,0x08,0x01,0xa7,0x00,0x03,0x00,0x01,0x04,0x09,0x00,0x03,0x00,0x38,0x01,0xb6,0x00,0x03,0x00,0x01,0x04,0x09,0x00,0x04,0x00,0x22,0x02,0x0d,0x00,0x03,
0x00,0x01,0x04,0x09,0x00,0x05,0x00,0x76,0x02,0x43,0x00,0x03,0x00,0x01,0x04,0x09,0x00,0x06,0x00,0x22,0x02,0xf7,0x00,0x03,0x00,0x01,0x04,0x09,0x00,0x0d,0x01,0x20,
0x03,0x2d,0x00,0x03,0x00,0x01,0x04,0x09,0x00,0x0e,0x00,0x34,0x04,0xe0,0x00,0x43,0x00,0x6f,0x00,0x70,0x00,0x79,0x00,0x72,0x00,0x69,0x00,0x67,0x00,0x68,0x00,0x74,
0x00,0x20,0x00,0x28,0x00,0x63,0x00,0x29,0x00,0x20,0x00,0x32,0x00,0x30,0x00,0x30,0x00,0x39,0x00,0x2d,0x00,0x32,0x00,0x30,0x00,0x31,0x00,0x31,0x00,0x20,0x00,0x62,
0x00,0x79,0x00,0x20,0x00,0x41,0x00,0x63,0x00,0x63,0x00,0x61,0x00,0x64,0x00,0x65,0x00,0x6d,0x00,0x69,0x00,0x61,0x00,0x20,0x00,0x64,0x00,0x69,0x00,0x20,0x00,0x42,
0x00,0x65,0x00,0x6c,0x00,0x6c,0x00,0x65,0x00,0x20,0x00,0x41,0x00,0x72,0x00,0x74,0x00,0x69,0x00,0x20,0x00,0x64,0x00,0x69,0x00,0x20,0x00,0x55,0x00,0x72,0x00,0x62,
0x00,0x69,0x00,0x6e,0x00,0x6f,0x00,0x20,0x00,0x61,0x00,0x6e,0x00,0x64,0x00,0x20,0x00,0x73,0x00,0x74,0x00,0x75,0x00,0x64,0x00,0x65,0x00,0x6e,0x00,0x74,0x00,0x73,
0x00,0x20,0x00,0x6f,0x00,0x66,0x00,0x20,0x00,0x4d,0x00,0x41,0x00,0x20,0x00,0x63,0x00,0x6f,0x00,0x75,0x00,0x72,0x00,0x73,0x00,0x65,0x00,0x20,0x00,0x6f,0x00,0x66,
0x00,0x20,0x00,0x56,0x00,0x69,0x00,0x73,0x00,0x75,0x00,0x61,0x00,0x6c,0x00,0x20,0x00,0x64,0x00,0x65,0x00,0x73,0x00,0x69,0x00,0x67,0x00,0x6e,0x00,0x2e,0x00,0x20,
0x00,0x53,0x00,0x6f,0x00,0x6d,0x00,0x65,0x00,0x20,0x00,0x72,0x00,0x69,0x00,0x67,0x00,0x68,0x00,0x74,0x00,0x73,0x00,0x20,0x00,0x72,0x00,0x65,0x00,0x73,0x00,0x65,
0x00,0x72,0x00,0x76,0x00,0x65,0x00,0x64,0x00,0x2e,0x00,0x00,0x43,0x6f,0x70,0x79,0x72,0x69,0x67,0x68,0x74,0x20,0x28,0x63,0x29,0x20,0x32,0x30,0x30,0x39,0x2d,0x32,
0x30,0x31,0x31,0x20,0x62,0x79,0x20,0x41,0x63,0x63,0x61,0x64,0x65,0x6d,0x69,0x61,0x20,0x64,0x69,0x20,0x42,0x65,0x6c,0x6c,0x65,0x20,0x41,0x72,0x74,0x69,0x20,0x64,
0x69,0x20,0x55,0x72,0x62,0x69,0x6e,0x6f,0x20,0x61,0x6e,0x64,0x20,0x73,0x74,0x75,0x64,0x65,0x6e,0x74,0x73,0x20,0x6f,0x66,0x20,0x4d,0x41,0x20,0x63,0x6f,0x75,0x72,
0x73,0x65,0x20,0x6f,0x66,0x20,0x56,0x69,0x73,0x75,0x61,0x6c,0x20,0x64,0x65,0x73,0x69,0x67,0x6e,0x2e,0x20,0x53,0x6f,0x6d,0x65,0x20,0x72,0x69,0x67,0x68,0x74,0x73,
0x20,0x72,0x65,0x73,0x65,0x72,0x76,0x65,0x64,0x2e,0x00,0x00,0x54,0x00,0x69,0x00,0x74,0x00,0x69,0x00,0x6c,0x00,0x6c,0x00,0x69,0x00,0x75,0x00,0x6d,0x00,0x20,0x00,
0x57,0x00,0x65,0x00,0x62,0x00,0x00,0x54,0x69,0x74,0x69,0x6c,0x6c,0x69,0x75,0x6d,0x20,0x57,0x65,0x62,0x00,0x00,0x42,0x00,0x6f,0x00,0x6c,0x00,0x64,0x00,0x00,0x42,
0x6f,0x6c,0x64,0x00,0x00,0x31,0x00,0x2e,0x00,0x30,0x00,0x30,0x00,0x31,0x00,0x3b,0x00,0x55,0x00,0x4b,0x00,0x57,0x00,0x4e,0x00,0x3b,0x00,0x54,0x00,0x69,0x00,0x74,
0x00,0x69,0x00,0x6c,0x00,0x6c,0x00,0x69,0x00,0x75,0x00,0x6d,0x00,0x57,0x00,0x65,0x00,0x62,0x00,0x2d,0x00,0x42,0x00,0x6f,0x00,0x6c,0x00,0x64,0x00,0x00,0x31,0x2e,
0x30,0x30,0x31,0x3b,0x55,0x4b,0x57,0x4e,0x3b,0x54,0x69,0x74,0x69,0x6c,0x6c,0x69,0x75,0x6d,0x57,0x65,0x62,0x2d,0x42,0x6f,0x6c,0x64,0x00,0x00,0x54,0x00,0x69,0x00,
0x74,0x00,0x69,0x00,0x6c,0x00,0x6c,0x00,0x69,0x00,0x75,0x00,0x6d,0x00,0x20,0x00,0x57,0x00,0x65,0x00,0x62,0x00,0x42,0x00,0x6f,0x00,0x6c,0x00,0x64,0x00,0x00,0x54,
0x69,0x74,0x69,0x6c,0x6c,0x69,0x75,0x6d,0x20,0x57,0x65,0x62,0x42,0x6f,0x6c,0x64,0x00,0x00,0x56,0x00,0x65,0x00,0x72,0x00,0x73,0x00,0x69,0x00,0x6f,0x00,0x6e,0x00,
0x20,0x00,0x31,0x00,0x2e,0x00,0x30,0x00,0x30,0x00,0x31,0x00,0x3b,0x00,0x50,0x00,0x53,0x00,0x20,0x00,0x35,0x00,0x37,0x00,0x2e,0x00,0x30,0x00,0x30,0x00,0x30,0x00,
0x3b,0x00,0x68,0x00,0x6f,0x00,0x74,0x00,0x63,0x00,0x6f,0x00,0x6e,0x00,0x76,0x00,0x20,0x00,0x31,0x00,0x2e,0x00,0x30,0x00,0x2e,0x00,0x37,0x00,0x30,0x00,0x3b,0x00,
0x6d,0x00,0x61,0x00,0x6b,0x00,0x65,0x00,0x6f,0x00,0x74,0x00,0x66,0x00,0x2e,0x00,0x6c,0x00,0x69,0x00,0x62,0x00,0x32,0x00,0x2e,0x00,0x35,0x00,0x2e,0x00,0x35,0x00,
0x35,0x00,0x33,0x00,0x31,0x00,0x31,0x00,0x00,0x56,0x65,0x72,0x73,0x69,0x6f,0x6e,0x20,0x31,0x2e,0x30,0x30,0x31,0x3b,0x50,0x53,0x20,0x35,0x37,0x2e,0x30,0x30,0x30,
0x3b,0x68,0x6f,0x74,0x63,0x6f,0x6e,0x76,0x20,0x31,0x2e,0x30,0x2e,0x37,0x30,0x3b,0x6d,0x61,0x6b,0x65,0x6f,0x74,0x66,0x2e,0x6c,0x69,0x62,0x32,0x2e,0x35,0x2e,0x35,
0x35,0x33,0x31,0x31,0x00,0x00,0x54,0x00,0x69,0x00,0x74,0x00,0x69,0x00,0x6c,0x00,0x6c,0x00,0x69,0x00,0x75,0x00,0x6d,0x00,0x57,0x00,0x65,0x00,0x62,0x00,0x2d,0x00,
0x42,0x00,0x6f,0x00,0x6c,0x00,0x64,0x00,0x00,0x54,0x69,0x74,0x69,0x6c,0x6c,0x69,0x75,0x6d,0x57,0x65,0x62,0x2d,0x42,0x6f,0x6c,0x64,0x00,0x00,0x54,0x00,0x68,0x00,
0x69,0x00,0x73,0x00,0x20,0x00,0x46,0x00,0x6f,0x00,0x6e,0x00,0x74,0x00,0x20,0x00,0x53,0x00,0x6f,0x00,0x66,0x00,0x74,0x00,0x77,0x00,0x61,0x00,0x72,0x00,0x65,0x00,
0x20,0x00,0x69,0x00,0x73,0x00,0x20,0x00,0x6c,0x00,0x69,0x00,0x63,0x00,0x65,0x00,0x6e,0x00,0x73,0x00,0x65,0x00,0x64,0x00,0x20,0x00,0x75,0x00,0x6e,0x00,0x64,0x00,
0x65,0x00,0x72,0x00,0x20,0x00,0x74,0x00,0x68,0x00,0x65,0x00,0x20,0x00,0x53,0x00,0x49,0x00,0x4c,0x00,0x20,0x00,0x4f,0x00,0x70,0x00,0x65,0x00,0x6e,0x00,0x20,0x00,
0x46,0x00,0x6f,0x00,0x6e,0x00,0x74,0x00,0x20,0x00,0x4c,0x00,0x69,0x00,0x63,0x00,0x65,0x00,0x6e,0x00,0x73,0x00,0x65,0x00,0x2c,0x00,0x20,0x00,0x56,0x00,0x65,0x00,
0x72,0x00,0x73,0x00,0x69,0x00,0x6f,0x00,0x6e,0x00,0x20,0x00,0x31,0x00,0x2e,0x00,0x31,0x00,0x2e,0x00,0x20,0x00,0x54,0x00,0x68,0x00,0x69,0x00,0x73,0x00,0x20,0x00,
0x6c,0x00,0x69,0x00,0x63,0x00,0x65,0x00,0x6e,0x00,0x73,0x00,0x65,0x00,0x20,0x00,0x69,0x00,0x73,0x00,0x20,0x00,0x61,0x00,0x76,0x00,0x61,0x00,0x69,0x00,0x6c,0x00,
0x61,0x00,0x62,0x00,0x6c,0x00,0x65,0x00,0x20,0x00,0x77,0x00,0x69,0x00,0x74,0x00,0x68,0x00,0x20,0x00,0x61,0x00,0x20,0x00,0x46,0x00,0x41,0x00,0x51,0x00,0x20,0x00,
0x61,0x00,0x74,0x00,0x3a,0x00,0x20,0x00,0x68,0x00,0x74,0x00,0x74,0x00,0x70,0x00,0x3a,0x00,0x2f,0x00,0x2f,0x00,0x73,0x00,0x63,0x00,0x72,0x00,0x69,0x00,0x70,0x00,
0x74,0x00,0x73,0x00,0x2e,0x00,0x73,0x00,0x69,0x00,0x6c,0x00,0x2e,0x00,0x6f,0x00,0x72,0x00,0x67,0x00,0x2f,0x00,0x4f,0x00,0x46,0x00,0x4c,0x00,0x00,0x54,0x68,0x69,
0x73,0x20,0x46,0x6f,0x6e,0x74,0x20,0x53,0x6f,0x66,0x74,0x77,0x61,0x72,0x65,0x20,0x69,0x73,0x20,0x6c,0x69,0x63,0x65,0x6e,0x73,0x65,0x64,0x20,0x75,0x6e,0x64,0x65,
0x72,0x20,0x74,0x68,0x65,0x20,0x53,0x49,0x4c,0x20,0x4f,0x70,0x65,0x6e,0x20,0x46,0x6f,0x6e,0x74,0x20,0x4c,0x69,0x63,0x65,0x6e,0x73,0x65,0x2c,0x20,0x56,0x65,0x72,
0x73,0x69,0x6f,0x6e,0x20,0x31,0x2e,0x31,0x2e,0x20,0x54,0x68,0x69,0x73,0x20,0x6c,0x69,0x63,0x65,0x6e,0x73,0x65,0x20,0x69,0x73,0x20,0x61,0x76,0x61,0x69,0x6c,0x61,
0x62,0x6c,0x65,0x20,0x77,0x69,0x74,0x68,0x20,0x61,0x20,0x46,0x41,0x51,0x20,0x61,0x74,0x3a,0x20,0x68,0x74,0x74,0x70,0x3a,0x2f,0x2f,0x73,0x63,0x72,0x69,0x70,0x74,
0x73,0x2e,0x73,0x69,0x6c,0x2e,0x6f,0x72,0x67,0x2f,0x4f,0x46,0x4c,0x00,0x00,0x68,0x00,0x74,0x00,0x74,0x00,0x70,0x00,0x3a,0x00,0x2f,0x00,0x2f,0x00,0x73,0x00,0x63,
0x00,0x72,0x00,0x69,0x00,0x70,0x00,0x74,0x00,0x73,0x00,0x2e,0x00,0x73,0x00,0x69,0x00,0x6c,0x00,0x2e,0x00,0x6f,0x00,0x72,0x00,0x67,0x00,0x2f,0x00,0x4f,0x00,0x46,
0x00,0x4c,0x00,0x00,0x68,0x74,0x74,0x70,0x3a,0x2f,0x2f,0x73,0x63,0x72,0x69,0x70,0x74,0x73,0x2e,0x73,0x69,0x6c,0x2e,0x6f,0x72,0x67,0x2f,0x4f,0x46,0x4c,0x00,0x00,
0x00,0x02,0x00,0x00,0x00,0x00,0x00,0x00,0xff,0xa1,0x00,0x1e,0x00,0x00,0x00,0x00,0x00,0x00,0x00,0x00,0x00,0x00,0x00,0x00,0x00,0x00,0x00,0x00,0x00,0x00,0x00,0x00,
0x01,0xc8,0x00,0x00,0x00,0x01,0x00,0x02,0x00,0x03,0x00,0x04,0x00,0x05,0x00,0x06,0x00,0x07,0x00,0x08,0x00,0x09,0x00,0x0a,0x00,0x0b,0x00,0x0c,0x00,0x0d,0x00,0x0e,
0x00,0x0f,0x00,0x10,0x00,0x11,0x00,0x12,0x00,0x13,0x00,0x14,0x00,0x15,0x00,0x16,0x00,0x17,0x00,0x18,0x00,0x19,0x00,0x1a,0x00,0x1b,0x00,0x1c,0x00,0x1d,0x00,0x1e,
0x00,0x1f,0x00,0x20,0x00,0x21,0x00,0x22,0x00,0x23,0x00,0x24,0x00,0x25,0x00,0x26,0x00,0x27,0x00,0x28,0x00,0x29,0x00,0x2a,0x00,0x2b,0x00,0x2c,0x00,0x2d,0x00,0x2e,
0x00,0x2f,0x00,0x30,0x00,0x31,0x00,0x32,0x00,0x33,0x00,0x34,0x00,0x35,0x00,0x36,0x00,0x37,0x00,0x38,0x00,0x39,0x00,0x3a,0x00,0x3b,0x00,0x3c,0x00,0x3d,0x00,0x3e,
0x00,0x3f,0x00,0x40,0x00,0x41,0x00,0x42,0x00,0x43,0x00,0x44,0x00,0x45,0x00,0x46,0x00,0x47,0x00,0x48,0x00,0x49,0x00,0x4a,0x00,0x4b,0x00,0x4c,0x00,0x4d,0x00,0x4e,
0x00,0x4f,0x00,0x50,0x00,0x51,0x00,0x52,0x00,0x53,0x00,0x54,0x00,0x55,0x00,0x56,0x00,0x57,0x00,0x58,0x00,0x59,0x00,0x5a,0x00,0x5b,0x00,0x5c,0x00,0x5d,0x00,0x5e,
0x00,0x5f,0x00,0x60,0x00,0x61,0x01,0x02,0x00,0xa3,0x00,0x84,0x00,0x85,0x00,0xbd,0x00,0x96,0x00,0xe8,0x00,0x86,0x00,0x8e,0x00,0x8b,0x00,0x9d,0x00,0xa9,0x00,0xa4,
0x00,0x8a,0x00,0xda,0x00,0x83,0x00,0x93,0x00,0xf2,0x00,0xf3,0x00,0x8d,0x00,0x97,0x00,0x88,0x00,0xc3,0x00,0xde,0x00,0xf1,0x00,0x9e,0x00,0xaa,0x00,0xf5,0x00,0xf4,
0x00,0xf6,0x00,0xa2,0x00,0xad,0x00,0xc9,0x00,0xc7,0x00,0xae,0x00,0x62,0x00,0x63,0x00,0x90,0x00,0x64,0x00,0xcb,0x00,0x65,0x00,0xc8,0x00,0xca,0x00,0xcf,0x00,0xcc,
0x00,0xcd,0x00,0xce,0x00,0xe9,0x00,0x66,0x00,0xd3,0x00,0xd0,0x00,0xd1,0x00,0xaf,0x00,0x67,0x00,0xf0,0x00,0x91,0x00,0xd6,0x00,0xd4,0x00,0xd5,0x00,0x68,0x00,0xeb,
0x00,0xed,0x00,0x89,0x00,0x6a,0x00,0x69,0x00,0x6b,0x00,0x6d,0x00,0x6c,0x00,0x6e,0x00,0xa0,0x00,0x6f,0x00,0x71,0x00,0x70,0x00,0x72,0x00,0x73,0x00,0x75,0x00,0x74,
0x00,0x76,0x00,0x77,0x00,0xea,0x00,0x78,0x00,0x7a,0x00,0x79,0x00,0x7b,0x00,0x7d,0x00,0x7c,0x00,0xb8,0x00,0xa1,0x00,0x7f,0x00,0x7e,0x00,0x80,0x00,0x81,0x00,0xec,
0x00,0xee,0x00,0xba,0x01,0x03,0x01,0x04,0x01,0x05,0x01,0x06,0x01,0x07,0x01,0x08,0x00,0xfd,0x00,0xfe,0x01,0x09,0x01,0x0a,0x01,0x0b,0x01,0x0c,0x00,0xff,0x01,0x00,
0x01,0x0d,0x01,0x0e,0x01,0x0f,0x01,0x01,0x01,0x10,0x01,0x11,0x01,0x12,0x01,0x13,0x01,0x14,0x01,0x15,0x01,0x16,0x01,0x17,0x01,0x18,0x01,0x19,0x01,0x1a,0x01,0x1b,
0x00,0xf8,0x00,0xf9,0x01,0x1c,0x01,0x1d,0x01,0x1e,0x01,0x1f,0x01,0x20,0x01,0x21,0x01,0x22,0x01,0x23,0x01,0x24,0x01,0x25,0x01,0x26,0x01,0x27,0x01,0x28,0x01,0x29,
0x01,0x2a,0x01,0x2b,0x00,0xfa,0x00,0xd7,0x01,0x2c,0x01,0x2d,0x01,0x2e,0x01,0x2f,0x01,0x30,0x01,0x31,0x01,0x32,0x01,0x33,0x01,0x34,0x01,0x35,0x00,0xe2,0x00,0xe3,
0x01,0x36,0x01,0x37,0x01,0x38,0x01,0x39,0x01,0x3a,0x01,0x3b,0x01,0x3c,0x01,0x3d,0x01,0x3e,0x01,0x3f,0x01,0x40,0x01,0x41,0x01,0x42,0x01,0x43,0x00,0xb0,0x00,0xb1,
0x01,0x44,0x01,0x45,0x01,0x46,0x01,0x47,0x01,0x48,0x01,0x49,0x01,0x4a,0x01,0x4b,0x01,0x4c,0x01,0x4d,0x00,0xfb,0x00,0xfc,0x00,0xe4,0x00,0xe5,0x01,0x4e,0x01,0x4f,
0x01,0x50,0x01,0x51,0x01,0x52,0x01,0x53,0x01,0x54,0x01,0x55,0x01,0x56,0x01,0x57,0x01,0x58,0x01,0x59,0x01,0x5a,0x01,0x5b,0x01,0x5c,0x01,0x5d,0x01,0x5e,0x01,0x5f,
0x01,0x60,0x01,0x61,0x01,0x62,0x01,0x63,0x00,0xbb,0x01,0x64,0x01,0x65,0x01,0x66,0x01,0x67,0x00,0xe6,0x00,0xe7,0x00,0xa6,0x01,0x68,0x01,0x69,0x01,0x6a,0x01,0x6b,
0x01,0x6c,0x01,0x6d,0x01,0x6e,0x01,0x6f,0x01,0x70,0x01,0x71,0x00,0xd8,0x00,0xe1,0x00,0xdb,0x00,0xdc,0x00,0xdd,0x00,0xe0,0x00,0xd9,0x00,0xdf,0x00,0x9b,0x01,0x72,
0x01,0x73,0x01,0x74,0x01,0x75,0x01,0x76,0x01,0x77,0x01,0x78,0x01,0x79,0x01,0x7a,0x01,0x7b,0x01,0x7c,0x01,0x7d,0x01,0x7e,0x01,0x7f,0x00,0xb2,0x00,0xb3,0x00,0xb6,
0x00,0xb7,0x00,0xc4,0x00,0xb4,0x00,0xb5,0x00,0xc5,0x00,0x82,0x00,0xc2,0x00,0x87,0x00,0xab,0x00,0xc6,0x00,0xbe,0x00,0xbf,0x00,0xbc,0x01,0x80,0x01,0x81,0x01,0x82,
0x01,0x83,0x01,0x84,0x01,0x85,0x01,0x86,0x01,0x87,0x01,0x88,0x01,0x89,0x01,0x8a,0x01,0x8b,0x01,0x8c,0x01,0x8d,0x01,0x8e,0x01,0x8f,0x01,0x90,0x01,0x91,0x00,0x8c,
0x00,0x9f,0x00,0x98,0x00,0xa8,0x00,0x9a,0x00,0x99,0x00,0xef,0x00,0xa5,0x00,0x92,0x00,0x9c,0x00,0xa7,0x00,0x8f,0x00,0x94,0x00,0x95,0x00,0xb9,0x01,0x92,0x01,0x93,
0x01,0x94,0x01,0x95,0x01,0x96,0x01,0x97,0x01,0x98,0x01,0x99,0x01,0x9a,0x01,0x9b,0x01,0x9c,0x01,0x9d,0x01,0x9e,0x01,0x9f,0x01,0xa0,0x01,0xa1,0x01,0xa2,0x01,0xa3,
0x01,0xa4,0x01,0xa5,0x01,0xa6,0x01,0xa7,0x01,0xa8,0x01,0xa9,0x01,0xaa,0x01,0xab,0x01,0xac,0x01,0xad,0x01,0xae,0x01,0xaf,0x01,0xb0,0x01,0xb1,0x01,0xb2,0x01,0xb3,
0x01,0xb4,0x01,0xb5,0x01,0xb6,0x01,0xb7,0x01,0xb8,0x01,0xb9,0x01,0xba,0x01,0xbb,0x01,0xbc,0x01,0xbd,0x01,0xbe,0x01,0xbf,0x01,0xc0,0x01,0xc1,0x01,0xc2,0x01,0xc3,
0x01,0xc4,0x01,0xc5,0x01,0xc6,0x01,0xc7,0x01,0xc8,0x01,0xc9,0x01,0xca,0x01,0xcb,0x01,0xcc,0x07,0x75,0x6e,0x69,0x30,0x30,0x41,0x30,0x07,0x41,0x6d,0x61,0x63,0x72,
0x6f,0x6e,0x07,0x61,0x6d,0x61,0x63,0x72,0x6f,0x6e,0x06,0x41,0x62,0x72,0x65,0x76,0x65,0x06,0x61,0x62,0x72,0x65,0x76,0x65,0x07,0x41,0x6f,0x67,0x6f,0x6e,0x65,0x6b,
0x07,0x61,0x6f,0x67,0x6f,0x6e,0x65,0x6b,0x0b,0x43,0x63,0x69,0x72,0x63,0x75,0x6d,0x66,0x6c,0x65,0x78,0x0b,0x63,0x63,0x69,0x72,0x63,0x75,0x6d,0x66,0x6c,0x65,0x78,
0x0a,0x43,0x64,0x6f,0x74,0x61,0x63,0x63,0x65,0x6e,0x74,0x0a,0x63,0x64,0x6f,0x74,0x61,0x63,0x63,0x65,0x6e,0x74,0x06,0x44,0x63,0x61,0x72,0x6f,0x6e,0x06,0x64,0x63,
0x61,0x72,0x6f,0x6e,0x06,0x44,0x63,0x72,0x6f,0x61,0x74,0x07,0x45,0x6d,0x61,0x63,0x72,0x6f,0x6e,0x07,0x65,0x6d,0x61,0x63,0x72,0x6f,0x6e,0x06,0x45,0x62,0x72,0x65,
0x76,0x65,0x06,0x65,0x62,0x72,0x65,0x76,0x65,0x0a,0x45,0x64,0x6f,0x74,0x61,0x63,0x63,0x65,0x6e,0x74,0x0a,0x65,0x64,0x6f,0x74,0x61,0x63,0x63,0x65,0x6e,0x74,0x07,
0x45,0x6f,0x67,0x6f,0x6e,0x65,0x6b,0x07,0x65,0x6f,0x67,0x6f,0x6e,0x65,0x6b,0x06,0x45,0x63,0x61,0x72,0x6f,0x6e,0x06,0x65,0x63,0x61,0x72,0x6f,0x6e,0x0b,0x47,0x63,
0x69,0x72,0x63,0x75,0x6d,0x66,0x6c,0x65,0x78,0x0b,0x67,0x63,0x69,0x72,0x63,0x75,0x6d,0x66,0x6c,0x65,0x78,0x0a,0x47,0x64,0x6f,0x74,0x61,0x63,0x63,0x65,0x6e,0x74,
0x0a,0x67,0x64,0x6f,0x74,0x61,0x63,0x63,0x65,0x6e,0x74,0x0c,0x47,0x63,0x6f,0x6d,0x6d,0x61,0x61,0x63,0x63,0x65,0x6e,0x74,0x0c,0x67,0x63,0x6f,0x6d,0x6d,0x61,0x61,
0x63,0x63,0x65,0x6e,0x74,0x0b,0x48,0x63,0x69,0x72,0x63,0x75,0x6d,0x66,0x6c,0x65,0x78,0x0b,0x68,0x63,0x69,0x72,0x63,0x75,0x6d,0x66,0x6c,0x65,0x78,0x04,0x48,0x62,
0x61,0x72,0x04,0x68,0x62,0x61,0x72,0x06,0x49,0x74,0x69,0x6c,0x64,0x65,0x06,0x69,0x74,0x69,0x6c,0x64,0x65,0x07,0x49,0x6d,0x61,0x63,0x72,0x6f,0x6e,0x07,0x69,0x6d,
0x61,0x63,0x72,0x6f,0x6e,0x06,0x49,0x62,0x72,0x65,0x76,0x65,0x06,0x69,0x62,0x72,0x65,0x76,0x65,0x07,0x49,0x6f,0x67,0x6f,0x6e,0x65,0x6b,0x07,0x69,0x6f,0x67,0x6f,
0x6e,0x65,0x6b,0x0b,0x4a,0x63,0x69,0x72,0x63,0x75,0x6d,0x66,0x6c,0x65,0x78,0x0b,0x6a,0x63,0x69,0x72,0x63,0x75,0x6d,0x66,0x6c,0x65,0x78,0x0c,0x4b,0x63,0x6f,0x6d,
0x6d,0x61,0x61,0x63,0x63,0x65,0x6e,0x74,0x0c,0x6b,0x63,0x6f,0x6d,0x6d,0x61,0x61,0x63,0x63,0x65,0x6e,0x74,0x06,0x4c,0x61,0x63,0x75,0x74,0x65,0x06,0x6c,0x61,0x63,
0x75,0x74,0x65,0x0c,0x4c,0x63,0x6f,0x6d,0x6d,0x61,0x61,0x63,0x63,0x65,0x6e,0x74,0x0c,0x6c,0x63,0x6f,0x6d,0x6d,0x61,0x61,0x63,0x63,0x65,0x6e,0x74,0x06,0x4c,0x63,
0x61,0x72,0x6f,0x6e,0x06,0x6c,0x63,0x61,0x72,0x6f,0x6e,0x06,0x4e,0x61,0x63,0x75,0x74,0x65,0x06,0x6e,0x61,0x63,0x75,0x74,0x65,0x0c,0x4e,0x63,0x6f,0x6d,0x6d,0x61,
0x61,0x63,0x63,0x65,0x6e,0x74,0x0c,0x6e,0x63,0x6f,0x6d,0x6d,0x61,0x61,0x63,0x63,0x65,0x6e,0x74,0x06,0x4e,0x63,0x61,0x72,0x6f,0x6e,0x06,0x6e,0x63,0x61,0x72,0x6f,
0x6e,0x03,0x45,0x6e,0x67,0x03,0x65,0x6e,0x67,0x07,0x4f,0x6d,0x61,0x63,0x72,0x6f,0x6e,0x07,0x6f,0x6d,0x61,0x63,0x72,0x6f,0x6e,0x06,0x4f,0x62,0x72,0x65,0x76,0x65,
0x06,0x6f,0x62,0x72,0x65,0x76,0x65,0x0d,0x4f,0x68,0x75,0x6e,0x67,0x61,0x72,0x75,0x6d,0x6c,0x61,0x75,0x74,0x0d,0x6f,0x68,0x75,0x6e,0x67,0x61,0x72,0x75,0x6d,0x6c,
0x61,0x75,0x74,0x06,0x52,0x61,0x63,0x75,0x74,0x65,0x06,0x72,0x61,0x63,0x75,0x74,0x65,0x0c,0x52,0x63,0x6f,0x6d,0x6d,0x61,0x61,0x63,0x63,0x65,0x6e,0x74,0x0c,0x72,
0x63,0x6f,0x6d,0x6d,0x61,0x61,0x63,0x63,0x65,0x6e,0x74,0x06,0x52,0x63,0x61,0x72,0x6f,0x6e,0x06,0x72,0x63,0x61,0x72,0x6f,0x6e,0x06,0x53,0x61,0x63,0x75,0x74,0x65,
0x06,0x73,0x61,0x63,0x75,0x74,0x65,0x0b,0x53,0x63,0x69,0x72,0x63,0x75,0x6d,0x66,0x6c,0x65,0x78,0x0b,0x73,0x63,0x69,0x72,0x63,0x75,0x6d,0x66,0x6c,0x65,0x78,0x08,
0x54,0x63,0x65,0x64,0x69,0x6c,0x6c,0x61,0x08,0x74,0x63,0x65,0x64,0x69,0x6c,0x6c,0x61,0x06,0x54,0x63,0x61,0x72,0x6f,0x6e,0x06,0x74,0x63,0x61,0x72,0x6f,0x6e,0x04,
0x54,0x62,0x61,0x72,0x04,0x74,0x62,0x61,0x72,0x06,0x55,0x74,0x69,0x6c,0x64,0x65,0x06,0x75,0x74,0x69,0x6c,0x64,0x65,0x07,0x55,0x6d,0x61,0x63,0x72,0x6f,0x6e,0x07,
0x75,0x6d,0x61,0x63,0x72,0x6f,0x6e,0x06,0x55,0x62,0x72,0x65,0x76,0x65,0x06,0x75,0x62,0x72,0x65,0x76,0x65,0x05,0x55,0x72,0x69,0x6e,0x67,0x05,0x75,0x72,0x69,0x6e,
0x67,0x0d,0x55,0x68,0x75,0x6e,0x67,0x61,0x72,0x75,0x6d,0x6c,0x61,0x75,0x74,0x0d,0x75,0x68,0x75,0x6e,0x67,0x61,0x72,0x75,0x6d,0x6c,0x61,0x75,0x74,0x07,0x55,0x6f,
0x67,0x6f,0x6e,0x65,0x6b,0x07,0x75,0x6f,0x67,0x6f,0x6e,0x65,0x6b,0x0b,0x57,0x63,0x69,0x72,0x63,0x75,0x6d,0x66,0x6c,0x65,0x78,0x0b,0x77,0x63,0x69,0x72,0x63,0x75,
0x6d,0x66,0x6c,0x65,0x78,0x0b,0x59,0x63,0x69,0x72,0x63,0x75,0x6d,0x66,0x6c,0x65,0x78,0x0b,0x79,0x63,0x69,0x72,0x63,0x75,0x6d,0x66,0x6c,0x65,0x78,0x06,0x5a,0x61,
0x63,0x75,0x74,0x65,0x06,0x7a,0x61,0x63,0x75,0x74,0x65,0x0a,0x5a,0x64,0x6f,0x74,0x61,0x63,0x63,0x65,0x6e,0x74,0x0a,0x7a,0x64,0x6f,0x74,0x61,0x63,0x63,0x65,0x6e,
0x74,0x0a,0x41,0x72,0x69,0x6e,0x67,0x61,0x63,0x75,0x74,0x65,0x0a,0x61,0x72,0x69,0x6e,0x67,0x61,0x63,0x75,0x74,0x65,0x07,0x41,0x45,0x61,0x63,0x75,0x74,0x65,0x07,
0x61,0x65,0x61,0x63,0x75,0x74,0x65,0x0b,0x4f,0x73,0x6c,0x61,0x73,0x68,0x61,0x63,0x75,0x74,0x65,0x0b,0x6f,0x73,0x6c,0x61,0x73,0x68,0x61,0x63,0x75,0x74,0x65,0x0c,
0x53,0x63,0x6f,0x6d,0x6d,0x61,0x61,0x63,0x63,0x65,0x6e,0x74,0x0c,0x73,0x63,0x6f,0x6d,0x6d,0x61,0x61,0x63,0x63,0x65,0x6e,0x74,0x0c,0x54,0x63,0x6f,0x6d,0x6d,0x61,
0x61,0x63,0x63,0x65,0x6e,0x74,0x0c,0x74,0x63,0x6f,0x6d,0x6d,0x61,0x61,0x63,0x63,0x65,0x6e,0x74,0x06,0x57,0x67,0x72,0x61,0x76,0x65,0x06,0x77,0x67,0x72,0x61,0x76,
0x65,0x06,0x57,0x61,0x63,0x75,0x74,0x65,0x06,0x77,0x61,0x63,0x75,0x74,0x65,0x09,0x57,0x64,0x69,0x65,0x72,0x65,0x73,0x69,0x73,0x09,0x77,0x64,0x69,0x65,0x72,0x65,
0x73,0x69,0x73,0x07,0x75,0x6e,0x69,0x31,0x45,0x41,0x42,0x07,0x75,0x6e,0x69,0x31,0x45,0x42,0x30,0x07,0x75,0x6e,0x69,0x31,0x45,0x43,0x35,0x07,0x75,0x6e,0x69,0x31,
0x45,0x44,0x37,0x06,0x59,0x67,0x72,0x61,0x76,0x65,0x06,0x79,0x67,0x72,0x61,0x76,0x65,0x07,0x75,0x6e,0x69,0x31,0x45,0x46,0x38,0x07,0x75,0x6e,0x69,0x31,0x45,0x46,
0x39,0x0c,0x7a,0x65,0x72,0x6f,0x73,0x75,0x70,0x65,0x72,0x69,0x6f,0x72,0x0c,0x66,0x6f,0x75,0x72,0x73,0x75,0x70,0x65,0x72,0x69,0x6f,0x72,0x0c,0x66,0x69,0x76,0x65,
0x73,0x75,0x70,0x65,0x72,0x69,0x6f,0x72,0x0b,0x73,0x69,0x78,0x73,0x75,0x70,0x65,0x72,0x69,0x6f,0x72,0x0d,0x73,0x65,0x76,0x65,0x6e,0x73,0x75,0x70,0x65,0x72,0x69,
0x6f,0x72,0x0d,0x65,0x69,0x67,0x68,0x74,0x73,0x75,0x70,0x65,0x72,0x69,0x6f,0x72,0x0c,0x6e,0x69,0x6e,0x65,0x73,0x75,0x70,0x65,0x72,0x69,0x6f,0x72,0x0c,0x7a,0x65,
0x72,0x6f,0x69,0x6e,0x66,0x65,0x72,0x69,0x6f,0x72,0x0b,0x6f,0x6e,0x65,0x69,0x6e,0x66,0x65,0x72,0x69,0x6f,0x72,0x0b,0x74,0x77,0x6f,0x69,0x6e,0x66,0x65,0x72,0x69,
0x6f,0x72,0x0d,0x74,0x68,0x72,0x65,0x65,0x69,0x6e,0x66,0x65,0x72,0x69,0x6f,0x72,0x0c,0x66,0x6f,0x75,0x72,0x69,0x6e,0x66,0x65,0x72,0x69,0x6f,0x72,0x0c,0x66,0x69,
0x76,0x65,0x69,0x6e,0x66,0x65,0x72,0x69,0x6f,0x72,0x0b,0x73,0x69,0x78,0x69,0x6e,0x66,0x65,0x72,0x69,0x6f,0x72,0x0d,0x73,0x65,0x76,0x65,0x6e,0x69,0x6e,0x66,0x65,
0x72,0x69,0x6f,0x72,0x0d,0x65,0x69,0x67,0x68,0x74,0x69,0x6e,0x66,0x65,0x72,0x69,0x6f,0x72,0x0c,0x6e,0x69,0x6e,0x65,0x69,0x6e,0x66,0x65,0x72,0x69,0x6f,0x72,0x04,
0x45,0x75,0x72,0x6f,0x08,0x64,0x6f,0x74,0x6c,0x65,0x73,0x73,0x6a,0x0b,0x63,0x6f,0x6d,0x6d,0x61,0x61,0x63,0x63,0x65,0x6e,0x74,0x02,0x43,0x52,0x03,0x44,0x4c,0x45,
0x09,0x7a,0x65,0x72,0x6f,0x2e,0x70,0x6e,0x75,0x6d,0x08,0x6f,0x6e,0x65,0x2e,0x70,0x6e,0x75,0x6d,0x08,0x74,0x77,0x6f,0x2e,0x70,0x6e,0x75,0x6d,0x0a,0x74,0x68,0x72,
0x65,0x65,0x2e,0x70,0x6e,0x75,0x6d,0x09,0x66,0x6f,0x75,0x72,0x2e,0x70,0x6e,0x75,0x6d,0x09,0x66,0x69,0x76,0x65,0x2e,0x70,0x6e,0x75,0x6d,0x08,0x73,0x69,0x78,0x2e,
0x70,0x6e,0x75,0x6d,0x0a,0x73,0x65,0x76,0x65,0x6e,0x2e,0x70,0x6e,0x75,0x6d,0x0a,0x65,0x69,0x67,0x68,0x74,0x2e,0x70,0x6e,0x75,0x6d,0x09,0x6e,0x69,0x6e,0x65,0x2e,
0x70,0x6e,0x75,0x6d,0x10,0x71,0x75,0x65,0x73,0x74,0x69,0x6f,0x6e,0x64,0x6f,0x77,0x6e,0x2e,0x63,0x61,0x70,0x0a,0x65,0x6e,0x64,0x61,0x73,0x68,0x2e,0x63,0x61,0x70,
0x0a,0x65,0x6d,0x64,0x61,0x73,0x68,0x2e,0x63,0x61,0x70,0x12,0x70,0x65,0x72,0x69,0x6f,0x64,0x63,0x65,0x6e,0x74,0x65,0x72,0x65,0x64,0x2e,0x63,0x61,0x70,0x0e,0x65,
0x78,0x63,0x6c,0x61,0x6d,0x64,0x6f,0x77,0x6e,0x2e,0x63,0x61,0x70,0x0d,0x70,0x61,0x72,0x65,0x6e,0x6c,0x65,0x66,0x74,0x2e,0x63,0x61,0x70,0x0e,0x70,0x61,0x72,0x65,
0x6e,0x72,0x69,0x67,0x68,0x74,0x2e,0x63,0x61,0x70,0x0f,0x62,0x72,0x61,0x63,0x6b,0x65,0x74,0x6c,0x65,0x66,0x74,0x2e,0x63,0x61,0x70,0x10,0x62,0x72,0x61,0x63,0x6b,
0x65,0x74,0x72,0x69,0x67,0x68,0x74,0x2e,0x63,0x61,0x70,0x0d,0x62,0x72,0x61,0x63,0x65,0x6c,0x65,0x66,0x74,0x2e,0x63,0x61,0x70,0x0e,0x62,0x72,0x61,0x63,0x65,0x72,
0x69,0x67,0x68,0x74,0x2e,0x63,0x61,0x70,0x09,0x67,0x72,0x61,0x76,0x65,0x2e,0x63,0x61,0x70,0x09,0x61,0x63,0x75,0x74,0x65,0x2e,0x63,0x61,0x70,0x0e,0x63,0x69,0x72,
0x63,0x75,0x6d,0x66,0x6c,0x65,0x78,0x2e,0x63,0x61,0x70,0x09,0x63,0x61,0x72,0x6f,0x6e,0x2e,0x63,0x61,0x70,0x09,0x74,0x69,0x6c,0x64,0x65,0x2e,0x63,0x61,0x70,0x0c,
0x64,0x69,0x65,0x72,0x65,0x73,0x69,0x73,0x2e,0x63,0x61,0x70,0x0a,0x6d,0x61,0x63,0x72,0x6f,0x6e,0x2e,0x63,0x61,0x70,0x09,0x62,0x72,0x65,0x76,0x65,0x2e,0x63,0x61,
0x70,0x08,0x72,0x69,0x6e,0x67,0x2e,0x63,0x61,0x70,0x10,0x68,0x75,0x6e,0x67,0x61,0x72,0x75,0x6d,0x6c,0x61,0x75,0x74,0x2e,0x63,0x61,0x70,0x0d,0x64,0x6f,0x74,0x61,
0x63,0x63,0x65,0x6e,0x74,0x2e,0x63,0x61,0x70,0x09,0x7a,0x65,0x72,0x6f,0x2e,0x6e,0x75,0x6d,0x72,0x08,0x6f,0x6e,0x65,0x2e,0x6e,0x75,0x6d,0x72,0x08,0x74,0x77,0x6f,
0x2e,0x6e,0x75,0x6d,0x72,0x0a,0x74,0x68,0x72,0x65,0x65,0x2e,0x6e,0x75,0x6d,0x72,0x09,0x66,0x6f,0x75,0x72,0x2e,0x6e,0x75,0x6d,0x72,0x09,0x66,0x69,0x76,0x65,0x2e,
0x6e,0x75,0x6d,0x72,0x08,0x73,0x69,0x78,0x2e,0x6e,0x75,0x6d,0x72,0x0a,0x73,0x65,0x76,0x65,0x6e,0x2e,0x6e,0x75,0x6d,0x72,0x0a,0x65,0x69,0x67,0x68,0x74,0x2e,0x6e,
0x75,0x6d,0x72,0x09,0x6e,0x69,0x6e,0x65,0x2e,0x6e,0x75,0x6d,0x72,0x0a,0x7a,0x65,0x72,0x6f,0x2e,0x73,0x6c,0x61,0x73,0x68,0x06,0x61,0x74,0x2e,0x63,0x61,0x70,0x09,
0x7a,0x65,0x72,0x6f,0x2e,0x64,0x6e,0x6f,0x6d,0x08,0x6f,0x6e,0x65,0x2e,0x64,0x6e,0x6f,0x6d,0x08,0x74,0x77,0x6f,0x2e,0x64,0x6e,0x6f,0x6d,0x0a,0x74,0x68,0x72,0x65,
0x65,0x2e,0x64,0x6e,0x6f,0x6d,0x09,0x66,0x6f,0x75,0x72,0x2e,0x64,0x6e,0x6f,0x6d,0x09,0x66,0x69,0x76,0x65,0x2e,0x64,0x6e,0x6f,0x6d,0x08,0x73,0x69,0x78,0x2e,0x64,
0x6e,0x6f,0x6d,0x0a,0x73,0x65,0x76,0x65,0x6e,0x2e,0x64,0x6e,0x6f,0x6d,0x0a,0x65,0x69,0x67,0x68,0x74,0x2e,0x64,0x6e,0x6f,0x6d,0x09,0x6e,0x69,0x6e,0x65,0x2e,0x64,
0x6e,0x6f,0x6d,0x0a,0x68,0x79,0x70,0x68,0x65,0x6e,0x2e,0x63,0x61,0x70,0x00,0x00,0x00,0x01,0x00,0x01,0xff,0xff,0x00,0x0f,0x00,0x00,0x00,0x01,0x00,0x00,0x00,0x00,
0xcc,0x6d,0xb1,0x55,0x00,0x00,0x00,0x00,0xcc,0x8f,0x2c,0x6e,0x00,0x00,0x00,0x00,0xcc,0x8f,0x75,0x1c,0x00,0x01,0x00,0x00,0x00,0x0e,0x00,0x00,0x00,0x18,0x00,0x00,
0x00,0x00,0x00,0x02,0x00,0x01,0x00,0x01,0x01,0xc7,0x00,0x01,0x00,0x04,0x00,0x00,0x00,0x02,0x00,0x00,0x00,0x01,0x00,0x00,0x00,0x0a,0x00,0x34,0x00,0x4e,0x00,0x02,
0x44,0x46,0x4c,0x54,0x00,0x0e,0x6c,0x61,0x74,0x6e,0x00,0x1c,0x00,0x04,0x00,0x00,0x00,0x00,0xff,0xff,0x00,0x02,0x00,0x00,0x00,0x01,0x00,0x04,0x00,0x00,0x00,0x00,
0xff,0xff,0x00,0x02,0x00,0x00,0x00,0x01,0x00,0x02,0x63,0x70,0x73,0x70,0x00,0x0e,0x6b,0x65,0x72,0x6e,0x00,0x14,0x00,0x00,0x00,0x01,0x00,0x00,0x00,0x00,0x00,0x01,
0x00,0x01,0x00,0x02,0x00,0x06,0x00,0x0e,0x00,0x01,0x00,0x00,0x00,0x01,0x00,0x12,0x00,0x02,0x00,0x00,0x00,0x02,0x01,0x26,0x30,0xb6,0x00,0x01,0x00,0x0a,0x00,0x05,
0x00,0x05,0x00,0x0a,0x00,0x01,0x00,0x87,0x00,0x24,0x00,0x25,0x00,0x26,0x00,0x27,0x00,0x28,0x00,0x29,0x00,0x2a,0x00,0x2b,0x00,0x2c,0x00,0x2d,0x00,0x2e,0x00,0x2f,
0x00,0x30,0x00,0x31,0x00,0x32,0x00,0x33,0x00,0x34,0x00,0x35,0x00,0x36,0x00,0x37,0x00,0x38,0x00,0x39,0x00,0x3a,0x00,0x3b,0x00,0x3c,0x00,0x3d,0x00,0x81,0x00,0x82,
0x00,0x83,0x00,0x84,0x00,0x85,0x00,0x86,0x00,0x87,0x00,0x88,0x00,0x89,0x00,0x8a,0x00,0x8b,0x00,0x8c,0x00,0x8d,0x00,0x8e,0x00,0x8f,0x00,0x90,0x00,0x91,0x00,0x92,
0x00,0x93,0x00,0x94,0x00,0x95,0x00,0x96,0x00,0x97,0x00,0x99,0x00,0x9a,0x00,0x9b,0x00,0x9c,0x00,0x9d,0x00,0x9e,0x00,0x9f,0x00,0xc1,0x00,0xc3,0x00,0xc5,0x00,0xc7,
0x00,0xc9,0x00,0xcb,0x00,0xcd,0x00,0xcf,0x00,0xd1,0x00,0xd3,0x00,0xd5,0x00,0xd7,0x00,0xd9,0x00,0xdb,0x00,0xdd,0x00,0xdf,0x00,0xe1,0x00,0xe3,0x00,0xe5,0x00,0xe7,
0x00,0xe9,0x00,0xeb,0x00,0xed,0x00,0xef,0x00,0xf1,0x00,0xf3,0x00,0xf5,0x00,0xf7,0x00,0xf9,0x00,0xfb,0x00,0xfd,0x00,0xff,0x01,0x01,0x01,0x03,0x01,0x05,0x01,0x07,
0x01,0x09,0x01,0x0b,0x01,0x0d,0x01,0x0f,0x01,0x11,0x01,0x13,0x01,0x15,0x01,0x17,0x01,0x19,0x01,0x1b,0x01,0x1f,0x01,0x21,0x01,0x23,0x01,0x25,0x01,0x27,0x01,0x29,
0x01,0x2b,0x01,0x2d,0x01,0x2f,0x01,0x31,0x01,0x33,0x01,0x34,0x01,0x36,0x01,0x38,0x01,0x3b,0x01,0x3d,0x01,0x3f,0x01,0x41,0x01,0x43,0x01,0x4e,0x01,0x50,0x01,0x52,
0x01,0x58,0x01,0x9c,0x01,0x9d,0x01,0x9e,0x01,0xa0,0x01,0xa1,0x01,0xa2,0x01,0xa3,0x01,0xa4,0x01,0xa5,0x01,0xbc,0x00,0x01,0x2e,0xf0,0x00,0x04,0x00,0x00,0x01,0x35,
0x02,0x74,0x02,0xa6,0x02,0x74,0x02,0xf8,0x04,0xfe,0x06,0x28,0x06,0x3e,0x06,0x28,0x06,0x64,0x08,0xce,0x08,0xce,0x08,0xd4,0x08,0xee,0x09,0x14,0x09,0x8e,0x09,0xb4,
0x09,0xe2,0x0a,0x00,0x0c,0x22,0x0c,0x40,0x0c,0x40,0x0c,0x4e,0x0c,0x5c,0x0c,0x82,0x0c,0x40,0x0c,0x40,0x0c,0xa4,0x0c,0xd2,0x0c,0xa4,0x0d,0xb4,0x0d,0xca,0x0d,0xf4,
0x0e,0x6a,0x0e,0x80,0x11,0x42,0x11,0x70,0x13,0x86,0x14,0x04,0x14,0x26,0x15,0xf0,0x17,0xaa,0x17,0xc4,0x17,0xf6,0x18,0x04,0x18,0x0e,0x18,0x34,0x19,0x52,0x19,0x68,
0x18,0x04,0x18,0x04,0x19,0x86,0x19,0x94,0x19,0x68,0x19,0x68,0x19,0x9e,0x17,0xc4,0x19,0xd0,0x19,0xe6,0x1a,0x08,0x1a,0x2e,0x19,0xd0,0x1a,0x38,0x1b,0xe6,0x1c,0x0c,
0x1c,0xf2,0x1d,0x14,0x1d,0x22,0x1e,0xd4,0x1e,0xda,0x1e,0xe8,0x1f,0x12,0x1f,0x18,0x1f,0x72,0x1f,0x8c,0x1f,0xa2,0x08,0xee,0x08,0xee,0x08,0xee,0x08,0xee,0x08,0xee,
0x08,0xee,0x09,0xe2,0x09,0x8e,0x09,0xe2,0x09,0xe2,0x09,0xe2,0x09,0xe2,0x0c,0x40,0x0c,0x40,0x23,0x8c,0x23,0xa6,0x09,0xb4,0x0c,0x40,0x0c,0xa4,0x0c,0xa4,0x0c,0xa4,
0x0c,0xa4,0x0c,0xa4,0x0c,0xa4,0x0e,0x6a,0x0e,0x6a,0x0e,0x6a,0x0e,0x6a,0x13,0x86,0x23,0xc0,0x24,0x8a,0x17,0xaa,0x17,0xaa,0x17,0xaa,0x17,0xaa,0x17,0xaa,0x17,0xaa,
0x18,0x0e,0x17,0xf6,0x18,0x0e,0x18,0x0e,0x18,0x0e,0x18,0x0e,0x18,0x04,0x25,0x84,0x26,0x26,0x26,0x3c,0x26,0x6a,0x19,0x68,0x19,0x9e,0x19,0x9e,0x19,0x9e,0x19,0x9e,
0x19,0x9e,0x19,0x9e,0x19,0xd0,0x19,0xd0,0x19,0xd0,0x19,0xd0,0x1c,0xf2,0x17,0xc4,0x1c,0xf2,0x08,0xee,0x17,0xaa,0x08,0xee,0x17,0xaa,0x27,0xf8,0x28,0x26,0x09,0x8e,
0x17,0xf6,0x09,0x8e,0x17,0xf6,0x09,0x8e,0x17,0xf6,0x09,0x8e,0x17,0xf6,0x09,0xb4,0x28,0x44,0x09,0xb4,0x18,0x04,0x09,0xe2,0x18,0x0e,0x09,0xe2,0x18,0x0e,0x09,0xe2,
0x18,0x0e,0x28,0x92,0x18,0x0e,0x09,0xe2,0x18,0x0e,0x0c,0x22,0x19,0x52,0x0c,0x22,0x19,0x52,0x0c,0x22,0x19,0x52,0x0c,0x22,0x19,0x52,0x0c,0x40,0x19,0x68,0x28,0xb4,
0x19,0x68,0x28,0xc6,0x28,0xd8,0x29,0x06,0x29,0x1c,0x0c,0x40,0x29,0x32,0x0c,0x40,0x18,0x04,0x0c,0x40,0x18,0x04,0x29,0x54,0x29,0x6e,0x0c,0x5c,0x19,0x86,0x0c,0x82,
0x19,0x94,0x0c,0x82,0x19,0x94,0x29,0x8c,0x28,0x44,0x0c,0x82,0x19,0x94,0x0c,0x40,0x19,0x68,0x0c,0x40,0x19,0x68,0x0c,0x40,0x19,0x68,0x0c,0x40,0x19,0x68,0x0c,0xa4,
0x19,0x9e,0x0c,0xa4,0x19,0x9e,0x0c,0xa4,0x19,0x9e,0x09,0xe2,0x18,0x0e,0x0d,0xb4,0x19,0xe6,0x0d,0xb4,0x19,0xe6,0x0d,0xb4,0x19,0xe6,0x0d,0xca,0x1a,0x08,0x0d,0xca,
0x1a,0x08,0x0d,0xca,0x1a,0x08,0x0d,0xca,0x1a,0x08,0x0d,0xf4,0x2a,0x02,0x0d,0xf4,0x1a,0x2e,0x0e,0x6a,0x19,0xd0,0x0e,0x6a,0x19,0xd0,0x0e,0x6a,0x19,0xd0,0x0e,0x6a,
0x19,0xd0,0x0e,0x6a,0x19,0xd0,0x0e,0x6a,0x19,0xd0,0x11,0x42,0x1b,0xe6,0x13,0x86,0x1c,0xf2,0x13,0x86,0x14,0x04,0x1d,0x14,0x14,0x04,0x1d,0x14,0x14,0x04,0x1d,0x14,
0x08,0xee,0x17,0xaa,0x09,0xe2,0x18,0x0e,0x0c,0xa4,0x19,0x9e,0x0d,0xca,0x1a,0x08,0x0d,0xf4,0x1a,0x2e,0x11,0x42,0x1b,0xe6,0x11,0x42,0x1b,0xe6,0x11,0x42,0x1b,0xe6,
0x17,0xaa,0x08,0xee,0x18,0x0e,0x19,0x9e,0x13,0x86,0x1c,0xf2,0x13,0x86,0x1c,0xf2,0x06,0x3e,0x06,0x3e,0x2b,0x9c,0x2b,0xba,0x06,0x28,0x2b,0x9c,0x2b,0xe4,0x06,0x28,
0x1f,0x12,0x1f,0x8c,0x2c,0x12,0x2c,0x6c,0x2c,0x86,0x2c,0x90,0x2c,0x96,0x2c,0xa8,0x2c,0xc6,0x2c,0xd8,0x2c,0xea,0x2d,0x14,0x2d,0x26,0x2d,0x40,0x2d,0x6e,0x2d,0x6e,
0x2d,0x7c,0x2d,0xee,0x2e,0x60,0x2e,0xd6,0x2d,0x6e,0x00,0x0c,0x00,0x09,0xff,0xeb,0x00,0x12,0xff,0xc0,0x00,0x23,0xff,0xf6,0x00,0x87,0xff,0xda,0x00,0xad,0x00,0x1b,
0x00,0xaf,0x00,0x0c,0x00,0xb0,0x00,0x12,0x00,0xb1,0xff,0xf7,0x00,0xea,0x00,0x08,0x01,0x91,0xff,0xef,0x01,0x95,0xff,0xdf,0x01,0x97,0xff,0xee,0x00,0x14,0x00,0x05,
0xff,0xda,0x00,0x0a,0xff,0xda,0x00,0x37,0xff,0xdf,0x00,0x39,0xff,0xe9,0x00,0x3a,0xff,0xf3,0x00,0x3c,0xff,0xd1,0x00,0x9e,0xff,0xd1,0x01,0x1f,0xff,0xdf,0x01,0x21,
0xff,0xdf,0x01,0x2f,0xff,0xf3,0x01,0x31,0xff,0xd1,0x01,0x33,0xff,0xd1,0x01,0x43,0xff,0xdf,0x01,0x4e,0xff,0xf3,0x01,0x50,0xff,0xf3,0x01,0x52,0xff,0xf3,0x01,0x58,
0xff,0xd1,0x01,0x5a,0xff,0xd1,0x01,0x5f,0xff,0xde,0x01,0x62,0xff,0xde,0x00,0x81,0x00,0x26,0xff,0xf2,0x00,0x2a,0xff,0xf1,0x00,0x32,0xff,0xf1,0x00,0x34,0xff,0xf1,
0x00,0x44,0xff,0xf4,0x00,0x46,0xff,0xec,0x00,0x47,0xff,0xed,0x00,0x48,0xff,0xec,0x00,0x49,0xff,0xf6,0x00,0x4d,0x00,0x16,0x00,0x50,0xff,0xf5,0x00,0x51,0xff,0xf5,
0x00,0x52,0xff,0xec,0x00,0x53,0xff,0xf5,0x00,0x54,0xff,0xed,0x00,0x55,0xff,0xf5,0x00,0x56,0xff,0xf6,0x00,0x58,0xff,0xf1,0x00,0x59,0xff,0xf6,0x00,0x5a,0xff,0xf2,
0x00,0x5c,0xff,0xf6,0x00,0x5e,0xff,0xf3,0x00,0x88,0xff,0xf2,0x00,0x93,0xff,0xf1,0x00,0x94,0xff,0xf1,0x00,0x95,0xff,0xf1,0x00,0x96,0xff,0xf1,0x00,0x97,0xff,0xf1,
0x00,0x99,0xff,0xf1,0x00,0xa1,0xff,0xf4,0x00,0xa2,0xff,0xf4,0x00,0xa3,0xff,0xf4,0x00,0xa4,0xff,0xf4,0x00,0xa5,0xff,0xf4,0x00,0xa6,0xff,0xf4,0x00,0xa7,0xff,0xf4,
0x00,0xa8,0xff,0xec,0x00,0xa9,0xff,0xec,0x00,0xaa,0xff,0xec,0x00,0xab,0xff,0xec,0x00,0xac,0xff,0xec,0x00,0xad,0x00,0x14,0x00,0xb0,0x00,0x26,0x00,0xb1,0xff,0xf5,
0x00,0xb2,0xff,0xf5,0x00,0xb3,0xff,0xec,0x00,0xb4,0xff,0xec,0x00,0xb5,0xff,0xec,0x00,0xb6,0xff,0xec,0x00,0xb7,0xff,0xec,0x00,0xb9,0xff,0xec,0x00,0xba,0xff,0xf1,
0x00,0xbb,0xff,0xf1,0x00,0xbc,0xff,0xf1,0x00,0xbd,0xff,0xf1,0x00,0xbe,0xff,0xf6,0x00,0xc0,0xff,0xf6,0x00,0xc2,0xff,0xf4,0x00,0xc4,0xff,0xf4,0x00,0xc6,0xff,0xf4,
0x00,0xc7,0xff,0xf2,0x00,0xc8,0xff,0xec,0x00,0xc9,0xff,0xf2,0x00,0xca,0xff,0xec,0x00,0xcb,0xff,0xf2,0x00,0xcc,0xff,0xec,0x00,0xcd,0xff,0xf2,0x00,0xce,0xff,0xec,
0x00,0xd0,0xff,0xed,0x00,0xd2,0xff,0xed,0x00,0xd4,0xff,0xec,0x00,0xd6,0xff,0xec,0x00,0xd8,0xff,0xec,0x00,0xda,0xff,0xec,0x00,0xdc,0xff,0xec,0x00,0xdd,0xff,0xf1,
0x00,0xdf,0xff,0xf1,0x00,0xe1,0xff,0xf1,0x00,0xe3,0xff,0xf1,0x00,0xea,0x00,0x07,0x00,0xee,0x00,0x19,0x00,0xf4,0x00,0x16,0x01,0x00,0xff,0xf5,0x01,0x02,0xff,0xf5,
0x01,0x04,0xff,0xf5,0x01,0x06,0xff,0xf5,0x01,0x07,0xff,0xf1,0x01,0x08,0xff,0xec,0x01,0x09,0xff,0xf1,0x01,0x0a,0xff,0xec,0x01,0x0b,0xff,0xf1,0x01,0x0c,0xff,0xec,
0x01,0x0d,0xff,0xf1,0x01,0x0e,0xff,0xec,0x01,0x10,0xff,0xf5,0x01,0x12,0xff,0xf5,0x01,0x14,0xff,0xf5,0x01,0x16,0xff,0xf6,0x01,0x18,0xff,0xf6,0x01,0x1a,0xff,0xf6,
0x01,0x1c,0xff,0xf6,0x01,0x24,0xff,0xf1,0x01,0x26,0xff,0xf1,0x01,0x28,0xff,0xf1,0x01,0x2a,0xff,0xf1,0x01,0x2c,0xff,0xf1,0x01,0x2e,0xff,0xf1,0x01,0x30,0xff,0xf2,
0x01,0x32,0xff,0xf6,0x01,0x3c,0xff,0xf4,0x01,0x3e,0xff,0xf4,0x01,0x3f,0xff,0xf1,0x01,0x40,0xff,0xec,0x01,0x42,0xff,0xf6,0x01,0x4f,0xff,0xf2,0x01,0x51,0xff,0xf2,
0x01,0x53,0xff,0xf2,0x01,0x54,0xff,0xf4,0x01,0x56,0xff,0xec,0x01,0x57,0xff,0xec,0x01,0x59,0xff,0xf6,0x01,0x5b,0xff,0xf6,0x01,0x91,0xff,0xec,0x01,0x92,0xff,0xea,
0x01,0x95,0xff,0xf1,0x01,0x97,0xff,0xec,0x01,0x98,0xff,0xf5,0x01,0x99,0xff,0xef,0x01,0x9a,0xff,0xf4,0x00,0x4a,0x00,0x24,0xff,0xe3,0x00,0x2d,0xff,0xf6,0x00,0x37,
0x00,0x0a,0x00,0x46,0xff,0xf0,0x00,0x47,0xff,0xee,0x00,0x48,0xff,0xf0,0x00,0x4a,0xff,0xf2,0x00,0x52,0xff,0xf0,0x00,0x54,0xff,0xee,0x00,0x56,0xff,0xf5,0x00,0x81,
0xff,0xe3,0x00,0x82,0xff,0xe3,0x00,0x83,0xff,0xe3,0x00,0x84,0xff,0xe3,0x00,0x85,0xff,0xe3,0x00,0x86,0xff,0xe3,0x00,0x87,0xff,0xdc,0x00,0xa8,0xff,0xf0,0x00,0xa9,
0xff,0xf0,0x00,0xaa,0xff,0xf0,0x00,0xab,0xff,0xf0,0x00,0xac,0xff,0xf0,0x00,0xad,0x00,0x19,0x00,0xaf,0x00,0x35,0x00,0xb0,0x00,0x28,0x00,0xb1,0xff,0xf2,0x00,0xb3,
0xff,0xf0,0x00,0xb4,0xff,0xf0,0x00,0xb5,0xff,0xf0,0x00,0xb6,0xff,0xf0,0x00,0xb7,0xff,0xf0,0x00,0xb9,0xff,0xf0,0x00,0xc1,0xff,0xe3,0x00,0xc3,0xff,0xe3,0x00,0xc5,
0xff,0xe3,0x00,0xc8,0xff,0xf0,0x00,0xca,0xff,0xf0,0x00,0xcc,0xff,0xf0,0x00,0xce,0xff,0xf0,0x00,0xd0,0xff,0xee,0x00,0xd2,0xff,0xee,0x00,0xd4,0xff,0xf0,0x00,0xd6,
0xff,0xf0,0x00,0xd8,0xff,0xf0,0x00,0xda,0xff,0xf0,0x00,0xdc,0xff,0xf0,0x00,0xde,0xff,0xf2,0x00,0xe0,0xff,0xf2,0x00,0xe2,0xff,0xf2,0x00,0xe4,0xff,0xf2,0x00,0xea,
0x00,0x19,0x00,0xf3,0xff,0xf6,0x00,0xf4,0x00,0x2e,0x01,0x08,0xff,0xf0,0x01,0x0a,0xff,0xf0,0x01,0x0c,0xff,0xf0,0x01,0x0e,0xff,0xf0,0x01,0x16,0xff,0xf5,0x01,0x18,
0xff,0xf5,0x01,0x1a,0xff,0xf5,0x01,0x1c,0xff,0xf5,0x01,0x1f,0x00,0x0a,0x01,0x20,0x00,0x12,0x01,0x21,0x00,0x0a,0x01,0x22,0x00,0x13,0x01,0x3b,0xff,0xe3,0x01,0x3d,
0xff,0xe3,0x01,0x40,0xff,0xf0,0x01,0x42,0xff,0xf5,0x01,0x43,0x00,0x0a,0x01,0x55,0xff,0xe3,0x01,0x56,0xff,0xf0,0x01,0x57,0xff,0xf0,0x01,0x5b,0x00,0x17,0x00,0x05,
0x00,0x39,0xff,0xd8,0x00,0x49,0xff,0xf5,0x00,0x59,0xff,0xe9,0x01,0x92,0xff,0xcd,0x01,0x98,0xff,0xec,0x00,0x09,0x00,0x39,0xff,0xe8,0x00,0x3b,0xff,0xe0,0x00,0x49,
0xff,0xf5,0x00,0x59,0xff,0xf7,0x00,0x5b,0xff,0xe9,0x00,0x87,0xff,0xf7,0x01,0x93,0xff,0xef,0x01,0x94,0xff,0xf1,0x01,0x98,0xff,0xec,0x00,0x9a,0x00,0x12,0xfe,0xd4,
0x00,0x24,0xff,0xdb,0x00,0x26,0xff,0xf4,0x00,0x2a,0xff,0xf1,0x00,0x2d,0xff,0xf2,0x00,0x32,0xff,0xf1,0x00,0x34,0xff,0xf1,0x00,0x44,0xff,0xe4,0x00,0x46,0xff,0xdc,
0x00,0x47,0xff,0xdc,0x00,0x48,0xff,0xdc,0x00,0x4a,0xff,0xde,0x00,0x50,0xff,0xea,0x00,0x51,0xff,0xea,0x00,0x52,0xff,0xdc,0x00,0x53,0xff,0xea,0x00,0x54,0xff,0xdc,
0x00,0x55,0xff,0xea,0x00,0x56,0xff,0xe2,0x00,0x58,0xff,0xec,0x00,0x59,0xff,0xf3,0x00,0x5a,0xff,0xf4,0x00,0x5c,0xff,0xf2,0x00,0x5d,0xff,0xef,0x00,0x81,0xff,0xdb,
0x00,0x82,0xff,0xdb,0x00,0x83,0xff,0xdb,0x00,0x84,0xff,0xdb,0x00,0x85,0xff,0xdb,0x00,0x86,0xff,0xdb,0x00,0x87,0xff,0xd4,0x00,0x88,0xff,0xf4,0x00,0x93,0xff,0xf1,
0x00,0x94,0xff,0xf1,0x00,0x95,0xff,0xf1,0x00,0x96,0xff,0xf1,0x00,0x97,0xff,0xf1,0x00,0x99,0xff,0xf1,0x00,0xa1,0xff,0xe4,0x00,0xa2,0xff,0xe4,0x00,0xa3,0xff,0xe4,
0x00,0xa4,0xff,0xe4,0x00,0xa5,0xff,0xe4,0x00,0xa6,0xff,0xe4,0x00,0xa7,0xff,0xe4,0x00,0xa8,0xff,0xdc,0x00,0xa9,0xff,0xdc,0x00,0xaa,0xff,0xdc,0x00,0xab,0xff,0xdc,
0x00,0xac,0xff,0xdc,0x00,0xad,0x00,0x2b,0x00,0xb0,0x00,0x2d,0x00,0xb1,0xff,0xf6,0x00,0xb2,0xff,0xea,0x00,0xb3,0xff,0xdc,0x00,0xb4,0xff,0xdc,0x00,0xb5,0xff,0xdc,
0x00,0xb6,0xff,0xdc,0x00,0xb7,0xff,0xdc,0x00,0xb9,0xff,0xdc,0x00,0xba,0xff,0xec,0x00,0xbb,0xff,0xec,0x00,0xbc,0xff,0xec,0x00,0xbd,0xff,0xec,0x00,0xbe,0xff,0xf2,
0x00,0xc0,0xff,0xf2,0x00,0xc1,0xff,0xdb,0x00,0xc2,0xff,0xe4,0x00,0xc3,0xff,0xdb,0x00,0xc4,0xff,0xe4,0x00,0xc5,0xff,0xdb,0x00,0xc6,0xff,0xe4,0x00,0xc7,0xff,0xf4,
0x00,0xc8,0xff,0xdc,0x00,0xc9,0xff,0xf4,0x00,0xca,0xff,0xdc,0x00,0xcb,0xff,0xf4,0x00,0xcc,0xff,0xdc,0x00,0xcd,0xff,0xf4,0x00,0xce,0xff,0xdc,0x00,0xd0,0xff,0xdc,
0x00,0xd2,0xff,0xdc,0x00,0xd4,0xff,0xdc,0x00,0xd6,0xff,0xdc,0x00,0xd8,0xff,0xdc,0x00,0xda,0xff,0xdc,0x00,0xdc,0xff,0xdc,0x00,0xdd,0xff,0xf1,0x00,0xde,0xff,0xde,
0x00,0xdf,0xff,0xf1,0x00,0xe0,0xff,0xde,0x00,0xe1,0xff,0xf1,0x00,0xe2,0xff,0xde,0x00,0xe3,0xff,0xf1,0x00,0xe4,0xff,0xde,0x00,0xea,0x00,0x1e,0x00,0xec,0x00,0x0b,
0x00,0xee,0x00,0x11,0x00,0xf3,0xff,0xf2,0x01,0x00,0xff,0xea,0x01,0x02,0xff,0xea,0x01,0x04,0xff,0xea,0x01,0x06,0xff,0xea,0x01,0x07,0xff,0xf1,0x01,0x08,0xff,0xdc,
0x01,0x09,0xff,0xf1,0x01,0x0a,0xff,0xdc,0x01,0x0b,0xff,0xf1,0x01,0x0c,0xff,0xdc,0x01,0x0d,0xff,0xf1,0x01,0x0e,0xff,0xdc,0x01,0x10,0xff,0xea,0x01,0x12,0xff,0xea,
0x01,0x14,0xff,0xea,0x01,0x16,0xff,0xe2,0x01,0x18,0xff,0xe2,0x01,0x1a,0xff,0xe2,0x01,0x1c,0xff,0xe2,0x01,0x24,0xff,0xec,0x01,0x26,0xff,0xec,0x01,0x28,0xff,0xec,
0x01,0x2a,0xff,0xec,0x01,0x2c,0xff,0xec,0x01,0x2e,0xff,0xec,0x01,0x30,0xff,0xf4,0x01,0x32,0xff,0xf2,0x01,0x35,0xff,0xef,0x01,0x37,0xff,0xef,0x01,0x39,0xff,0xef,
0x01,0x3b,0xff,0xdb,0x01,0x3c,0xff,0xe4,0x01,0x3d,0xff,0xdb,0x01,0x3e,0xff,0xe4,0x01,0x3f,0xff,0xf1,0x01,0x40,0xff,0xdc,0x01,0x42,0xff,0xe2,0x01,0x4f,0xff,0xf4,
0x01,0x51,0xff,0xf4,0x01,0x53,0xff,0xf4,0x01,0x54,0xff,0xe4,0x01,0x55,0xff,0xdb,0x01,0x56,0xff,0xdc,0x01,0x57,0xff,0xdc,0x01,0x59,0xff,0xf2,0x01,0x5b,0xff,0xf2,
0x01,0x91,0xff,0xdc,0x01,0x92,0xff,0xe8,0x01,0x93,0xff,0xf0,0x01,0x94,0xff,0xf0,0x01,0x95,0xff,0xd1,0x01,0x96,0xff,0xe7,0x01,0x97,0xff,0xdc,0x01,0x99,0xff,0xe0,
0x01,0x9a,0xff,0xe4,0x00,0x01,0x00,0x39,0xff,0xf6,0x00,0x06,0x00,0x3c,0xff,0xe7,0x00,0x9e,0xff,0xe7,0x01,0x31,0xff,0xe7,0x01,0x33,0xff,0xe7,0x01,0x58,0xff,0xe7,
0x01,0x5a,0xff,0xe7,0x00,0x09,0x00,0x0d,0xff,0xe5,0x00,0x22,0xff,0xf2,0x00,0x39,0xff,0xe5,0x00,0x3f,0xff,0xd6,0x00,0x49,0xff,0xf8,0x00,0x59,0xff,0xf2,0x00,0x6f,
0xff,0xee,0x00,0xb1,0xff,0xfb,0x01,0x7e,0xff,0xe2,0x00,0x1e,0x00,0x24,0xff,0xf8,0x00,0x39,0xff,0xf7,0x00,0x3b,0xff,0xf5,0x00,0x3c,0xff,0xea,0x00,0x3f,0xff,0xf0,
0x00,0x40,0xff,0xf2,0x00,0x4a,0xff,0xf9,0x00,0x81,0xff,0xf8,0x00,0x82,0xff,0xf8,0x00,0x83,0xff,0xf8,0x00,0x84,0xff,0xf8,0x00,0x85,0xff,0xf8,0x00,0x86,0xff,0xf8,
0x00,0x87,0xff,0xf5,0x00,0x9e,0xff,0xea,0x00,0xc1,0xff,0xf8,0x00,0xc3,0xff,0xf8,0x00,0xc5,0xff,0xf8,0x00,0xde,0xff,0xf9,0x00,0xe0,0xff,0xf9,0x00,0xe2,0xff,0xf9,
0x00,0xe4,0xff,0xf9,0x01,0x31,0xff,0xea,0x01,0x33,0xff,0xea,0x01,0x3b,0xff,0xf8,0x01,0x3d,0xff,0xf8,0x01,0x55,0xff,0xf8,0x01,0x58,0xff,0xea,0x01,0x5a,0xff,0xea,
0x01,0xa3,0xff,0xf3,0x00,0x09,0x00,0x49,0xff,0xfb,0x00,0x59,0xff,0xfb,0x00,0xad,0x00,0x2c,0x00,0xaf,0x00,0x1d,0x00,0xb0,0x00,0x23,0x00,0xb1,0xff,0xfa,0x00,0xea,
0x00,0x18,0x00,0xee,0x00,0x0a,0x00,0xf4,0x00,0x15,0x00,0x0b,0x00,0x0c,0xff,0xf3,0x00,0x12,0xff,0xf1,0x00,0x39,0xff,0xf6,0x00,0x3b,0xff,0xee,0x00,0x3f,0xff,0xee,
0x00,0x40,0xff,0xed,0x00,0x60,0xff,0xf4,0x00,0x87,0xff,0xf3,0x01,0xa1,0xff,0xf2,0x01,0xa3,0xff,0xec,0x01,0xa5,0xff,0xf3,0x00,0x07,0x00,0xad,0x00,0x2a,0x00,0xaf,
0x00,0x1d,0x00,0xb0,0x00,0x20,0x00,0xb1,0xff,0xfa,0x00,0xea,0x00,0x16,0x00,0xee,0x00,0x06,0x00,0xf4,0x00,0x15,0x00,0x88,0x00,0x0f,0xff,0xce,0x00,0x10,0xff,0xf7,
0x00,0x11,0xff,0xce,0x00,0x12,0xff,0xda,0x00,0x24,0xff,0xeb,0x00,0x2d,0xff,0xf8,0x00,0x44,0xff,0xef,0x00,0x46,0xff,0xef,0x00,0x47,0xff,0xee,0x00,0x48,0xff,0xef,
0x00,0x49,0xff,0xfb,0x00,0x4a,0xff,0xeb,0x00,0x50,0xff,0xef,0x00,0x51,0xff,0xef,0x00,0x52,0xff,0xef,0x00,0x53,0xff,0xef,0x00,0x54,0xff,0xee,0x00,0x55,0xff,0xef,
0x00,0x56,0xff,0xf0,0x00,0x58,0xff,0xf3,0x00,0x5a,0xff,0xfa,0x00,0x5b,0xff,0xf9,0x00,0x5c,0xff,0xfb,0x00,0x5d,0xff,0xf6,0x00,0x81,0xff,0xeb,0x00,0x82,0xff,0xeb,
0x00,0x83,0xff,0xeb,0x00,0x84,0xff,0xeb,0x00,0x85,0xff,0xeb,0x00,0x86,0xff,0xeb,0x00,0x87,0xff,0xe3,0x00,0xa1,0xff,0xef,0x00,0xa2,0xff,0xef,0x00,0xa3,0xff,0xef,
0x00,0xa4,0xff,0xef,0x00,0xa5,0xff,0xef,0x00,0xa6,0xff,0xef,0x00,0xa7,0xff,0xef,0x00,0xa8,0xff,0xef,0x00,0xa9,0xff,0xef,0x00,0xaa,0xff,0xef,0x00,0xab,0xff,0xef,
0x00,0xac,0xff,0xef,0x00,0xad,0x00,0x3b,0x00,0xaf,0x00,0x2e,0x00,0xb0,0x00,0x31,0x00,0xb1,0xff,0xf4,0x00,0xb2,0xff,0xef,0x00,0xb3,0xff,0xef,0x00,0xb4,0xff,0xef,
0x00,0xb5,0xff,0xef,0x00,0xb6,0xff,0xef,0x00,0xb7,0xff,0xef,0x00,0xb9,0xff,0xef,0x00,0xba,0xff,0xf3,0x00,0xbb,0xff,0xf3,0x00,0xbc,0xff,0xf3,0x00,0xbd,0xff,0xf3,
0x00,0xbe,0xff,0xfb,0x00,0xc0,0xff,0xfb,0x00,0xc1,0xff,0xeb,0x00,0xc2,0xff,0xef,0x00,0xc3,0xff,0xeb,0x00,0xc4,0xff,0xef,0x00,0xc5,0xff,0xeb,0x00,0xc6,0xff,0xef,
0x00,0xc8,0xff,0xef,0x00,0xca,0xff,0xef,0x00,0xcc,0xff,0xef,0x00,0xce,0xff,0xef,0x00,0xd0,0xff,0xee,0x00,0xd2,0xff,0xee,0x00,0xd4,0xff,0xef,0x00,0xd6,0xff,0xef,
0x00,0xd8,0xff,0xef,0x00,0xda,0xff,0xef,0x00,0xdc,0xff,0xef,0x00,0xde,0xff,0xeb,0x00,0xe0,0xff,0xeb,0x00,0xe2,0xff,0xeb,0x00,0xe4,0xff,0xeb,0x00,0xea,0x00,0x27,
0x00,0xec,0x00,0x0f,0x00,0xee,0x00,0x17,0x00,0xf2,0xff,0xef,0x00,0xf3,0xff,0xf8,0x00,0xf4,0x00,0x27,0x01,0x00,0xff,0xef,0x01,0x02,0xff,0xef,0x01,0x04,0xff,0xef,
0x01,0x06,0xff,0xef,0x01,0x08,0xff,0xef,0x01,0x0a,0xff,0xef,0x01,0x0c,0xff,0xef,0x01,0x0e,0xff,0xef,0x01,0x10,0xff,0xef,0x01,0x12,0xff,0xef,0x01,0x14,0xff,0xef,
0x01,0x16,0xff,0xf0,0x01,0x18,0xff,0xf0,0x01,0x1a,0xff,0xf0,0x01,0x1c,0xff,0xf0,0x01,0x24,0xff,0xf3,0x01,0x26,0xff,0xf3,0x01,0x28,0xff,0xf3,0x01,0x2a,0xff,0xf3,
0x01,0x2c,0xff,0xf3,0x01,0x2e,0xff,0xf3,0x01,0x30,0xff,0xfa,0x01,0x32,0xff,0xfb,0x01,0x35,0xff,0xf6,0x01,0x37,0xff,0xf6,0x01,0x39,0xff,0xf6,0x01,0x3b,0xff,0xeb,
0x01,0x3c,0xff,0xef,0x01,0x3d,0xff,0xeb,0x01,0x3e,0xff,0xef,0x01,0x40,0xff,0xef,0x01,0x42,0xff,0xf0,0x01,0x4f,0xff,0xfa,0x01,0x51,0xff,0xfa,0x01,0x53,0xff,0xfa,
0x01,0x54,0xff,0xef,0x01,0x55,0xff,0xeb,0x01,0x56,0xff,0xef,0x01,0x57,0xff,0xef,0x01,0x59,0xff,0xfb,0x01,0x5b,0xff,0xfb,0x01,0x5c,0xff,0xf7,0x01,0x5d,0xff,0xf7,
0x01,0x60,0xff,0xce,0x01,0x63,0xff,0xce,0x01,0x67,0xff,0xce,0x01,0x9c,0xff,0xf7,0x01,0x9d,0xff,0xf7,0x01,0xc7,0xff,0xf7,0x00,0x07,0x00,0x39,0xff,0xf8,0x00,0x3f,
0xff,0xf6,0x00,0x49,0xff,0xfa,0x00,0x59,0xff,0xfb,0x00,0xad,0x00,0x19,0x00,0xaf,0x00,0x09,0x00,0xb0,0x00,0x0f,0x00,0x03,0x00,0x49,0xff,0xfa,0x00,0xad,0x00,0x08,
0x00,0xb1,0xff,0xf8,0x00,0x03,0x00,0x49,0xff,0xfb,0x00,0xad,0x00,0x0b,0x00,0xb1,0xff,0xf9,0x00,0x09,0x00,0x49,0xff,0xf5,0x00,0x59,0xff,0xef,0x00,0xad,0x00,0x2f,
0x00,0xaf,0x00,0x06,0x00,0xb0,0x00,0x33,0x00,0xb1,0xff,0xf3,0x00,0xea,0x00,0x23,0x00,0xec,0x00,0x11,0x00,0xee,0x00,0x19,0x00,0x08,0x00,0x0d,0xff,0xb5,0x00,0x39,
0xff,0xc9,0x00,0x3f,0xff,0xb8,0x00,0x49,0xff,0xf8,0x00,0x59,0xff,0xe0,0x00,0x6f,0xff,0xc2,0x01,0x7e,0xff,0xb4,0x01,0x9e,0xff,0xc0,0x00,0x0b,0x00,0x0c,0xff,0xf3,
0x00,0x12,0xff,0xf2,0x00,0x39,0xff,0xf6,0x00,0x3b,0xff,0xef,0x00,0x3f,0xff,0xed,0x00,0x40,0xff,0xec,0x00,0x60,0xff,0xf4,0x00,0x87,0xff,0xf3,0x01,0xa1,0xff,0xf2,
0x01,0xa3,0xff,0xec,0x01,0xa5,0xff,0xf3,0x00,0x38,0x00,0x0c,0xff,0xf6,0x00,0x0f,0xff,0xc3,0x00,0x11,0xff,0xc3,0x00,0x12,0xff,0xda,0x00,0x24,0xff,0xed,0x00,0x2d,
0xff,0xf7,0x00,0x39,0xff,0xf9,0x00,0x3b,0xff,0xef,0x00,0x3c,0xff,0xec,0x00,0x3f,0xff,0xf4,0x00,0x40,0xff,0xf3,0x00,0x44,0xff,0xfb,0x00,0x60,0xff,0xf6,0x00,0x81,
0xff,0xed,0x00,0x82,0xff,0xed,0x00,0x83,0xff,0xed,0x00,0x84,0xff,0xed,0x00,0x85,0xff,0xed,0x00,0x86,0xff,0xed,0x00,0x87,0xff,0xe7,0x00,0x9e,0xff,0xec,0x00,0xa1,
0xff,0xfb,0x00,0xa2,0xff,0xfb,0x00,0xa3,0xff,0xfb,0x00,0xa4,0xff,0xfb,0x00,0xa5,0xff,0xfb,0x00,0xa6,0xff,0xfb,0x00,0xa7,0xff,0xfb,0x00,0xad,0x00,0x0b,0x00,0xaf,
0x00,0x10,0x00,0xb0,0x00,0x08,0x00,0xb1,0xff,0xf4,0x00,0xc1,0xff,0xed,0x00,0xc2,0xff,0xfb,0x00,0xc3,0xff,0xed,0x00,0xc4,0xff,0xfb,0x00,0xc5,0xff,0xed,0x00,0xc6,
0xff,0xfb,0x00,0xf3,0xff,0xf7,0x00,0xf4,0x00,0x08,0x01,0x31,0xff,0xec,0x01,0x33,0xff,0xec,0x01,0x3b,0xff,0xed,0x01,0x3c,0xff,0xfb,0x01,0x3d,0xff,0xed,0x01,0x3e,
0xff,0xfb,0x01,0x54,0xff,0xfb,0x01,0x55,0xff,0xed,0x01,0x58,0xff,0xec,0x01,0x5a,0xff,0xec,0x01,0x60,0xff,0xc3,0x01,0x63,0xff,0xc3,0x01,0x67,0xff,0xc3,0x01,0xa1,
0xff,0xf3,0x01,0xa3,0xff,0xea,0x01,0xa5,0xff,0xf4,0x00,0x05,0x00,0x39,0xff,0xf7,0x00,0x3b,0xff,0xfa,0x00,0x3f,0xff,0xf1,0x00,0x87,0xff,0xf6,0x00,0xb1,0xff,0xf2,
0x00,0x0a,0x00,0x39,0xff,0xf8,0x00,0x3b,0xff,0xfb,0x00,0x49,0xff,0xf7,0x00,0x59,0xff,0xfa,0x00,0x5b,0xff,0xf8,0x00,0x87,0xff,0xf6,0x00,0xad,0x00,0x1c,0x00,0xaf,
0x00,0x08,0x00,0xb0,0x00,0x14,0x00,0xea,0x00,0x0a,0x00,0x1d,0x00,0x09,0xff,0xf6,0x00,0x12,0xff,0xcf,0x00,0x23,0xff,0xf1,0x00,0x49,0xff,0xf1,0x00,0x59,0xff,0xcf,
0x00,0x5b,0xff,0xcf,0x00,0x87,0xff,0xcf,0x00,0xa4,0xff,0xd4,0x00,0xa5,0xff,0xca,0x00,0xad,0x00,0x44,0x00,0xaf,0x00,0x37,0x00,0xb0,0x00,0x3a,0x00,0xb1,0xff,0xee,
0x00,0xca,0xff,0xd5,0x00,0xe0,0xff,0xb5,0x00,0xea,0x00,0x30,0x00,0xec,0x00,0x18,0x00,0xee,0x00,0x20,0x00,0xf2,0xff,0xcc,0x00,0xf4,0x00,0x30,0x01,0x0c,0xff,0xd6,
0x01,0x10,0xff,0xda,0x01,0x14,0xff,0xdb,0x01,0x18,0xff,0xc7,0x01,0x24,0xff,0xca,0x01,0x28,0xff,0xca,0x01,0x54,0xff,0xce,0x01,0x5b,0xff,0xce,0x01,0xbc,0xff,0xf0,
0x00,0x05,0x00,0x12,0xff,0xf0,0x00,0x49,0xff,0xfb,0x00,0x87,0xff,0xf9,0x00,0xad,0x00,0x0e,0x00,0xb1,0xff,0xf8,0x00,0xb0,0x00,0x09,0xff,0xf2,0x00,0x0f,0xff,0xd8,
0x00,0x10,0xff,0xe8,0x00,0x11,0xff,0xd8,0x00,0x12,0xff,0xd8,0x00,0x1d,0xff,0xf6,0x00,0x1e,0xff,0xf6,0x00,0x23,0xff,0xf4,0x00,0x24,0xff,0xe5,0x00,0x26,0xff,0xf7,
0x00,0x2a,0xff,0xf6,0x00,0x2d,0xff,0xf5,0x00,0x32,0xff,0xf6,0x00,0x34,0xff,0xf6,0x00,0x36,0xff,0xf8,0x00,0x44,0xff,0xe9,0x00,0x46,0xff,0xe3,0x00,0x47,0xff,0xe4,
0x00,0x48,0xff,0xe3,0x00,0x49,0xff,0xf9,0x00,0x4a,0xff,0xe2,0x00,0x50,0xff,0xeb,0x00,0x51,0xff,0xeb,0x00,0x52,0xff,0xe3,0x00,0x53,0xff,0xeb,0x00,0x54,0xff,0xe4,
0x00,0x55,0xff,0xeb,0x00,0x56,0xff,0xea,0x00,0x58,0xff,0xef,0x00,0x59,0xff,0xfa,0x00,0x5a,0xff,0xf7,0x00,0x5b,0xff,0xf9,0x00,0x5c,0xff,0xfa,0x00,0x5d,0xff,0xf3,
0x00,0x6d,0xff,0xe8,0x00,0x7c,0xff,0xf5,0x00,0x81,0xff,0xe5,0x00,0x82,0xff,0xe5,0x00,0x83,0xff,0xe5,0x00,0x84,0xff,0xe5,0x00,0x85,0xff,0xe5,0x00,0x86,0xff,0xe5,
0x00,0x87,0xff,0xe1,0x00,0x88,0xff,0xf7,0x00,0x93,0xff,0xf6,0x00,0x94,0xff,0xf6,0x00,0x95,0xff,0xf6,0x00,0x96,0xff,0xf6,0x00,0x97,0xff,0xf6,0x00,0x99,0xff,0xf6,
0x00,0xa1,0xff,0xe9,0x00,0xa2,0xff,0xe9,0x00,0xa3,0xff,0xe9,0x00,0xa4,0xff,0xe9,0x00,0xa5,0xff,0xe9,0x00,0xa6,0xff,0xe9,0x00,0xa7,0xff,0xe9,0x00,0xa8,0xff,0xe3,
0x00,0xa9,0xff,0xe3,0x00,0xaa,0xff,0xe3,0x00,0xab,0xff,0xe3,0x00,0xac,0xff,0xe3,0x00,0xad,0x00,0x39,0x00,0xaf,0x00,0x1e,0x00,0xb0,0x00,0x38,0x00,0xb1,0xff,0xed,
0x00,0xb2,0xff,0xeb,0x00,0xb3,0xff,0xe3,0x00,0xb4,0xff,0xe3,0x00,0xb5,0xff,0xe3,0x00,0xb6,0xff,0xe3,0x00,0xb7,0xff,0xe3,0x00,0xb9,0xff,0xe3,0x00,0xba,0xff,0xef,
0x00,0xbb,0xff,0xef,0x00,0xbc,0xff,0xef,0x00,0xbd,0xff,0xef,0x00,0xbe,0xff,0xfa,0x00,0xc0,0xff,0xfa,0x00,0xc1,0xff,0xe5,0x00,0xc2,0xff,0xe9,0x00,0xc3,0xff,0xe5,
0x00,0xc4,0xff,0xe9,0x00,0xc5,0xff,0xe5,0x00,0xc6,0xff,0xe9,0x00,0xc7,0xff,0xf7,0x00,0xc8,0xff,0xe3,0x00,0xc9,0xff,0xf7,0x00,0xca,0xff,0xe3,0x00,0xcb,0xff,0xf7,
0x00,0xcc,0xff,0xe3,0x00,0xcd,0xff,0xf7,0x00,0xce,0xff,0xe3,0x00,0xd0,0xff,0xe4,0x00,0xd2,0xff,0xe4,0x00,0xd4,0xff,0xe3,0x00,0xd6,0xff,0xe3,0x00,0xd8,0xff,0xe3,
0x00,0xda,0xff,0xe3,0x00,0xdc,0xff,0xe3,0x00,0xdd,0xff,0xf6,0x00,0xde,0xff,0xe2,0x00,0xdf,0xff,0xf6,0x00,0xe0,0xff,0xe2,0x00,0xe1,0xff,0xf6,0x00,0xe2,0xff,0xe2,
0x00,0xe3,0xff,0xf6,0x00,0xe4,0xff,0xe2,0x00,0xea,0x00,0x2a,0x00,0xec,0x00,0x16,0x00,0xee,0x00,0x1e,0x00,0xf2,0xff,0xeb,0x00,0xf3,0xff,0xf5,0x00,0xf4,0x00,0x17,
0x01,0x00,0xff,0xeb,0x01,0x02,0xff,0xeb,0x01,0x04,0xff,0xeb,0x01,0x06,0xff,0xeb,0x01,0x07,0xff,0xf6,0x01,0x08,0xff,0xe3,0x01,0x09,0xff,0xf6,0x01,0x0a,0xff,0xe3,
0x01,0x0b,0xff,0xf6,0x01,0x0c,0xff,0xe3,0x01,0x0d,0xff,0xf6,0x01,0x0e,0xff,0xe3,0x01,0x10,0xff,0xeb,0x01,0x12,0xff,0xeb,0x01,0x14,0xff,0xeb,0x01,0x15,0xff,0xf8,
0x01,0x16,0xff,0xea,0x01,0x17,0xff,0xf8,0x01,0x18,0xff,0xea,0x01,0x19,0xff,0xf8,0x01,0x1a,0xff,0xea,0x01,0x1b,0xff,0xf8,0x01,0x1c,0xff,0xea,0x01,0x24,0xff,0xef,
0x01,0x26,0xff,0xef,0x01,0x28,0xff,0xef,0x01,0x2a,0xff,0xef,0x01,0x2c,0xff,0xef,0x01,0x2e,0xff,0xef,0x01,0x30,0xff,0xf7,0x01,0x32,0xff,0xfa,0x01,0x35,0xff,0xf3,
0x01,0x37,0xff,0xf3,0x01,0x39,0xff,0xf3,0x01,0x3b,0xff,0xe5,0x01,0x3c,0xff,0xe9,0x01,0x3d,0xff,0xe5,0x01,0x3e,0xff,0xe9,0x01,0x3f,0xff,0xf6,0x01,0x40,0xff,0xe3,
0x01,0x41,0xff,0xf8,0x01,0x42,0xff,0xea,0x01,0x4f,0xff,0xf7,0x01,0x51,0xff,0xf7,0x01,0x53,0xff,0xf7,0x01,0x54,0xff,0xe9,0x01,0x55,0xff,0xe5,0x01,0x56,0xff,0xe3,
0x01,0x57,0xff,0xe3,0x01,0x59,0xff,0xfa,0x01,0x5b,0xff,0xfa,0x01,0x5c,0xff,0xe8,0x01,0x5d,0xff,0xe8,0x01,0x60,0xff,0xd8,0x01,0x63,0xff,0xd8,0x01,0x67,0xff,0xd8,
0x01,0x69,0xff,0xe8,0x01,0x6a,0xff,0xf5,0x01,0x9c,0xff,0xeb,0x01,0x9d,0xff,0xeb,0x01,0xbc,0xff,0xf3,0x01,0xc7,0xff,0xeb,0x00,0x0b,0x00,0x12,0xff,0xe3,0x00,0x87,
0xff,0xe9,0x00,0xad,0x00,0x36,0x00,0xaf,0x00,0x1e,0x00,0xb0,0x00,0x35,0x00,0xb1,0xff,0xf3,0x00,0xea,0x00,0x27,0x00,0xec,0x00,0x12,0x00,0xee,0x00,0x1a,0x00,0xf2,
0xff,0xf3,0x00,0xf4,0x00,0x18,0x00,0x85,0x00,0x10,0xff,0xe0,0x00,0x26,0xff,0xf0,0x00,0x2a,0xff,0xef,0x00,0x32,0xff,0xef,0x00,0x34,0xff,0xef,0x00,0x44,0xff,0xfb,
0x00,0x46,0xff,0xe6,0x00,0x47,0xff,0xec,0x00,0x48,0xff,0xe6,0x00,0x49,0xff,0xf7,0x00,0x4a,0xff,0xec,0x00,0x50,0xff,0xfb,0x00,0x51,0xff,0xfb,0x00,0x52,0xff,0xe6,
0x00,0x53,0xff,0xfb,0x00,0x54,0xff,0xec,0x00,0x55,0xff,0xfb,0x00,0x57,0xff,0xf6,0x00,0x58,0xff,0xed,0x00,0x59,0xff,0xea,0x00,0x5a,0xff,0xe8,0x00,0x5c,0xff,0xe9,
0x00,0x6d,0xff,0xee,0x00,0x88,0xff,0xf0,0x00,0x93,0xff,0xef,0x00,0x94,0xff,0xef,0x00,0x95,0xff,0xef,0x00,0x96,0xff,0xef,0x00,0x97,0xff,0xef,0x00,0x99,0xff,0xef,
0x00,0xa1,0xff,0xfb,0x00,0xa2,0xff,0xfb,0x00,0xa3,0xff,0xfb,0x00,0xa4,0xff,0xfb,0x00,0xa5,0xff,0xfb,0x00,0xa6,0xff,0xfb,0x00,0xa7,0xff,0xfb,0x00,0xa8,0xff,0xe6,
0x00,0xa9,0xff,0xe6,0x00,0xaa,0xff,0xe6,0x00,0xab,0xff,0xe6,0x00,0xac,0xff,0xe6,0x00,0xad,0x00,0x37,0x00,0xaf,0x00,0x0d,0x00,0xb0,0x00,0x3e,0x00,0xb1,0xff,0xef,
0x00,0xb2,0xff,0xfb,0x00,0xb3,0xff,0xe6,0x00,0xb4,0xff,0xe6,0x00,0xb5,0xff,0xe6,0x00,0xb6,0xff,0xe6,0x00,0xb7,0xff,0xe6,0x00,0xb9,0xff,0xe6,0x00,0xba,0xff,0xed,
0x00,0xbb,0xff,0xed,0x00,0xbc,0xff,0xed,0x00,0xbd,0xff,0xed,0x00,0xbe,0xff,0xe9,0x00,0xc0,0xff,0xe9,0x00,0xc2,0xff,0xfb,0x00,0xc4,0xff,0xfb,0x00,0xc6,0xff,0xfb,
0x00,0xc7,0xff,0xf0,0x00,0xc8,0xff,0xe6,0x00,0xc9,0xff,0xf0,0x00,0xca,0xff,0xe6,0x00,0xcb,0xff,0xf0,0x00,0xcc,0xff,0xe6,0x00,0xcd,0xff,0xf0,0x00,0xce,0xff,0xe6,
0x00,0xd0,0xff,0xec,0x00,0xd2,0xff,0xec,0x00,0xd4,0xff,0xe6,0x00,0xd6,0xff,0xe6,0x00,0xd8,0xff,0xe6,0x00,0xda,0xff,0xe6,0x00,0xdc,0xff,0xe6,0x00,0xdd,0xff,0xef,
0x00,0xde,0xff,0xec,0x00,0xdf,0xff,0xef,0x00,0xe0,0xff,0xec,0x00,0xe1,0xff,0xef,0x00,0xe2,0xff,0xec,0x00,0xe3,0xff,0xef,0x00,0xe4,0xff,0xec,0x00,0xea,0x00,0x2a,
0x00,0xec,0x00,0x1c,0x00,0xee,0x00,0x24,0x00,0xf4,0x00,0x07,0x01,0x00,0xff,0xfb,0x01,0x02,0xff,0xfb,0x01,0x04,0xff,0xfb,0x01,0x06,0xff,0xfb,0x01,0x07,0xff,0xef,
0x01,0x08,0xff,0xe6,0x01,0x09,0xff,0xef,0x01,0x0a,0xff,0xe6,0x01,0x0b,0xff,0xef,0x01,0x0c,0xff,0xe6,0x01,0x0d,0xff,0xef,0x01,0x0e,0xff,0xe6,0x01,0x10,0xff,0xfb,
0x01,0x12,0xff,0xfb,0x01,0x14,0xff,0xfb,0x01,0x20,0xff,0xf6,0x01,0x22,0xff,0xf6,0x01,0x24,0xff,0xed,0x01,0x26,0xff,0xed,0x01,0x28,0xff,0xed,0x01,0x2a,0xff,0xed,
0x01,0x2c,0xff,0xed,0x01,0x2e,0xff,0xed,0x01,0x30,0xff,0xe8,0x01,0x32,0xff,0xe9,0x01,0x3c,0xff,0xfb,0x01,0x3e,0xff,0xfb,0x01,0x3f,0xff,0xef,0x01,0x40,0xff,0xe6,
0x01,0x44,0xff,0xf6,0x01,0x4f,0xff,0xe8,0x01,0x51,0xff,0xe8,0x01,0x53,0xff,0xe8,0x01,0x54,0xff,0xfb,0x01,0x56,0xff,0xe6,0x01,0x57,0xff,0xe6,0x01,0x59,0xff,0xe9,
0x01,0x5b,0xff,0xe9,0x01,0x5c,0xff,0xe0,0x01,0x5d,0xff,0xe0,0x01,0x69,0xff,0xee,0x01,0x9c,0xff,0xda,0x01,0x9d,0xff,0xda,0x01,0xc7,0xff,0xda,0x00,0x1f,0x00,0x09,
0xff,0xe4,0x00,0x0d,0x00,0x05,0x00,0x12,0xff,0xbf,0x00,0x23,0xff,0xdd,0x00,0x49,0xff,0xe9,0x00,0x59,0xff,0xdf,0x00,0x5b,0xff,0xde,0x00,0x6f,0xff,0xed,0x00,0x87,
0xff,0xc5,0x00,0xa0,0xff,0xf2,0x00,0xa4,0xff,0xde,0x00,0xa5,0xff,0xd5,0x00,0xac,0xff,0xc3,0x00,0xad,0x00,0x3e,0x00,0xaf,0x00,0x15,0x00,0xb0,0x00,0x46,0x00,0xb1,
0xff,0xe6,0x00,0xc0,0xff,0xe8,0x00,0xc4,0xff,0xc8,0x00,0xea,0x00,0x31,0x00,0xec,0x00,0x24,0x00,0xee,0x00,0x2c,0x00,0xf2,0xff,0xc5,0x00,0xf4,0x00,0x0f,0x00,0xfe,
0xff,0xfa,0x01,0x0c,0xff,0xd0,0x01,0x10,0xff,0xe0,0x01,0x14,0xff,0xe6,0x01,0x59,0xff,0xe6,0x01,0x5b,0xff,0xe8,0x01,0xbc,0xff,0xdc,0x00,0x08,0x00,0x49,0xff,0xf9,
0x00,0x59,0xff,0xf9,0x00,0xad,0x00,0x29,0x00,0xaf,0x00,0x1c,0x00,0xb0,0x00,0x1e,0x00,0xb1,0xff,0xf9,0x00,0xea,0x00,0x14,0x00,0xf4,0x00,0x14,0x00,0x72,0x00,0x26,
0xff,0xf0,0x00,0x2a,0xff,0xec,0x00,0x32,0xff,0xec,0x00,0x34,0xff,0xec,0x00,0x44,0xff,0xef,0x00,0x46,0xff,0xe5,0x00,0x47,0xff,0xe6,0x00,0x48,0xff,0xe5,0x00,0x49,
0xff,0xf6,0x00,0x4d,0x00,0x09,0x00,0x52,0xff,0xe5,0x00,0x54,0xff,0xe6,0x00,0x57,0xff,0xf5,0x00,0x58,0xff,0xec,0x00,0x59,0xff,0xec,0x00,0x5a,0xff,0xeb,0x00,0x5c,
0xff,0xec,0x00,0x5e,0xff,0xee,0x00,0x88,0xff,0xf0,0x00,0x93,0xff,0xec,0x00,0x94,0xff,0xec,0x00,0x95,0xff,0xec,0x00,0x96,0xff,0xec,0x00,0x97,0xff,0xec,0x00,0x99,
0xff,0xec,0x00,0xa1,0xff,0xef,0x00,0xa2,0xff,0xef,0x00,0xa3,0xff,0xef,0x00,0xa4,0xff,0xef,0x00,0xa5,0xff,0xef,0x00,0xa6,0xff,0xef,0x00,0xa7,0xff,0xef,0x00,0xa8,
0xff,0xe5,0x00,0xa9,0xff,0xe5,0x00,0xaa,0xff,0xe5,0x00,0xab,0xff,0xe5,0x00,0xac,0xff,0xe5,0x00,0xad,0x00,0x30,0x00,0xb0,0x00,0x26,0x00,0xb1,0xff,0xf5,0x00,0xb3,
0xff,0xe5,0x00,0xb4,0xff,0xe5,0x00,0xb5,0xff,0xe5,0x00,0xb6,0xff,0xe5,0x00,0xb7,0xff,0xe5,0x00,0xb9,0xff,0xe5,0x00,0xba,0xff,0xec,0x00,0xbb,0xff,0xec,0x00,0xbc,
0xff,0xec,0x00,0xbd,0xff,0xec,0x00,0xbe,0xff,0xec,0x00,0xc0,0xff,0xec,0x00,0xc2,0xff,0xef,0x00,0xc4,0xff,0xef,0x00,0xc6,0xff,0xef,0x00,0xc7,0xff,0xf0,0x00,0xc8,
0xff,0xe5,0x00,0xc9,0xff,0xf0,0x00,0xca,0xff,0xe5,0x00,0xcb,0xff,0xf0,0x00,0xcc,0xff,0xe5,0x00,0xcd,0xff,0xf0,0x00,0xce,0xff,0xe5,0x00,0xd0,0xff,0xe6,0x00,0xd2,
0xff,0xe6,0x00,0xd4,0xff,0xe5,0x00,0xd6,0xff,0xe5,0x00,0xd8,0xff,0xe5,0x00,0xda,0xff,0xe5,0x00,0xdc,0xff,0xe5,0x00,0xdd,0xff,0xec,0x00,0xdf,0xff,0xec,0x00,0xe1,
0xff,0xec,0x00,0xe3,0xff,0xec,0x00,0xea,0x00,0x1c,0x00,0xee,0x00,0x19,0x00,0xf4,0x00,0x09,0x01,0x07,0xff,0xec,0x01,0x08,0xff,0xe5,0x01,0x09,0xff,0xec,0x01,0x0a,
0xff,0xe5,0x01,0x0b,0xff,0xec,0x01,0x0c,0xff,0xe5,0x01,0x0d,0xff,0xec,0x01,0x0e,0xff,0xe5,0x01,0x20,0xff,0xf5,0x01,0x22,0xff,0xf5,0x01,0x24,0xff,0xec,0x01,0x26,
0xff,0xec,0x01,0x28,0xff,0xec,0x01,0x2a,0xff,0xec,0x01,0x2c,0xff,0xec,0x01,0x2e,0xff,0xec,0x01,0x30,0xff,0xeb,0x01,0x32,0xff,0xec,0x01,0x3c,0xff,0xef,0x01,0x3e,
0xff,0xef,0x01,0x3f,0xff,0xec,0x01,0x40,0xff,0xe5,0x01,0x44,0xff,0xf5,0x01,0x4f,0xff,0xeb,0x01,0x51,0xff,0xeb,0x01,0x53,0xff,0xeb,0x01,0x54,0xff,0xef,0x01,0x56,
0xff,0xe5,0x01,0x57,0xff,0xe5,0x01,0x59,0xff,0xec,0x01,0x5b,0xff,0xec,0x01,0x91,0xff,0xe6,0x01,0x92,0xff,0xe1,0x01,0x95,0xff,0xee,0x01,0x97,0xff,0xe5,0x01,0x98,
0xff,0xee,0x01,0x99,0xff,0xeb,0x00,0x6e,0x00,0x05,0xff,0xb7,0x00,0x0a,0xff,0xb7,0x00,0x26,0xff,0xed,0x00,0x2a,0xff,0xec,0x00,0x32,0xff,0xec,0x00,0x34,0xff,0xec,
0x00,0x36,0xff,0xf6,0x00,0x37,0xff,0xc8,0x00,0x38,0xff,0xea,0x00,0x39,0xff,0xd3,0x00,0x3a,0xff,0xde,0x00,0x3c,0xff,0xb9,0x00,0x46,0xff,0xf6,0x00,0x48,0xff,0xf6,
0x00,0x49,0xff,0xf4,0x00,0x52,0xff,0xf6,0x00,0x57,0xff,0xf0,0x00,0x59,0xff,0xeb,0x00,0x5a,0xff,0xef,0x00,0x5c,0xff,0xea,0x00,0x88,0xff,0xed,0x00,0x93,0xff,0xec,
0x00,0x94,0xff,0xec,0x00,0x95,0xff,0xec,0x00,0x96,0xff,0xec,0x00,0x97,0xff,0xec,0x00,0x99,0xff,0xec,0x00,0x9a,0xff,0xea,0x00,0x9b,0xff,0xea,0x00,0x9c,0xff,0xea,
0x00,0x9d,0xff,0xea,0x00,0x9e,0xff,0xb9,0x00,0xa8,0xff,0xf6,0x00,0xa9,0xff,0xf6,0x00,0xaa,0xff,0xf6,0x00,0xab,0xff,0xf6,0x00,0xac,0xff,0xf6,0x00,0xb3,0xff,0xf6,
0x00,0xb4,0xff,0xf6,0x00,0xb5,0xff,0xf6,0x00,0xb6,0xff,0xf6,0x00,0xb7,0xff,0xf6,0x00,0xb9,0xff,0xf6,0x00,0xbe,0xff,0xea,0x00,0xc0,0xff,0xea,0x00,0xc7,0xff,0xed,
0x00,0xc8,0xff,0xf6,0x00,0xc9,0xff,0xed,0x00,0xca,0xff,0xf6,0x00,0xcb,0xff,0xed,0x00,0xcc,0xff,0xf6,0x00,0xcd,0xff,0xed,0x00,0xce,0xff,0xf6,0x00,0xd4,0xff,0xf6,
0x00,0xd6,0xff,0xf6,0x00,0xd8,0xff,0xf6,0x00,0xda,0xff,0xf6,0x00,0xdc,0xff,0xf6,0x00,0xdd,0xff,0xec,0x00,0xdf,0xff,0xec,0x00,0xe1,0xff,0xec,0x00,0xe3,0xff,0xec,
0x01,0x07,0xff,0xec,0x01,0x08,0xff,0xf6,0x01,0x09,0xff,0xec,0x01,0x0a,0xff,0xf6,0x01,0x0b,0xff,0xec,0x01,0x0c,0xff,0xf6,0x01,0x0d,0xff,0xec,0x01,0x0e,0xff,0xf6,
0x01,0x15,0xff,0xf6,0x01,0x17,0xff,0xf6,0x01,0x19,0xff,0xf6,0x01,0x1b,0xff,0xf6,0x01,0x1f,0xff,0xc8,0x01,0x20,0xff,0xf0,0x01,0x21,0xff,0xc8,0x01,0x22,0xff,0xf0,
0x01,0x23,0xff,0xea,0x01,0x25,0xff,0xea,0x01,0x27,0xff,0xea,0x01,0x29,0xff,0xea,0x01,0x2b,0xff,0xea,0x01,0x2d,0xff,0xea,0x01,0x2f,0xff,0xde,0x01,0x30,0xff,0xef,
0x01,0x31,0xff,0xb9,0x01,0x32,0xff,0xea,0x01,0x33,0xff,0xb9,0x01,0x3f,0xff,0xec,0x01,0x40,0xff,0xf6,0x01,0x41,0xff,0xf6,0x01,0x43,0xff,0xc8,0x01,0x44,0xff,0xf0,
0x01,0x4e,0xff,0xde,0x01,0x4f,0xff,0xef,0x01,0x50,0xff,0xde,0x01,0x51,0xff,0xef,0x01,0x52,0xff,0xde,0x01,0x53,0xff,0xef,0x01,0x56,0xff,0xf6,0x01,0x57,0xff,0xf6,
0x01,0x58,0xff,0xb9,0x01,0x59,0xff,0xea,0x01,0x5a,0xff,0xb9,0x01,0x5b,0xff,0xea,0x01,0x5f,0xff,0xbc,0x01,0x62,0xff,0xbc,0x01,0x92,0xff,0xe3,0x01,0x98,0xff,0xf5,
0x00,0x06,0x00,0x0d,0xff,0xf8,0x00,0x22,0xff,0xf3,0x00,0x39,0xff,0xe4,0x00,0x3f,0xff,0xd5,0x00,0x59,0xff,0xfa,0x01,0x7e,0xff,0xf1,0x00,0x0c,0x00,0x0c,0xff,0xed,
0x00,0x0d,0xff,0xf8,0x00,0x22,0xff,0xf0,0x00,0x39,0xff,0xe5,0x00,0x3b,0xff,0xea,0x00,0x3f,0xff,0xd8,0x00,0x40,0xff,0xe6,0x00,0x59,0xff,0xfa,0x00,0x5b,0xff,0xf8,
0x00,0x60,0xff,0xee,0x00,0x87,0xff,0xfa,0x01,0x7e,0xff,0xf1,0x00,0x03,0x00,0x39,0xff,0xf4,0x00,0x3f,0xff,0xe8,0x00,0xb1,0xff,0xf9,0x00,0x02,0x00,0xad,0x00,0x12,
0x00,0xb0,0x00,0x08,0x00,0x09,0x00,0x0c,0xff,0xf4,0x00,0x22,0xff,0xf5,0x00,0x39,0xff,0xe7,0x00,0x3b,0xff,0xfb,0x00,0x3f,0xff,0xda,0x00,0x59,0xff,0xfa,0x00,0x60,
0xff,0xf6,0x00,0x87,0xff,0xfb,0x01,0x7e,0xff,0xf4,0x00,0x47,0x00,0x0f,0xff,0xde,0x00,0x10,0xff,0xe1,0x00,0x11,0xff,0xde,0x00,0x12,0xff,0xe7,0x00,0x24,0xff,0xee,
0x00,0x2d,0xff,0xf9,0x00,0x3c,0x00,0x0d,0x00,0x46,0xff,0xfc,0x00,0x48,0xff,0xfc,0x00,0x52,0xff,0xfc,0x00,0x6d,0xff,0xe8,0x00,0x81,0xff,0xee,0x00,0x82,0xff,0xee,
0x00,0x83,0xff,0xee,0x00,0x84,0xff,0xee,0x00,0x85,0xff,0xee,0x00,0x86,0xff,0xee,0x00,0x87,0xff,0xe8,0x00,0x9e,0x00,0x0d,0x00,0xa8,0xff,0xfc,0x00,0xa9,0xff,0xfc,
0x00,0xaa,0xff,0xfc,0x00,0xab,0xff,0xfc,0x00,0xac,0xff,0xfc,0x00,0xad,0x00,0x44,0x00,0xaf,0x00,0x2c,0x00,0xb0,0x00,0x3b,0x00,0xb1,0xff,0xed,0x00,0xb3,0xff,0xfc,
0x00,0xb4,0xff,0xfc,0x00,0xb5,0xff,0xfc,0x00,0xb6,0xff,0xfc,0x00,0xb7,0xff,0xfc,0x00,0xb9,0xff,0xfc,0x00,0xc1,0xff,0xee,0x00,0xc3,0xff,0xee,0x00,0xc5,0xff,0xee,
0x00,0xc8,0xff,0xfc,0x00,0xca,0xff,0xfc,0x00,0xcc,0xff,0xfc,0x00,0xce,0xff,0xfc,0x00,0xd4,0xff,0xfc,0x00,0xd6,0xff,0xfc,0x00,0xd8,0xff,0xfc,0x00,0xda,0xff,0xfc,
0x00,0xdc,0xff,0xfc,0x00,0xea,0x00,0x30,0x00,0xec,0x00,0x19,0x00,0xee,0x00,0x27,0x00,0xf3,0xff,0xf9,0x00,0xf4,0x00,0x25,0x01,0x08,0xff,0xfc,0x01,0x0a,0xff,0xfc,
0x01,0x0c,0xff,0xfc,0x01,0x0e,0xff,0xfc,0x01,0x31,0x00,0x0d,0x01,0x33,0x00,0x0d,0x01,0x3b,0xff,0xee,0x01,0x3d,0xff,0xee,0x01,0x40,0xff,0xfc,0x01,0x55,0xff,0xee,
0x01,0x56,0xff,0xfc,0x01,0x57,0xff,0xfc,0x01,0x58,0x00,0x0d,0x01,0x5a,0x00,0x0d,0x01,0x5c,0xff,0xe1,0x01,0x5d,0xff,0xe1,0x01,0x60,0xff,0xde,0x01,0x63,0xff,0xde,
0x01,0x67,0xff,0xde,0x01,0x69,0xff,0xe8,0x00,0x05,0x00,0x39,0xff,0xfb,0x00,0x3f,0xff,0xf1,0x00,0x4d,0x00,0x18,0x00,0xb1,0xff,0xfa,0x00,0xf4,0x00,0x18,0x00,0x07,
0x00,0x0c,0xff,0xf5,0x00,0x0d,0xff,0xf8,0x00,0x22,0xff,0xf2,0x00,0x39,0xff,0xe5,0x00,0x3f,0xff,0xd8,0x00,0x59,0xff,0xfc,0x01,0x7e,0xff,0xf2,0x00,0x03,0x00,0x39,
0xff,0xf8,0x00,0x3f,0xff,0xef,0x00,0xb1,0xff,0xf4,0x00,0x02,0x00,0x78,0xff,0xc0,0x00,0xad,0x00,0x0c,0x00,0x0c,0x00,0x0c,0xff,0xec,0x00,0x0d,0xff,0xf8,0x00,0x22,
0xff,0xf1,0x00,0x39,0xff,0xe3,0x00,0x3b,0xff,0xe6,0x00,0x3f,0xff,0xd7,0x00,0x40,0xff,0xe5,0x00,0x59,0xff,0xf9,0x00,0x5b,0xff,0xf6,0x00,0x60,0xff,0xed,0x00,0x87,
0xff,0xf9,0x01,0x7e,0xff,0xf2,0x00,0x05,0x00,0x0c,0xff,0xf5,0x00,0x39,0xff,0xeb,0x00,0x3b,0xff,0xfb,0x00,0x3f,0xff,0xe4,0x01,0x7e,0xff,0xf7,0x00,0x08,0x00,0x0c,
0xff,0xf6,0x00,0x12,0xff,0xdf,0x00,0x3b,0xff,0xe3,0x00,0x3f,0xff,0xf5,0x00,0x40,0xff,0xed,0x00,0x60,0xff,0xf4,0x00,0x87,0xff,0xe1,0x00,0xb1,0xff,0xed,0x00,0x09,
0x00,0x0c,0xff,0xf3,0x00,0x39,0xff,0xee,0x00,0x3b,0xff,0xf8,0x00,0x3f,0xff,0xe3,0x00,0x40,0xff,0xee,0x00,0x59,0xff,0xfb,0x00,0x60,0xff,0xf4,0x00,0x87,0xff,0xfb,
0x01,0x7e,0xff,0xf5,0x00,0x02,0x00,0x39,0xff,0xfa,0x00,0x3f,0xff,0xef,0x00,0x6b,0x00,0x0c,0xff,0xf5,0x00,0x0f,0xff,0xe9,0x00,0x10,0xff,0xf7,0x00,0x11,0xff,0xe9,
0x00,0x12,0xff,0xee,0x00,0x24,0xff,0xf2,0x00,0x2d,0xff,0xf4,0x00,0x37,0xff,0xce,0x00,0x39,0xff,0xfa,0x00,0x3b,0xff,0xea,0x00,0x3c,0xff,0xdf,0x00,0x3d,0xff,0xf9,
0x00,0x3f,0xff,0xee,0x00,0x40,0xff,0xec,0x00,0x44,0xff,0xfa,0x00,0x46,0xff,0xf9,0x00,0x47,0xff,0xfa,0x00,0x48,0xff,0xf9,0x00,0x4a,0xff,0xf9,0x00,0x52,0xff,0xf9,
0x00,0x54,0xff,0xfa,0x00,0x56,0xff,0xfb,0x00,0x60,0xff,0xf4,0x00,0x6d,0xff,0xf6,0x00,0x81,0xff,0xf2,0x00,0x82,0xff,0xf2,0x00,0x83,0xff,0xf2,0x00,0x84,0xff,0xf2,
0x00,0x85,0xff,0xf2,0x00,0x86,0xff,0xf2,0x00,0x87,0xff,0xef,0x00,0x9e,0xff,0xdf,0x00,0xa1,0xff,0xfa,0x00,0xa2,0xff,0xfa,0x00,0xa3,0xff,0xfa,0x00,0xa4,0xff,0xfa,
0x00,0xa5,0xff,0xfa,0x00,0xa6,0xff,0xfa,0x00,0xa7,0xff,0xfa,0x00,0xa8,0xff,0xf9,0x00,0xa9,0xff,0xf9,0x00,0xaa,0xff,0xf9,0x00,0xab,0xff,0xf9,0x00,0xac,0xff,0xf9,
0x00,0xb1,0xff,0xf5,0x00,0xb3,0xff,0xf9,0x00,0xb4,0xff,0xf9,0x00,0xb5,0xff,0xf9,0x00,0xb6,0xff,0xf9,0x00,0xb7,0xff,0xf9,0x00,0xb9,0xff,0xf9,0x00,0xc1,0xff,0xf2,
0x00,0xc2,0xff,0xfa,0x00,0xc3,0xff,0xf2,0x00,0xc4,0xff,0xfa,0x00,0xc5,0xff,0xf2,0x00,0xc6,0xff,0xfa,0x00,0xc8,0xff,0xf9,0x00,0xca,0xff,0xf9,0x00,0xcc,0xff,0xf9,
0x00,0xce,0xff,0xf9,0x00,0xd0,0xff,0xfa,0x00,0xd2,0xff,0xfa,0x00,0xd4,0xff,0xf9,0x00,0xd6,0xff,0xf9,0x00,0xd8,0xff,0xf9,0x00,0xda,0xff,0xf9,0x00,0xdc,0xff,0xf9,
0x00,0xde,0xff,0xf9,0x00,0xe0,0xff,0xf9,0x00,0xe2,0xff,0xf9,0x00,0xe4,0xff,0xf9,0x00,0xf3,0xff,0xf4,0x01,0x08,0xff,0xf9,0x01,0x0a,0xff,0xf9,0x01,0x0c,0xff,0xf9,
0x01,0x0e,0xff,0xf9,0x01,0x16,0xff,0xfb,0x01,0x18,0xff,0xfb,0x01,0x1a,0xff,0xfb,0x01,0x1c,0xff,0xfb,0x01,0x1f,0xff,0xce,0x01,0x21,0xff,0xce,0x01,0x31,0xff,0xdf,
0x01,0x33,0xff,0xdf,0x01,0x34,0xff,0xf9,0x01,0x36,0xff,0xf9,0x01,0x38,0xff,0xf9,0x01,0x3b,0xff,0xf2,0x01,0x3c,0xff,0xfa,0x01,0x3d,0xff,0xf2,0x01,0x3e,0xff,0xfa,
0x01,0x40,0xff,0xf9,0x01,0x42,0xff,0xfb,0x01,0x43,0xff,0xce,0x01,0x54,0xff,0xfa,0x01,0x55,0xff,0xf2,0x01,0x56,0xff,0xf9,0x01,0x57,0xff,0xf9,0x01,0x58,0xff,0xdf,
0x01,0x5a,0xff,0xdf,0x01,0x5c,0xff,0xf7,0x01,0x5d,0xff,0xf7,0x01,0x60,0xff,0xe9,0x01,0x63,0xff,0xe9,0x01,0x67,0xff,0xe9,0x01,0x69,0xff,0xf6,0x00,0x09,0x00,0x0c,
0xff,0xf2,0x00,0x12,0xff,0xf2,0x00,0x39,0xff,0xf7,0x00,0x3b,0xff,0xe9,0x00,0x3f,0xff,0xee,0x00,0x40,0xff,0xeb,0x00,0x60,0xff,0xf1,0x00,0x87,0xff,0xf2,0x00,0xb1,
0xff,0xf9,0x00,0x39,0x00,0x10,0xff,0xe8,0x00,0x37,0xff,0xd0,0x00,0x39,0xff,0xfa,0x00,0x3c,0xff,0xe0,0x00,0x3f,0xff,0xf1,0x00,0x46,0xff,0xf6,0x00,0x47,0xff,0xf7,
0x00,0x48,0xff,0xf6,0x00,0x4a,0xff,0xf8,0x00,0x52,0xff,0xf6,0x00,0x54,0xff,0xf7,0x00,0x6d,0xff,0xeb,0x00,0x9e,0xff,0xe0,0x00,0xa8,0xff,0xf6,0x00,0xa9,0xff,0xf6,
0x00,0xaa,0xff,0xf6,0x00,0xab,0xff,0xf6,0x00,0xac,0xff,0xf6,0x00,0xb1,0xff,0xf0,0x00,0xb3,0xff,0xf6,0x00,0xb4,0xff,0xf6,0x00,0xb5,0xff,0xf6,0x00,0xb6,0xff,0xf6,
0x00,0xb7,0xff,0xf6,0x00,0xb9,0xff,0xf6,0x00,0xc8,0xff,0xf6,0x00,0xca,0xff,0xf6,0x00,0xcc,0xff,0xf6,0x00,0xce,0xff,0xf6,0x00,0xd0,0xff,0xf7,0x00,0xd2,0xff,0xf7,
0x00,0xd4,0xff,0xf6,0x00,0xd6,0xff,0xf6,0x00,0xd8,0xff,0xf6,0x00,0xda,0xff,0xf6,0x00,0xdc,0xff,0xf6,0x00,0xde,0xff,0xf8,0x00,0xe0,0xff,0xf8,0x00,0xe2,0xff,0xf8,
0x00,0xe4,0xff,0xf8,0x01,0x08,0xff,0xf6,0x01,0x0a,0xff,0xf6,0x01,0x0c,0xff,0xf6,0x01,0x0e,0xff,0xf6,0x01,0x1f,0xff,0xd0,0x01,0x21,0xff,0xd0,0x01,0x31,0xff,0xe0,
0x01,0x33,0xff,0xe0,0x01,0x40,0xff,0xf6,0x01,0x43,0xff,0xd0,0x01,0x56,0xff,0xf6,0x01,0x57,0xff,0xf6,0x01,0x58,0xff,0xe0,0x01,0x5a,0xff,0xe0,0x01,0x5c,0xff,0xe8,
0x01,0x5d,0xff,0xe8,0x01,0x69,0xff,0xeb,0x00,0x08,0x00,0x12,0xff,0xed,0x00,0x39,0xff,0xfa,0x00,0x3b,0xff,0xea,0x00,0x3f,0xff,0xee,0x00,0x40,0xff,0xed,0x00,0x60,
0xff,0xf5,0x00,0x87,0xff,0xee,0x00,0xb1,0xff,0xf3,0x00,0x03,0x00,0x39,0xff,0xf3,0x00,0x3f,0xff,0xe7,0x00,0xb1,0xff,0xfc,0x00,0x6c,0x00,0x26,0xff,0xf4,0x00,0x2a,
0xff,0xf2,0x00,0x32,0xff,0xf2,0x00,0x34,0xff,0xf2,0x00,0x44,0xff,0xf4,0x00,0x46,0xff,0xed,0x00,0x47,0xff,0xee,0x00,0x48,0xff,0xed,0x00,0x4d,0x00,0x15,0x00,0x52,
0xff,0xed,0x00,0x54,0xff,0xee,0x00,0x58,0xff,0xf1,0x00,0x59,0xff,0xf4,0x00,0x5a,0xff,0xf1,0x00,0x5c,0xff,0xf4,0x00,0x5e,0xff,0xf4,0x00,0x88,0xff,0xf4,0x00,0x93,
0xff,0xf2,0x00,0x94,0xff,0xf2,0x00,0x95,0xff,0xf2,0x00,0x96,0xff,0xf2,0x00,0x97,0xff,0xf2,0x00,0x99,0xff,0xf2,0x00,0xa1,0xff,0xf4,0x00,0xa2,0xff,0xf4,0x00,0xa3,
0xff,0xf4,0x00,0xa4,0xff,0xf4,0x00,0xa5,0xff,0xf4,0x00,0xa6,0xff,0xf4,0x00,0xa7,0xff,0xf4,0x00,0xa8,0xff,0xed,0x00,0xa9,0xff,0xed,0x00,0xaa,0xff,0xed,0x00,0xab,
0xff,0xed,0x00,0xac,0xff,0xed,0x00,0xad,0x00,0x2d,0x00,0xb0,0x00,0x25,0x00,0xb3,0xff,0xed,0x00,0xb4,0xff,0xed,0x00,0xb5,0xff,0xed,0x00,0xb6,0xff,0xed,0x00,0xb7,
0xff,0xed,0x00,0xb9,0xff,0xed,0x00,0xba,0xff,0xf1,0x00,0xbb,0xff,0xf1,0x00,0xbc,0xff,0xf1,0x00,0xbd,0xff,0xf1,0x00,0xbe,0xff,0xf4,0x00,0xc0,0xff,0xf4,0x00,0xc2,
0xff,0xf4,0x00,0xc4,0xff,0xf4,0x00,0xc6,0xff,0xf4,0x00,0xc7,0xff,0xf4,0x00,0xc8,0xff,0xed,0x00,0xc9,0xff,0xf4,0x00,0xca,0xff,0xed,0x00,0xcb,0xff,0xf4,0x00,0xcc,
0xff,0xed,0x00,0xcd,0xff,0xf4,0x00,0xce,0xff,0xed,0x00,0xd0,0xff,0xee,0x00,0xd2,0xff,0xee,0x00,0xd4,0xff,0xed,0x00,0xd6,0xff,0xed,0x00,0xd8,0xff,0xed,0x00,0xda,
0xff,0xed,0x00,0xdc,0xff,0xed,0x00,0xdd,0xff,0xf2,0x00,0xdf,0xff,0xf2,0x00,0xe1,0xff,0xf2,0x00,0xe3,0xff,0xf2,0x00,0xea,0x00,0x1b,0x00,0xee,0x00,0x18,0x00,0xf4,
0x00,0x15,0x01,0x07,0xff,0xf2,0x01,0x08,0xff,0xed,0x01,0x09,0xff,0xf2,0x01,0x0a,0xff,0xed,0x01,0x0b,0xff,0xf2,0x01,0x0c,0xff,0xed,0x01,0x0d,0xff,0xf2,0x01,0x0e,
0xff,0xed,0x01,0x24,0xff,0xf1,0x01,0x26,0xff,0xf1,0x01,0x28,0xff,0xf1,0x01,0x2a,0xff,0xf1,0x01,0x2c,0xff,0xf1,0x01,0x2e,0xff,0xf1,0x01,0x30,0xff,0xf1,0x01,0x32,
0xff,0xf4,0x01,0x3c,0xff,0xf4,0x01,0x3e,0xff,0xf4,0x01,0x3f,0xff,0xf2,0x01,0x40,0xff,0xed,0x01,0x4f,0xff,0xf1,0x01,0x51,0xff,0xf1,0x01,0x53,0xff,0xf1,0x01,0x54,
0xff,0xf4,0x01,0x56,0xff,0xed,0x01,0x57,0xff,0xed,0x01,0x59,0xff,0xf4,0x01,0x5b,0xff,0xf4,0x01,0x91,0xff,0xee,0x01,0x92,0xff,0xec,0x01,0x95,0xff,0xf2,0x01,0x97,
0xff,0xed,0x01,0x98,0xff,0xf4,0x01,0x99,0xff,0xf1,0x00,0x01,0x00,0xad,0x00,0x0f,0x00,0x03,0x00,0x0c,0xff,0xf3,0x00,0x40,0xff,0xee,0x00,0x60,0xff,0xf4,0x00,0x0a,
0x00,0x37,0xff,0xe2,0x00,0x3c,0xff,0xe5,0x00,0x9e,0xff,0xe5,0x01,0x1f,0xff,0xe2,0x01,0x21,0xff,0xe2,0x01,0x31,0xff,0xe5,0x01,0x33,0xff,0xe5,0x01,0x43,0xff,0xe2,
0x01,0x58,0xff,0xe5,0x01,0x5a,0xff,0xe5,0x00,0x01,0x00,0x39,0xff,0xf5,0x00,0x16,0x00,0x24,0xff,0xec,0x00,0x2d,0xff,0xf3,0x00,0x3c,0xff,0xed,0x00,0x81,0xff,0xec,
0x00,0x82,0xff,0xec,0x00,0x83,0xff,0xec,0x00,0x84,0xff,0xec,0x00,0x85,0xff,0xec,0x00,0x86,0xff,0xec,0x00,0x87,0xff,0xe6,0x00,0x9e,0xff,0xed,0x00,0xc1,0xff,0xec,
0x00,0xc3,0xff,0xec,0x00,0xc5,0xff,0xec,0x00,0xf3,0xff,0xf3,0x01,0x31,0xff,0xed,0x01,0x33,0xff,0xed,0x01,0x3b,0xff,0xec,0x01,0x3d,0xff,0xec,0x01,0x55,0xff,0xec,
0x01,0x58,0xff,0xed,0x01,0x5a,0xff,0xed,0x00,0x06,0x00,0x4f,0xff,0xc0,0x00,0xf8,0xff,0xc0,0x00,0xfa,0xff,0xc0,0x00,0xfc,0xff,0xc0,0x00,0xfe,0xff,0xc0,0x01,0x98,
0xff,0xee,0x00,0x05,0x00,0x39,0xff,0xe9,0x00,0x3b,0xff,0xec,0x00,0x49,0xff,0xf6,0x00,0x5b,0xff,0xeb,0x00,0xfd,0x00,0x07,0x00,0xfa,0x00,0x24,0xff,0xf0,0x00,0x25,
0xff,0xf2,0x00,0x26,0xff,0xf0,0x00,0x27,0xff,0xf2,0x00,0x28,0xff,0xf2,0x00,0x29,0xff,0xf2,0x00,0x2a,0xff,0xef,0x00,0x2b,0xff,0xf2,0x00,0x2c,0xff,0xf2,0x00,0x2e,
0xff,0xf2,0x00,0x2f,0xff,0xf2,0x00,0x30,0xff,0xf2,0x00,0x31,0xff,0xf2,0x00,0x32,0xff,0xef,0x00,0x33,0xff,0xf2,0x00,0x34,0xff,0xef,0x00,0x35,0xff,0xf2,0x00,0x36,
0xff,0xf4,0x00,0x37,0xff,0xc5,0x00,0x38,0xff,0xee,0x00,0x39,0xff,0xdf,0x00,0x3a,0xff,0xe6,0x00,0x3b,0xff,0xee,0x00,0x3c,0xff,0xc8,0x00,0x3d,0xff,0xf0,0x00,0x44,
0xff,0xec,0x00,0x45,0xff,0xee,0x00,0x46,0xff,0xea,0x00,0x47,0xff,0xea,0x00,0x48,0xff,0xea,0x00,0x49,0xff,0xec,0x00,0x4b,0xff,0xee,0x00,0x4c,0xff,0xee,0x00,0x4d,
0xff,0xee,0x00,0x4e,0xff,0xee,0x00,0x4f,0xff,0xee,0x00,0x50,0xff,0xee,0x00,0x51,0xff,0xee,0x00,0x52,0xff,0xea,0x00,0x53,0xff,0xee,0x00,0x54,0xff,0xea,0x00,0x55,
0xff,0xee,0x00,0x56,0xff,0xec,0x00,0x57,0xff,0xec,0x00,0x58,0xff,0xec,0x00,0x59,0xff,0xe8,0x00,0x5a,0xff,0xea,0x00,0x5b,0xff,0xef,0x00,0x5c,0xff,0xe7,0x00,0x5d,
0xff,0xee,0x00,0x81,0xff,0xf0,0x00,0x82,0xff,0xf0,0x00,0x83,0xff,0xf0,0x00,0x84,0xff,0xf0,0x00,0x85,0xff,0xf0,0x00,0x86,0xff,0xf0,0x00,0x87,0xff,0xef,0x00,0x88,
0xff,0xf0,0x00,0x89,0xff,0xf2,0x00,0x8a,0xff,0xf2,0x00,0x8b,0xff,0xf2,0x00,0x8c,0xff,0xf2,0x00,0x8d,0xff,0xf2,0x00,0x8e,0xff,0xf2,0x00,0x8f,0xff,0xf2,0x00,0x90,
0xff,0xf2,0x00,0x91,0xff,0xf2,0x00,0x92,0xff,0xf2,0x00,0x93,0xff,0xef,0x00,0x94,0xff,0xef,0x00,0x95,0xff,0xef,0x00,0x96,0xff,0xef,0x00,0x97,0xff,0xef,0x00,0x99,
0xff,0xef,0x00,0x9a,0xff,0xee,0x00,0x9b,0xff,0xee,0x00,0x9c,0xff,0xee,0x00,0x9d,0xff,0xee,0x00,0x9e,0xff,0xc8,0x00,0x9f,0xff,0xf2,0x00,0xa0,0xff,0xee,0x00,0xa1,
0xff,0xec,0x00,0xa2,0xff,0xec,0x00,0xa3,0xff,0xec,0x00,0xa4,0xff,0xec,0x00,0xa5,0xff,0xec,0x00,0xa6,0xff,0xec,0x00,0xa7,0xff,0xec,0x00,0xa8,0xff,0xea,0x00,0xa9,
0xff,0xea,0x00,0xaa,0xff,0xea,0x00,0xab,0xff,0xea,0x00,0xac,0xff,0xea,0x00,0xad,0xff,0xee,0x00,0xae,0xff,0xee,0x00,0xaf,0xff,0xee,0x00,0xb0,0xff,0xee,0x00,0xb1,
0xff,0xe8,0x00,0xb2,0xff,0xee,0x00,0xb3,0xff,0xea,0x00,0xb4,0xff,0xea,0x00,0xb5,0xff,0xea,0x00,0xb6,0xff,0xea,0x00,0xb7,0xff,0xea,0x00,0xb9,0xff,0xea,0x00,0xba,
0xff,0xec,0x00,0xbb,0xff,0xec,0x00,0xbc,0xff,0xec,0x00,0xbd,0xff,0xec,0x00,0xbe,0xff,0xe7,0x00,0xbf,0xff,0xee,0x00,0xc0,0xff,0xe7,0x00,0xc1,0xff,0xf0,0x00,0xc2,
0xff,0xec,0x00,0xc3,0xff,0xf0,0x00,0xc4,0xff,0xec,0x00,0xc5,0xff,0xf0,0x00,0xc6,0xff,0xec,0x00,0xc7,0xff,0xf0,0x00,0xc8,0xff,0xea,0x00,0xc9,0xff,0xf0,0x00,0xca,
0xff,0xea,0x00,0xcb,0xff,0xf0,0x00,0xcc,0xff,0xea,0x00,0xcd,0xff,0xf0,0x00,0xce,0xff,0xea,0x00,0xcf,0xff,0xf2,0x00,0xd0,0xff,0xea,0x00,0xd1,0xff,0xf2,0x00,0xd2,
0xff,0xea,0x00,0xd3,0xff,0xf2,0x00,0xd4,0xff,0xea,0x00,0xd5,0xff,0xf2,0x00,0xd6,0xff,0xea,0x00,0xd7,0xff,0xf2,0x00,0xd8,0xff,0xea,0x00,0xd9,0xff,0xf2,0x00,0xda,
0xff,0xea,0x00,0xdb,0xff,0xf2,0x00,0xdc,0xff,0xea,0x00,0xdd,0xff,0xef,0x00,0xdf,0xff,0xef,0x00,0xe1,0xff,0xef,0x00,0xe3,0xff,0xef,0x00,0xe5,0xff,0xf2,0x00,0xe6,
0xff,0xee,0x00,0xe7,0xff,0xf2,0x00,0xe8,0xff,0xee,0x00,0xe9,0xff,0xf2,0x00,0xea,0xff,0xee,0x00,0xeb,0xff,0xf2,0x00,0xec,0xff,0xee,0x00,0xed,0xff,0xf2,0x00,0xee,
0xff,0xee,0x00,0xef,0xff,0xf2,0x00,0xf0,0xff,0xf5,0x00,0xf1,0xff,0xf2,0x00,0xf2,0xff,0xee,0x00,0xf4,0xff,0xee,0x00,0xf5,0xff,0xf2,0x00,0xf6,0xff,0xee,0x00,0xf7,
0xff,0xf2,0x00,0xf8,0xff,0xee,0x00,0xf9,0xff,0xf2,0x00,0xfa,0xff,0xee,0x00,0xfb,0xff,0xf2,0x00,0xfc,0xff,0xee,0x00,0xfd,0xff,0xf2,0x00,0xfe,0xff,0xee,0x00,0xff,
0xff,0xf2,0x01,0x00,0xff,0xee,0x01,0x01,0xff,0xf2,0x01,0x02,0xff,0xee,0x01,0x03,0xff,0xf2,0x01,0x04,0xff,0xee,0x01,0x05,0xff,0xf2,0x01,0x06,0xff,0xee,0x01,0x07,
0xff,0xef,0x01,0x08,0xff,0xea,0x01,0x09,0xff,0xef,0x01,0x0a,0xff,0xea,0x01,0x0b,0xff,0xef,0x01,0x0c,0xff,0xea,0x01,0x0d,0xff,0xef,0x01,0x0e,0xff,0xea,0x01,0x0f,
0xff,0xf2,0x01,0x10,0xff,0xee,0x01,0x11,0xff,0xf2,0x01,0x12,0xff,0xee,0x01,0x13,0xff,0xf2,0x01,0x14,0xff,0xee,0x01,0x15,0xff,0xf4,0x01,0x16,0xff,0xec,0x01,0x17,
0xff,0xf4,0x01,0x18,0xff,0xec,0x01,0x19,0xff,0xf4,0x01,0x1a,0xff,0xec,0x01,0x1b,0xff,0xf4,0x01,0x1c,0xff,0xec,0x01,0x1f,0xff,0xc5,0x01,0x20,0xff,0xec,0x01,0x21,
0xff,0xc5,0x01,0x22,0xff,0xec,0x01,0x23,0xff,0xee,0x01,0x24,0xff,0xec,0x01,0x25,0xff,0xee,0x01,0x26,0xff,0xec,0x01,0x27,0xff,0xee,0x01,0x28,0xff,0xec,0x01,0x29,
0xff,0xee,0x01,0x2a,0xff,0xec,0x01,0x2b,0xff,0xee,0x01,0x2c,0xff,0xec,0x01,0x2d,0xff,0xee,0x01,0x2e,0xff,0xec,0x01,0x2f,0xff,0xe6,0x01,0x30,0xff,0xea,0x01,0x31,
0xff,0xc8,0x01,0x32,0xff,0xe7,0x01,0x33,0xff,0xc8,0x01,0x34,0xff,0xf0,0x01,0x35,0xff,0xee,0x01,0x36,0xff,0xf0,0x01,0x37,0xff,0xee,0x01,0x38,0xff,0xf0,0x01,0x39,
0xff,0xee,0x01,0x3b,0xff,0xf0,0x01,0x3c,0xff,0xec,0x01,0x3d,0xff,0xf0,0x01,0x3e,0xff,0xec,0x01,0x3f,0xff,0xef,0x01,0x40,0xff,0xea,0x01,0x41,0xff,0xf4,0x01,0x42,
0xff,0xec,0x01,0x43,0xff,0xc5,0x01,0x44,0xff,0xec,0x01,0x4e,0xff,0xe6,0x01,0x4f,0xff,0xea,0x01,0x50,0xff,0xe6,0x01,0x51,0xff,0xea,0x01,0x52,0xff,0xe6,0x01,0x53,
0xff,0xea,0x01,0x54,0xff,0xec,0x01,0x55,0xff,0xf0,0x01,0x56,0xff,0xea,0x01,0x57,0xff,0xea,0x01,0x58,0xff,0xc8,0x01,0x59,0xff,0xe7,0x01,0x5a,0xff,0xc8,0x01,0x5b,
0xff,0xe7,0x00,0x06,0x00,0x49,0xff,0xfa,0x00,0xad,0x00,0x08,0x00,0xb1,0xff,0xf8,0x01,0xa1,0x00,0x29,0x01,0xa3,0x00,0x28,0x01,0xa5,0x00,0x25,0x00,0x06,0x00,0x49,
0xff,0xfa,0x00,0xad,0x00,0x08,0x00,0xb1,0xff,0xf8,0x01,0xa1,0x00,0x1e,0x01,0xa3,0x00,0x16,0x01,0xa5,0x00,0x13,0x00,0x32,0x00,0x0c,0xff,0xef,0x00,0x0f,0xff,0xed,
0x00,0x11,0xff,0xed,0x00,0x12,0xff,0xe9,0x00,0x24,0xff,0xf2,0x00,0x2d,0xff,0xf9,0x00,0x37,0xff,0xed,0x00,0x39,0xff,0xf3,0x00,0x3a,0xff,0xfb,0x00,0x3b,0xff,0xdf,
0x00,0x3c,0xff,0xdd,0x00,0x3d,0xff,0xf7,0x00,0x3f,0xff,0xe8,0x00,0x40,0xff,0xe3,0x00,0x60,0xff,0xf0,0x00,0x81,0xff,0xf2,0x00,0x82,0xff,0xf2,0x00,0x83,0xff,0xf2,
0x00,0x84,0xff,0xf2,0x00,0x85,0xff,0xf2,0x00,0x86,0xff,0xf2,0x00,0x87,0xff,0xef,0x00,0x9e,0xff,0xdd,0x00,0xc1,0xff,0xf2,0x00,0xc3,0xff,0xf2,0x00,0xc5,0xff,0xf2,
0x00,0xf3,0xff,0xf9,0x01,0x1f,0xff,0xed,0x01,0x21,0xff,0xed,0x01,0x2f,0xff,0xfb,0x01,0x31,0xff,0xdd,0x01,0x33,0xff,0xdd,0x01,0x34,0xff,0xf7,0x01,0x36,0xff,0xf7,
0x01,0x38,0xff,0xf7,0x01,0x3b,0xff,0xf2,0x01,0x3d,0xff,0xf2,0x01,0x43,0xff,0xed,0x01,0x4e,0xff,0xfb,0x01,0x50,0xff,0xfb,0x01,0x52,0xff,0xfb,0x01,0x55,0xff,0xf2,
0x01,0x58,0xff,0xdd,0x01,0x5a,0xff,0xdd,0x01,0x60,0xff,0xed,0x01,0x63,0xff,0xed,0x01,0x67,0xff,0xed,0x01,0xa1,0xff,0xee,0x01,0xa3,0xff,0xe3,0x01,0xa5,0xff,0xef,
0x00,0x3e,0x00,0x05,0xff,0xf5,0x00,0x0a,0xff,0xf5,0x00,0x0d,0xff,0xf4,0x00,0x37,0xff,0xee,0x00,0x38,0xff,0xfa,0x00,0x39,0xff,0xeb,0x00,0x3a,0xff,0xf2,0x00,0x3b,
0xff,0xfb,0x00,0x3c,0xff,0xdc,0x00,0x3f,0xff,0xeb,0x00,0x40,0xff,0xf6,0x00,0x49,0xff,0xfa,0x00,0x4a,0xff,0xfc,0x00,0x57,0xff,0xfb,0x00,0x59,0xff,0xf5,0x00,0x5a,
0xff,0xfa,0x00,0x5b,0xff,0xfc,0x00,0x5c,0xff,0xf3,0x00,0x6f,0xff,0xf4,0x00,0x9a,0xff,0xfa,0x00,0x9b,0xff,0xfa,0x00,0x9c,0xff,0xfa,0x00,0x9d,0xff,0xfa,0x00,0x9e,
0xff,0xdc,0x00,0xbe,0xff,0xf3,0x00,0xc0,0xff,0xf3,0x00,0xde,0xff,0xfc,0x00,0xe0,0xff,0xfc,0x00,0xe2,0xff,0xfc,0x00,0xe4,0xff,0xfc,0x01,0x1f,0xff,0xee,0x01,0x20,
0xff,0xfb,0x01,0x21,0xff,0xee,0x01,0x22,0xff,0xfb,0x01,0x23,0xff,0xfa,0x01,0x25,0xff,0xfa,0x01,0x27,0xff,0xfa,0x01,0x29,0xff,0xfa,0x01,0x2b,0xff,0xfa,0x01,0x2d,
0xff,0xfa,0x01,0x2f,0xff,0xf2,0x01,0x30,0xff,0xfa,0x01,0x31,0xff,0xdc,0x01,0x32,0xff,0xf3,0x01,0x33,0xff,0xdc,0x01,0x43,0xff,0xee,0x01,0x44,0xff,0xfb,0x01,0x4e,
0xff,0xf2,0x01,0x4f,0xff,0xfa,0x01,0x50,0xff,0xf2,0x01,0x51,0xff,0xfa,0x01,0x52,0xff,0xf2,0x01,0x53,0xff,0xfa,0x01,0x58,0xff,0xdc,0x01,0x59,0xff,0xf3,0x01,0x5a,
0xff,0xdc,0x01,0x5b,0xff,0xf3,0x01,0x5e,0xff,0xf2,0x01,0x5f,0xff,0xf4,0x01,0x61,0xff,0xf2,0x01,0x62,0xff,0xf4,0x01,0x7e,0xff,0xf7,0x00,0x28,0x00,0x04,0x00,0x14,
0x00,0x05,0x00,0x1f,0x00,0x0a,0x00,0x1f,0x00,0x0c,0x00,0x1b,0x00,0x0d,0x00,0x31,0x00,0x22,0x00,0x3b,0x00,0x3f,0x00,0x31,0x00,0x40,0x00,0x36,0x00,0x45,0x00,0x19,
0x00,0x4b,0x00,0x18,0x00,0x4c,0x00,0x18,0x00,0x4d,0x00,0x18,0x00,0x4e,0x00,0x18,0x00,0x4f,0x00,0x12,0x00,0x5f,0x00,0x15,0x00,0x60,0x00,0x33,0x00,0xa0,0x00,0x18,
0x00,0xad,0x00,0x12,0x00,0xae,0x00,0x18,0x00,0xaf,0x00,0x18,0x00,0xb0,0x00,0x08,0x00,0xbf,0x00,0x19,0x00,0xe6,0x00,0x18,0x00,0xe8,0x00,0x18,0x00,0xea,0x00,0x18,
0x00,0xec,0x00,0x18,0x00,0xee,0x00,0x18,0x00,0xf0,0x00,0x18,0x00,0xf2,0x00,0x18,0x00,0xf4,0x00,0x18,0x00,0xf6,0x00,0x18,0x00,0xf8,0x00,0x12,0x00,0xfa,0x00,0x12,
0x00,0xfc,0x00,0x12,0x00,0xfe,0x00,0x12,0x01,0x14,0x00,0x30,0x01,0x20,0x00,0x0d,0x01,0x5f,0x00,0x08,0x01,0x62,0x00,0x08,0x01,0x7e,0x00,0x24,0x00,0x05,0x00,0x0d,
0x00,0x21,0x00,0x22,0x00,0x1a,0x00,0xad,0x00,0x12,0x00,0xb0,0x00,0x08,0x01,0x7e,0x00,0x07,0x00,0x0b,0x00,0x05,0x00,0x06,0x00,0x0a,0x00,0x06,0x00,0x0c,0x00,0x1c,
0x00,0x0d,0x00,0x2d,0x00,0x22,0x00,0x22,0x00,0x3f,0x00,0x1f,0x00,0x40,0x00,0x1c,0x00,0x60,0x00,0x1b,0x00,0xad,0x00,0x12,0x00,0xb0,0x00,0x08,0x01,0x7e,0x00,0x0a,
0x00,0x63,0x00,0x0c,0xff,0xf0,0x00,0x12,0xff,0xf4,0x00,0x24,0xff,0xf8,0x00,0x25,0xff,0xfb,0x00,0x27,0xff,0xfb,0x00,0x28,0xff,0xfb,0x00,0x29,0xff,0xfb,0x00,0x2b,
0xff,0xfb,0x00,0x2c,0xff,0xfb,0x00,0x2d,0xff,0xf2,0x00,0x2e,0xff,0xfb,0x00,0x2f,0xff,0xfb,0x00,0x30,0xff,0xfb,0x00,0x31,0xff,0xfb,0x00,0x33,0xff,0xfb,0x00,0x35,
0xff,0xfb,0x00,0x37,0xff,0xeb,0x00,0x39,0xff,0xf2,0x00,0x3a,0xff,0xf7,0x00,0x3b,0xff,0xe5,0x00,0x3c,0xff,0xdf,0x00,0x3d,0xff,0xf5,0x00,0x3f,0xff,0xee,0x00,0x40,
0xff,0xed,0x00,0x59,0xff,0xfc,0x00,0x5b,0xff,0xfc,0x00,0x5c,0xff,0xfb,0x00,0x60,0xff,0xf2,0x00,0x81,0xff,0xf8,0x00,0x82,0xff,0xf8,0x00,0x83,0xff,0xf8,0x00,0x84,
0xff,0xf8,0x00,0x85,0xff,0xf8,0x00,0x86,0xff,0xf8,0x00,0x87,0xff,0xf6,0x00,0x89,0xff,0xfb,0x00,0x8a,0xff,0xfb,0x00,0x8b,0xff,0xfb,0x00,0x8c,0xff,0xfb,0x00,0x8d,
0xff,0xfb,0x00,0x8e,0xff,0xfb,0x00,0x8f,0xff,0xfb,0x00,0x90,0xff,0xfb,0x00,0x91,0xff,0xfb,0x00,0x92,0xff,0xfb,0x00,0x9e,0xff,0xdf,0x00,0x9f,0xff,0xfb,0x00,0xbe,
0xff,0xfb,0x00,0xc0,0xff,0xfb,0x00,0xc1,0xff,0xf8,0x00,0xc3,0xff,0xf8,0x00,0xc5,0xff,0xf8,0x00,0xcf,0xff,0xfb,0x00,0xd1,0xff,0xfb,0x00,0xd3,0xff,0xfb,0x00,0xd5,
0xff,0xfb,0x00,0xd7,0xff,0xfb,0x00,0xd9,0xff,0xfb,0x00,0xdb,0xff,0xfb,0x00,0xe5,0xff,0xfb,0x00,0xe7,0xff,0xfb,0x00,0xe9,0xff,0xfb,0x00,0xeb,0xff,0xfb,0x00,0xed,
0xff,0xfb,0x00,0xef,0xff,0xfb,0x00,0xf1,0xff,0xfb,0x00,0xf3,0xff,0xf2,0x00,0xf5,0xff,0xfb,0x00,0xf7,0xff,0xfb,0x00,0xf9,0xff,0xfb,0x00,0xfb,0xff,0xfb,0x00,0xfd,
0xff,0xfb,0x00,0xff,0xff,0xfb,0x01,0x01,0xff,0xfb,0x01,0x03,0xff,0xfb,0x01,0x05,0xff,0xfb,0x01,0x0f,0xff,0xfb,0x01,0x11,0xff,0xfb,0x01,0x13,0xff,0xfb,0x01,0x1f,
0xff,0xeb,0x01,0x21,0xff,0xeb,0x01,0x2f,0xff,0xf7,0x01,0x31,0xff,0xdf,0x01,0x32,0xff,0xfb,0x01,0x33,0xff,0xdf,0x01,0x34,0xff,0xf5,0x01,0x36,0xff,0xf5,0x01,0x38,
0xff,0xf5,0x01,0x3b,0xff,0xf8,0x01,0x3d,0xff,0xf8,0x01,0x43,0xff,0xeb,0x01,0x4e,0xff,0xf7,0x01,0x50,0xff,0xf7,0x01,0x52,0xff,0xf7,0x01,0x55,0xff,0xf8,0x01,0x58,
0xff,0xdf,0x01,0x59,0xff,0xfb,0x01,0x5a,0xff,0xdf,0x01,0x5b,0xff,0xfb,0x00,0x0b,0x00,0x0d,0xff,0xe5,0x00,0x22,0xff,0xf2,0x00,0x39,0xff,0xe5,0x00,0x3f,0xff,0xd6,
0x00,0x49,0xff,0xf8,0x00,0x4d,0x00,0x2c,0x00,0x59,0xff,0xf2,0x00,0x6f,0xff,0xee,0x00,0xb1,0xff,0xfb,0x01,0x63,0x00,0x0f,0x01,0x7e,0xff,0xe2,0x00,0x07,0x00,0x0d,
0xff,0xf8,0x00,0x22,0xff,0xf3,0x00,0x39,0xff,0xe4,0x00,0x3f,0xff,0xd5,0x00,0x4d,0x00,0x10,0x00,0x59,0xff,0xfa,0x01,0x7e,0xff,0xf1,0x00,0x13,0x00,0x04,0x00,0x0d,
0x00,0x0c,0x00,0x1d,0x00,0x0d,0x00,0x30,0x00,0x12,0xff,0xdd,0x00,0x22,0x00,0x2f,0x00,0x3f,0x00,0x2e,0x00,0x40,0x00,0x2e,0x00,0x49,0x00,0x05,0x00,0x59,0x00,0x16,
0x00,0x5b,0x00,0x17,0x00,0x5f,0x00,0x0d,0x00,0x60,0x00,0x2d,0x00,0xa0,0x00,0x17,0x00,0xa2,0x00,0x09,0x00,0xb1,0x00,0x15,0x00,0xce,0x00,0x0d,0x01,0x1c,0x00,0x11,
0x01,0x39,0x00,0x16,0x01,0x7e,0x00,0x14,0x00,0x08,0x00,0x4d,0x00,0x0b,0x00,0xad,0x00,0x2a,0x00,0xaf,0x00,0x1d,0x00,0xb0,0x00,0x20,0x00,0xb1,0xff,0xfa,0x00,0xea,
0x00,0x16,0x00,0xee,0x00,0x06,0x00,0xf4,0x00,0x15,0x00,0x04,0x00,0x0d,0x00,0x16,0x00,0x49,0xff,0xfa,0x00,0xad,0x00,0x08,0x00,0xb1,0xff,0xf8,0x00,0x04,0x00,0x49,
0xff,0xfa,0x00,0xad,0x00,0x08,0x00,0xb1,0xff,0xf8,0x01,0xa1,0x00,0x0a,0x00,0x0b,0x00,0x05,0x00,0x0b,0x00,0x0a,0x00,0x0b,0x00,0x0c,0x00,0x09,0x00,0x0d,0x00,0x1f,
0x00,0x22,0x00,0x27,0x00,0x3f,0x00,0x1f,0x00,0x40,0x00,0x22,0x00,0x60,0x00,0x21,0x00,0xad,0x00,0x12,0x00,0xb0,0x00,0x08,0x01,0x7e,0x00,0x0d,0x00,0x05,0x00,0x49,
0xff,0xfa,0x00,0xad,0x00,0x08,0x00,0xb1,0xff,0xf8,0x01,0xa1,0x00,0x24,0x01,0xa5,0x00,0x19,0x00,0x05,0x00,0x0d,0x00,0x16,0x00,0x22,0x00,0x0b,0x00,0x3f,0x00,0x08,
0x00,0xad,0x00,0x12,0x00,0xb0,0x00,0x08,0x00,0x08,0x00,0x0c,0x00,0x19,0x00,0x0d,0x00,0x0d,0x00,0x22,0x00,0x0b,0x00,0x3f,0x00,0x08,0x00,0x40,0x00,0x19,0x00,0x60,
0x00,0x18,0x00,0xad,0x00,0x12,0x00,0xb0,0x00,0x08,0x00,0x06,0x00,0x49,0xff,0xfb,0x00,0xad,0x00,0x0b,0x00,0xb1,0xff,0xf9,0x01,0xa1,0x00,0x2e,0x01,0xa3,0x00,0x2c,
0x01,0xa5,0x00,0x2a,0x00,0x07,0x00,0x05,0x00,0x08,0x00,0x0a,0x00,0x08,0x00,0x0d,0x00,0x25,0x00,0x22,0x00,0x21,0x00,0xad,0x00,0x12,0x00,0xb0,0x00,0x08,0x01,0x7e,
0x00,0x0e,0x00,0x1d,0x00,0x05,0xff,0xbf,0x00,0x0a,0xff,0xbf,0x00,0x0d,0xff,0xec,0x00,0x37,0xff,0xeb,0x00,0x39,0xff,0xea,0x00,0x3a,0xff,0xe5,0x00,0x3c,0xff,0xf8,
0x00,0x3f,0xff,0xd8,0x00,0x49,0xff,0xf8,0x00,0x59,0xff,0xe0,0x00,0x6f,0xff,0xca,0x00,0x9e,0xff,0xf8,0x01,0x1f,0xff,0xeb,0x01,0x21,0xff,0xeb,0x01,0x2f,0xff,0xe5,
0x01,0x31,0xff,0xf8,0x01,0x33,0xff,0xf8,0x01,0x43,0xff,0xeb,0x01,0x4e,0xff,0xe5,0x01,0x50,0xff,0xe5,0x01,0x52,0xff,0xe5,0x01,0x58,0xff,0xf8,0x01,0x5a,0xff,0xfc,
0x01,0x5e,0xff,0xd3,0x01,0x5f,0xff,0xcf,0x01,0x61,0xff,0xd3,0x01,0x62,0xff,0xcf,0x01,0x7e,0xff,0xc6,0x01,0x9e,0xff,0xc0,0x00,0x66,0x00,0x0d,0x00,0x1d,0x00,0x0f,
0xff,0xcc,0x00,0x10,0xff,0xc6,0x00,0x11,0xff,0xcc,0x00,0x12,0xff,0xdc,0x00,0x22,0x00,0x0e,0x00,0x3f,0x00,0x0d,0x00,0x40,0x00,0x09,0x00,0x45,0x00,0x0e,0x00,0x46,
0xff,0xf6,0x00,0x47,0xff,0xf8,0x00,0x48,0xff,0xf6,0x00,0x49,0x00,0x09,0x00,0x4a,0xff,0xfb,0x00,0x4b,0x00,0x0e,0x00,0x4c,0x00,0x0e,0x00,0x4d,0x00,0x0e,0x00,0x4e,
0x00,0x0e,0x00,0x4f,0x00,0x08,0x00,0x52,0xff,0xf6,0x00,0x54,0xff,0xf8,0x00,0x57,0x00,0x13,0x00,0x59,0x00,0x1b,0x00,0x5a,0x00,0x12,0x00,0x5b,0x00,0x1b,0x00,0x5c,
0x00,0x1a,0x00,0x60,0x00,0x08,0x00,0x6d,0xff,0xd3,0x00,0xa0,0x00,0x0e,0x00,0xa5,0x00,0x0b,0x00,0xa8,0xff,0xf6,0x00,0xa9,0xff,0xf6,0x00,0xaa,0xff,0xf6,0x00,0xab,
0xff,0xf6,0x00,0xac,0xff,0xf6,0x00,0xad,0x00,0x0e,0x00,0xae,0x00,0x0e,0x00,0xaf,0x00,0x0e,0x00,0xb0,0x00,0x0e,0x00,0xb1,0xff,0xfa,0x00,0xb3,0xff,0xf6,0x00,0xb4,
0xff,0xf6,0x00,0xb5,0xff,0xf6,0x00,0xb6,0xff,0xf6,0x00,0xb7,0xff,0xf6,0x00,0xb9,0xff,0xf6,0x00,0xbe,0x00,0x1a,0x00,0xbf,0x00,0x0e,0x00,0xc0,0x00,0x1a,0x00,0xc8,
0xff,0xf6,0x00,0xca,0xff,0xf6,0x00,0xcc,0xff,0xf6,0x00,0xce,0xff,0xf6,0x00,0xd0,0xff,0xf8,0x00,0xd2,0xff,0xf8,0x00,0xd4,0xff,0xf6,0x00,0xd6,0xff,0xf6,0x00,0xd8,
0xff,0xf6,0x00,0xda,0xff,0xf6,0x00,0xdc,0xff,0xf6,0x00,0xde,0xff,0xfb,0x00,0xe0,0xff,0xfb,0x00,0xe2,0xff,0xfb,0x00,0xe4,0xff,0xfb,0x00,0xe6,0x00,0x0e,0x00,0xe8,
0x00,0x0e,0x00,0xea,0x00,0x0e,0x00,0xec,0x00,0x0e,0x00,0xee,0x00,0x0e,0x00,0xf0,0x00,0x0e,0x00,0xf2,0x00,0x0e,0x00,0xf4,0x00,0x0e,0x00,0xf6,0x00,0x0e,0x00,0xf8,
0x00,0x08,0x00,0xfa,0x00,0x08,0x00,0xfc,0x00,0x08,0x00,0xfe,0x00,0x08,0x01,0x08,0xff,0xf6,0x01,0x0a,0xff,0xf6,0x01,0x0c,0xff,0xf6,0x01,0x0e,0xff,0xf6,0x01,0x20,
0x00,0x13,0x01,0x22,0x00,0x13,0x01,0x30,0x00,0x12,0x01,0x32,0x00,0x1a,0x01,0x40,0xff,0xf6,0x01,0x44,0x00,0x13,0x01,0x4f,0x00,0x12,0x01,0x51,0x00,0x12,0x01,0x53,
0x00,0x12,0x01,0x56,0xff,0xf6,0x01,0x57,0xff,0xf6,0x01,0x59,0x00,0x1a,0x01,0x5b,0x00,0x1a,0x01,0x5c,0xff,0xc6,0x01,0x5d,0xff,0xc6,0x01,0x5e,0x00,0x08,0x01,0x60,
0xff,0xcc,0x01,0x61,0x00,0x08,0x01,0x63,0xff,0xcc,0x01,0x67,0xff,0xcc,0x01,0x69,0xff,0xd3,0x00,0x07,0x00,0x87,0xff,0xd6,0x00,0xad,0x00,0x27,0x00,0xaf,0x00,0x0f,
0x00,0xb0,0x00,0x24,0x00,0xea,0x00,0x18,0x00,0xee,0x00,0x0b,0x00,0xf4,0x00,0x08,0x00,0x0a,0x00,0x09,0xff,0xe9,0x00,0x12,0xff,0xb7,0x00,0x23,0xff,0xe8,0x00,0x87,
0xff,0xd2,0x00,0xad,0x00,0x2b,0x00,0xaf,0x00,0x09,0x00,0xb0,0x00,0x2e,0x00,0xea,0x00,0x1e,0x00,0xec,0x00,0x0c,0x00,0xee,0x00,0x14,0x00,0x0b,0x00,0x09,0xff,0xe9,
0x00,0x12,0xff,0xb7,0x00,0x23,0xff,0xe8,0x00,0x87,0xff,0xd2,0x00,0xad,0x00,0x2b,0x00,0xaf,0x00,0x09,0x00,0xb0,0x00,0x2e,0x00,0xea,0x00,0x1e,0x00,0xec,0x00,0x0c,
0x00,0xee,0x00,0x14,0x00,0xf4,0x00,0x07,0x00,0x16,0x00,0x24,0xff,0xea,0x00,0x2d,0xff,0xf5,0x00,0x81,0xff,0xea,0x00,0x82,0xff,0xea,0x00,0x83,0xff,0xea,0x00,0x84,
0xff,0xea,0x00,0x85,0xff,0xea,0x00,0x86,0xff,0xea,0x00,0x87,0xff,0xe4,0x00,0xad,0x00,0x2d,0x00,0xaf,0x00,0x20,0x00,0xb0,0x00,0x23,0x00,0xc1,0xff,0xea,0x00,0xc3,
0xff,0xea,0x00,0xc5,0xff,0xea,0x00,0xea,0x00,0x11,0x00,0xee,0x00,0x10,0x00,0xf3,0xff,0xf5,0x00,0xf4,0x00,0x19,0x01,0x3b,0xff,0xea,0x01,0x3d,0xff,0xea,0x01,0x55,
0xff,0xea,0x00,0x06,0x00,0x05,0xff,0xef,0x00,0x0a,0xff,0xef,0x00,0x0c,0xff,0xec,0x00,0x3f,0xff,0xd7,0x00,0x40,0xff,0xe6,0x00,0x60,0xff,0xee,0x00,0x02,0x00,0x0c,
0xff,0xf6,0x00,0x3f,0xff,0xe8,0x00,0x01,0x00,0x3f,0xff,0xdd,0x00,0x04,0x00,0x0c,0xff,0xef,0x00,0x3f,0xff,0xdd,0x00,0x40,0xff,0xeb,0x00,0x60,0xff,0xf0,0x00,0x07,
0x00,0x05,0xff,0xc9,0x00,0x0a,0xff,0xc9,0x00,0x0c,0xff,0xf3,0x00,0x3f,0xff,0xc5,0x00,0x40,0xff,0xf4,0x00,0x60,0xff,0xf6,0x01,0x98,0xff,0xf0,0x00,0x04,0x00,0x0c,
0xff,0xf3,0x00,0x3f,0xff,0xeb,0x00,0x40,0xff,0xee,0x00,0x60,0xff,0xf4,0x00,0x04,0x00,0x0c,0xff,0xf2,0x00,0x3f,0xff,0xe5,0x00,0x40,0xff,0xed,0x00,0x60,0xff,0xf4,
0x00,0x0a,0x00,0x0c,0xff,0xf2,0x00,0x0f,0xff,0xdd,0x00,0x11,0xff,0xdd,0x00,0x12,0xff,0xe4,0x00,0x3f,0xff,0xf4,0x00,0x40,0xff,0xe8,0x00,0x60,0xff,0xf0,0x01,0x60,
0xff,0xdd,0x01,0x63,0xff,0xdd,0x01,0x67,0xff,0xdd,0x00,0x04,0x00,0x0c,0xff,0xf0,0x00,0x3f,0xff,0xdc,0x00,0x40,0xff,0xeb,0x00,0x60,0xff,0xf1,0x00,0x06,0x00,0x05,
0xff,0xf0,0x00,0x0a,0xff,0xf0,0x00,0x0c,0xff,0xec,0x00,0x3f,0xff,0xd8,0x00,0x40,0xff,0xe5,0x00,0x60,0xff,0xed,0x00,0x0b,0x00,0x37,0xff,0xf6,0x00,0x39,0xff,0xf1,
0x00,0x3c,0xff,0xe9,0x00,0x9e,0xff,0xe9,0x01,0x1f,0xff,0xf6,0x01,0x21,0xff,0xf6,0x01,0x31,0xff,0xe9,0x01,0x33,0xff,0xe9,0x01,0x43,0xff,0xf6,0x01,0x58,0xff,0xe9,
0x01,0x5a,0xff,0xe9,0x00,0x03,0x00,0x39,0xff,0xeb,0x00,0x3b,0xff,0xda,0x00,0x87,0xff,0xf4,0x00,0x1c,0x00,0x26,0xff,0xf2,0x00,0x2a,0xff,0xf1,0x00,0x32,0xff,0xf1,
0x00,0x34,0xff,0xf1,0x00,0x88,0xff,0xf2,0x00,0x8f,0x00,0x2e,0x00,0x90,0x00,0x1f,0x00,0x93,0xff,0xf1,0x00,0x94,0xff,0xf1,0x00,0x95,0xff,0xf1,0x00,0x96,0xff,0xf1,
0x00,0x97,0xff,0xf1,0x00,0x99,0xff,0xf1,0x00,0xc7,0xff,0xf2,0x00,0xc9,0xff,0xf2,0x00,0xcb,0xff,0xf2,0x00,0xcd,0xff,0xf2,0x00,0xdd,0xff,0xf1,0x00,0xdf,0xff,0xf1,
0x00,0xe1,0xff,0xf1,0x00,0xe3,0xff,0xf1,0x00,0xe9,0x00,0x1e,0x00,0xf3,0x00,0x17,0x01,0x07,0xff,0xf1,0x01,0x09,0xff,0xf1,0x01,0x0b,0xff,0xf1,0x01,0x0d,0xff,0xf1,
0x01,0x3f,0xff,0xf1,0x00,0x1c,0x00,0x26,0xff,0xef,0x00,0x2a,0xff,0xec,0x00,0x32,0xff,0xec,0x00,0x34,0xff,0xec,0x00,0x88,0xff,0xef,0x00,0x8f,0x00,0x29,0x00,0x90,
0x00,0x16,0x00,0x93,0xff,0xec,0x00,0x94,0xff,0xec,0x00,0x95,0xff,0xec,0x00,0x96,0xff,0xec,0x00,0x97,0xff,0xec,0x00,0x99,0xff,0xec,0x00,0xc7,0xff,0xef,0x00,0xc9,
0xff,0xef,0x00,0xcb,0xff,0xef,0x00,0xcd,0xff,0xef,0x00,0xdd,0xff,0xec,0x00,0xdf,0xff,0xec,0x00,0xe1,0xff,0xec,0x00,0xe3,0xff,0xec,0x00,0xe9,0x00,0x14,0x00,0xf3,
0x00,0x13,0x01,0x07,0xff,0xec,0x01,0x09,0xff,0xec,0x01,0x0b,0xff,0xec,0x01,0x0d,0xff,0xec,0x01,0x3f,0xff,0xec,0x00,0x1d,0x00,0x26,0xff,0xf3,0x00,0x2a,0xff,0xf2,
0x00,0x32,0xff,0xf2,0x00,0x34,0xff,0xf2,0x00,0x88,0xff,0xf3,0x00,0x8f,0x00,0x28,0x00,0x90,0x00,0x15,0x00,0x93,0xff,0xf2,0x00,0x94,0xff,0xf2,0x00,0x95,0xff,0xf2,
0x00,0x96,0xff,0xf2,0x00,0x97,0xff,0xf2,0x00,0x99,0xff,0xf2,0x00,0xc7,0xff,0xf3,0x00,0xc9,0xff,0xf3,0x00,0xcb,0xff,0xf3,0x00,0xcd,0xff,0xf3,0x00,0xdd,0xff,0xf2,
0x00,0xdf,0xff,0xf2,0x00,0xe1,0xff,0xf2,0x00,0xe3,0xff,0xf2,0x00,0xe9,0x00,0x17,0x00,0xeb,0x00,0x14,0x00,0xf3,0x00,0x12,0x01,0x07,0xff,0xf2,0x01,0x09,0xff,0xf2,
0x01,0x0b,0xff,0xf2,0x01,0x0d,0xff,0xf2,0x01,0x3f,0xff,0xf2,0x00,0x06,0x00,0x3c,0xff,0xe6,0x00,0x9e,0xff,0xe6,0x01,0x31,0xff,0xe6,0x01,0x33,0xff,0xe6,0x01,0x58,
0xff,0xe6,0x01,0x5a,0xff,0xe6,0x00,0x02,0x00,0x1a,0x00,0x05,0x00,0x05,0x00,0x00,0x00,0x09,0x00,0x0b,0x00,0x01,0x00,0x0d,0x00,0x0d,0x00,0x04,0x00,0x0f,0x00,0x12,
0x00,0x05,0x00,0x1d,0x00,0x1e,0x00,0x09,0x00,0x23,0x00,0x3f,0x00,0x0b,0x00,0x44,0x00,0x60,0x00,0x28,0x00,0x63,0x00,0x63,0x00,0x45,0x00,0x6d,0x00,0x6d,0x00,0x46,
0x00,0x6f,0x00,0x6f,0x00,0x47,0x00,0x78,0x00,0x78,0x00,0x48,0x00,0x7c,0x00,0x7c,0x00,0x49,0x00,0x80,0x00,0x97,0x00,0x4a,0x00,0x99,0x00,0xb7,0x00,0x62,0x00,0xb9,
0x01,0x1c,0x00,0x81,0x01,0x1f,0x01,0x39,0x00,0xe5,0x01,0x3b,0x01,0x44,0x01,0x00,0x01,0x4e,0x01,0x63,0x01,0x0a,0x01,0x69,0x01,0x6a,0x01,0x20,0x01,0x7e,0x01,0x7e,
0x01,0x22,0x01,0x91,0x01,0x9d,0x01,0x23,0x01,0xa0,0x01,0xa0,0x01,0x30,0x01,0xa2,0x01,0xa2,0x01,0x31,0x01,0xa4,0x01,0xa4,0x01,0x32,0x01,0xbc,0x01,0xbc,0x01,0x33,
0x01,0xc7,0x01,0xc7,0x01,0x34,0x00,0x02,0x12,0xf8,0x00,0x04,0x00,0x00,0x0b,0xe0,0x0f,0x6c,0x00,0x2a,0x00,0x24,0x00,0x00,0xff,0xf7,0xff,0xf6,0xff,0xf9,0xff,0xdb,
0xff,0xfb,0xff,0xed,0xff,0xcb,0xff,0xfb,0xff,0xf8,0xff,0xf7,0xff,0xfb,0xff,0xe7,0xff,0xe6,0xff,0xe2,0xff,0xf5,0xff,0xf4,0xff,0xf1,0x00,0x00,0x00,0x00,0x00,0x00,
0x00,0x00,0x00,0x00,0x00,0x00,0x00,0x00,0x00,0x00,0x00,0x00,0x00,0x00,0x00,0x00,0x00,0x00,0x00,0x00,0x00,0x00,0x00,0x00,0x00,0x00,0x00,0x00,0x00,0x00,0x00,0x00,
0x00,0x00,0xff,0xfa,0x00,0x00,0x00,0x00,0x00,0x00,0x00,0x00,0x00,0x00,0xff,0xfa,0xff,0xf3,0xff,0xe9,0xff,0xf8,0x00,0x00,0x00,0x00,0x00,0x00,0x00,0x00,0xff,0xf9,
0xff,0xfb,0xff,0xee,0xff,0xfa,0x00,0x00,0x00,0x00,0x00,0x00,0x00,0x00,0x00,0x00,0x00,0x00,0x00,0x00,0x00,0x00,0x00,0x00,0x00,0x00,0x00,0x00,0x00,0x00,0x00,0x00,
0x00,0x00,0x00,0x00,0x00,0x00,0x00,0x00,0x00,0x00,0x00,0x00,0x00,0x00,0xff,0xfb,0x00,0x00,0x00,0x00,0xff,0xe6,0x00,0x00,0x00,0x00,0x00,0x00,0x00,0x00,0x00,0x00,
0x00,0x00,0x00,0x00,0x00,0x00,0x00,0x00,0x00,0x00,0x00,0x00,0x00,0x00,0xff,0xf6,0xff,0xfa,0x00,0x00,0x00,0x00,0x00,0x00,0x00,0x00,0x00,0x00,0x00,0x00,0x00,0x00,
0x00,0x00,0x00,0x00,0x00,0x00,0x00,0x00,0x00,0x00,0x00,0x00,0x00,0x00,0x00,0x00,0xff,0xfb,0xff,0xfa,0x00,0x00,0x00,0x00,0x00,0x00,0x00,0x00,0x00,0x00,0xff,0xfb,
0xff,0xf4,0xff,0xf0,0xff,0xfa,0x00,0x00,0x00,0x00,0x00,0x00,0x00,0x00,0xff,0xfa,0x00,0x00,0xff,0xf2,0x00,0x00,0x00,0x00,0x00,0x00,0x00,0x00,0x00,0x00,0x00,0x00,
0x00,0x00,0x00,0x00,0x00,0x00,0x00,0x00,0x00,0x00,0x00,0x00,0x00,0x00,0x00,0x00,0x00,0x00,0x00,0x00,0x00,0x00,0x00,0x00,0x00,0x00,0x00,0x00,0x00,0x00,0x00,0x00,
0x00,0x00,0x00,0x00,0xff,0xf0,0x00,0x00,0xff,0xfa,0x00,0x00,0x00,0x00,0x00,0x00,0x00,0x00,0x00,0x00,0x00,0x00,0xff,0xfa,0xff,0xfb,0x00,0x00,0x00,0x00,0x00,0x00,
0x00,0x00,0x00,0x00,0x00,0x00,0x00,0x00,0x00,0x00,0x00,0x00,0x00,0x00,0x00,0x00,0x00,0x00,0x00,0x00,0x00,0x00,0x00,0x00,0x00,0x00,0x00,0x00,0x00,0x00,0x00,0x00,
0x00,0x00,0x00,0x00,0x00,0x00,0x00,0x00,0x00,0x00,0x00,0x00,0x00,0x00,0xff,0xfb,0xff,0xf7,0x00,0x00,0xff,0xfa,0x00,0x00,0x00,0x00,0x00,0x00,0x00,0x00,0xff,0xfa,
0x00,0x00,0x00,0x00,0x00,0x00,0x00,0x00,0x00,0x00,0x00,0x00,0x00,0x00,0x00,0x00,0x00,0x00,0x00,0x00,0x00,0x00,0x00,0x00,0x00,0x00,0x00,0x00,0x00,0x00,0x00,0x00,
0x00,0x00,0x00,0x00,0x00,0x00,0x00,0x00,0x00,0x00,0x00,0x00,0x00,0x00,0x00,0x00,0x00,0x00,0x00,0x00,0x00,0x00,0xff,0xfb,0xff,0xf8,0x00,0x00,0xff,0xfb,0x00,0x00,
0x00,0x00,0x00,0x00,0x00,0x00,0xff,0xfb,0x00,0x00,0x00,0x00,0x00,0x00,0x00,0x00,0x00,0x00,0x00,0x00,0x00,0x00,0x00,0x00,0x00,0x00,0x00,0x00,0x00,0x00,0x00,0x00,
0x00,0x00,0x00,0x00,0x00,0x00,0x00,0x00,0x00,0x00,0x00,0x00,0x00,0x00,0x00,0x00,0xff,0xfb,0xff,0xf9,0x00,0x00,0x00,0x00,0x00,0x00,0x00,0x00,0x00,0x00,0xff,0xf2,
0xff,0xef,0xff,0xe2,0xff,0xef,0x00,0x00,0x00,0x00,0x00,0x00,0xff,0xf6,0xff,0xec,0xff,0xee,0xff,0xe7,0xff,0xef,0x00,0x00,0x00,0x00,0xff,0xfb,0xff,0xef,0xff,0xf9,
0x00,0x00,0x00,0x00,0x00,0x00,0x00,0x00,0x00,0x00,0x00,0x00,0x00,0x00,0x00,0x00,0x00,0x00,0x00,0x00,0x00,0x00,0x00,0x00,0x00,0x00,0xff,0xfa,0x00,0x00,0xff,0xb4,
0xff,0xfb,0xff,0xd4,0xff,0xab,0x00,0x00,0xff,0xfb,0xff,0xc3,0x00,0x00,0xff,0xb4,0xff,0xb5,0xff,0xb4,0xff,0xf5,0xff,0xee,0xff,0xde,0xff,0xd0,0x00,0x00,0x00,0x00,
0x00,0x00,0x00,0x00,0x00,0x00,0x00,0x00,0x00,0x00,0x00,0x00,0x00,0x00,0x00,0x00,0x00,0x00,0x00,0x00,0x00,0x00,0x00,0x00,0x00,0x00,0x00,0x00,0x00,0x00,0x00,0x00,
0x00,0x00,0x00,0x00,0x00,0x00,0xff,0xf9,0x00,0x00,0x00,0x00,0xff,0xe5,0x00,0x00,0x00,0x00,0x00,0x00,0x00,0x00,0x00,0x00,0x00,0x00,0x00,0x00,0x00,0x00,0x00,0x00,
0x00,0x00,0x00,0x00,0x00,0x00,0xff,0xf6,0xff,0xfa,0x00,0x00,0x00,0x00,0x00,0x00,0x00,0x00,0x00,0x00,0x00,0x00,0x00,0x00,0x00,0x00,0x00,0x00,0x00,0x00,0x00,0x00,
0x00,0x00,0x00,0x00,0x00,0x00,0x00,0x00,0x00,0x00,0x00,0x00,0x00,0x00,0x00,0x00,0x00,0x00,0x00,0x00,0xff,0xea,0xff,0xf9,0xff,0xf9,0x00,0x00,0xff,0xf8,0x00,0x00,
0x00,0x00,0x00,0x00,0x00,0x00,0x00,0x00,0x00,0x00,0x00,0x00,0x00,0x00,0xff,0xf8,0x00,0x00,0xff,0xfb,0x00,0x00,0x00,0x00,0x00,0x00,0x00,0x00,0x00,0x00,0x00,0x00,
0x00,0x00,0x00,0x00,0x00,0x00,0x00,0x00,0x00,0x00,0x00,0x00,0x00,0x00,0x00,0x00,0x00,0x00,0x00,0x00,0x00,0x00,0x00,0x00,0x00,0x00,0x00,0x00,0xff,0xf1,0x00,0x00,
0xff,0xf9,0x00,0x00,0x00,0x00,0x00,0x00,0x00,0x00,0x00,0x00,0xff,0xfb,0xff,0xf9,0xff,0xf9,0x00,0x00,0x00,0x00,0xff,0xf8,0x00,0x00,0x00,0x00,0x00,0x00,0x00,0x00,
0x00,0x00,0x00,0x00,0x00,0x00,0x00,0x00,0x00,0x00,0x00,0x00,0x00,0x00,0x00,0x00,0x00,0x00,0x00,0x00,0x00,0x00,0x00,0x00,0x00,0x00,0xff,0xfa,0x00,0x00,0x00,0x00,
0x00,0x00,0x00,0x00,0x00,0x00,0xff,0xbd,0xff,0xb5,0xff,0xc7,0xff,0xbb,0x00,0x00,0x00,0x00,0x00,0x00,0xff,0xf6,0xff,0xce,0xff,0xce,0xff,0xc7,0xff,0xca,0xff,0xdb,
0xff,0xf9,0xff,0xb8,0xff,0xc9,0xff,0xcc,0xff,0xd0,0xff,0xd0,0xff,0xc8,0xff,0xbb,0xff,0xba,0x00,0x00,0x00,0x00,0x00,0x00,0x00,0x00,0x00,0x00,0x00,0x00,0x00,0x00,
0x00,0x00,0x00,0x00,0x00,0x00,0x00,0x00,0x00,0x00,0x00,0x00,0x00,0x00,0xff,0xfa,0xff,0xf6,0x00,0x00,0xff,0xfb,0x00,0x00,0x00,0x00,0x00,0x00,0x00,0x00,0x00,0x00,
0x00,0x00,0x00,0x00,0xff,0xfa,0xff,0xfb,0xff,0xfa,0xff,0xfb,0x00,0x00,0xff,0xfb,0x00,0x00,0x00,0x00,0xff,0xf7,0xff,0xfb,0xff,0xfb,0x00,0x00,0x00,0x00,0x00,0x00,
0x00,0x00,0x00,0x00,0x00,0x00,0x00,0x00,0x00,0x00,0x00,0x00,0x00,0x00,0x00,0x00,0x00,0x00,0x00,0x00,0x00,0x00,0xff,0xee,0xff,0xeb,0xff,0xf4,0xff,0xed,0x00,0x00,
0x00,0x00,0x00,0x00,0x00,0x00,0x00,0x00,0x00,0x00,0xff,0xf1,0xff,0xf6,0xff,0xed,0xff,0xfa,0xff,0xf1,0xff,0xf1,0xff,0xf3,0x00,0x00,0x00,0x00,0xff,0xe3,0xff,0xf2,
0xff,0xf9,0x00,0x00,0x00,0x00,0x00,0x00,0x00,0x00,0x00,0x00,0x00,0x00,0x00,0x00,0xff,0xe7,0xff,0xe4,0xff,0xee,0x00,0x00,0x00,0x00,0x00,0x00,0x00,0x00,0xff,0xbd,
0xff,0xb8,0xff,0xc5,0xff,0xbb,0x00,0x00,0x00,0x00,0x00,0x00,0xff,0xf0,0xff,0xd8,0xff,0xdd,0xff,0xc0,0xff,0xcc,0xff,0xcb,0xff,0xed,0xff,0xc1,0xff,0xc6,0xff,0xc5,
0xff,0xdb,0xff,0xdc,0xff,0xba,0xff,0xbb,0xff,0xcf,0x00,0x00,0x00,0x00,0x00,0x00,0x00,0x00,0x00,0x00,0x00,0x00,0x00,0x00,0x00,0x00,0x00,0x00,0x00,0x00,0x00,0x00,
0x00,0x00,0x00,0x00,0x00,0x00,0xff,0xf9,0xff,0xf2,0xff,0xe7,0xff,0xf8,0x00,0x00,0x00,0x00,0x00,0x00,0x00,0x00,0xff,0xf7,0xff,0xf9,0xff,0xed,0xff,0xf8,0x00,0x00,
0x00,0x00,0x00,0x00,0x00,0x00,0xff,0xfb,0x00,0x00,0x00,0x00,0x00,0x00,0x00,0x00,0x00,0x00,0x00,0x00,0x00,0x00,0x00,0x00,0x00,0x00,0x00,0x00,0x00,0x00,0x00,0x00,
0x00,0x00,0x00,0x00,0x00,0x00,0xff,0xbb,0xff,0xf7,0xff,0xed,0xff,0xbe,0x00,0x00,0x00,0x00,0x00,0x00,0x00,0x00,0x00,0x00,0x00,0x00,0xff,0xf7,0x00,0x00,0xff,0xfc,
0xff,0xf9,0x00,0x00,0x00,0x00,0x00,0x00,0x00,0x00,0x00,0x00,0x00,0x00,0x00,0x00,0x00,0x00,0x00,0x00,0x00,0x00,0x00,0x00,0x00,0x00,0x00,0x00,0x00,0x00,0x00,0x00,
0x00,0x00,0x00,0x00,0x00,0x00,0x00,0x00,0x00,0x00,0x00,0x00,0xff,0xfb,0xff,0xbc,0xff,0xfb,0xff,0xef,0xff,0xbd,0x00,0x00,0x00,0x00,0x00,0x00,0x00,0x00,0x00,0x00,
0x00,0x00,0xff,0xf4,0x00,0x00,0x00,0x00,0xff,0xf8,0x00,0x00,0x00,0x00,0xff,0xfb,0xff,0xf6,0x00,0x00,0x00,0x00,0x00,0x00,0x00,0x00,0x00,0x00,0x00,0x00,0x00,0x00,
0x00,0x00,0xff,0xfb,0xff,0xf7,0x00,0x00,0x00,0x00,0x00,0x00,0x00,0x00,0x00,0x00,0x00,0x00,0x00,0x00,0x00,0x00,0xff,0xb6,0x00,0x00,0xff,0xfb,0xff,0xd0,0x00,0x00,
0xff,0xfc,0x00,0x00,0xff,0xfc,0x00,0x00,0x00,0x00,0x00,0x00,0x00,0x00,0x00,0x00,0x00,0x00,0xff,0xef,0x00,0x00,0x00,0x00,0x00,0x00,0x00,0x00,0xff,0xf3,0x00,0x00,
0x00,0x00,0x00,0x00,0x00,0x00,0x00,0x00,0x00,0x00,0x00,0x00,0x00,0x00,0x00,0x00,0x00,0x00,0x00,0x00,0x00,0x00,0x00,0x00,0x00,0x00,0x00,0x00,0x00,0x00,0xff,0xd0,
0x00,0x00,0x00,0x00,0xff,0xdb,0x00,0x00,0x00,0x00,0x00,0x00,0x00,0x00,0x00,0x00,0x00,0x00,0x00,0x00,0x00,0x00,0x00,0x00,0x00,0x00,0x00,0x00,0x00,0x00,0x00,0x00,
0x00,0x00,0x00,0x00,0x00,0x00,0x00,0x00,0x00,0x00,0x00,0x00,0x00,0x00,0x00,0x00,0x00,0x00,0x00,0x00,0x00,0x00,0x00,0x00,0x00,0x00,0x00,0x00,0x00,0x00,0x00,0x00,
0x00,0x00,0x00,0x00,0x00,0x00,0xff,0xb7,0xff,0xfb,0xff,0xf1,0xff,0xb1,0x00,0x00,0x00,0x00,0x00,0x00,0x00,0x00,0x00,0x00,0x00,0x00,0xff,0xf7,0x00,0x00,0x00,0x00,
0xff,0xf8,0x00,0x00,0x00,0x00,0x00,0x00,0x00,0x00,0x00,0x00,0x00,0x00,0x00,0x00,0x00,0x00,0x00,0x00,0x00,0x00,0x00,0x00,0x00,0x00,0x00,0x00,0xff,0xfb,0x00,0x00,
0x00,0x00,0x00,0x00,0x00,0x00,0x00,0x00,0x00,0x00,0x00,0x00,0x00,0x00,0xff,0xce,0x00,0x00,0x00,0x00,0xff,0xe0,0x00,0x00,0x00,0x00,0x00,0x00,0x00,0x00,0x00,0x00,
0x00,0x00,0x00,0x00,0x00,0x00,0x00,0x00,0x00,0x00,0xff,0xf6,0x00,0x00,0x00,0x00,0x00,0x00,0x00,0x00,0xff,0xf6,0x00,0x00,0x00,0x00,0x00,0x00,0x00,0x00,0x00,0x00,
0x00,0x00,0x00,0x00,0x00,0x00,0x00,0x00,0x00,0x00,0x00,0x00,0x00,0x00,0x00,0x00,0x00,0x00,0x00,0x00,0x00,0x00,0xff,0xcd,0x00,0x00,0x00,0x00,0xff,0xda,0x00,0x00,
0x00,0x00,0x00,0x00,0x00,0x00,0x00,0x00,0x00,0x00,0x00,0x00,0x00,0x00,0x00,0x00,0x00,0x00,0x00,0x00,0x00,0x00,0x00,0x00,0x00,0x00,0x00,0x00,0x00,0x00,0x00,0x00,
0x00,0x00,0x00,0x00,0x00,0x00,0x00,0x00,0x00,0x00,0x00,0x00,0x00,0x00,0x00,0x00,0x00,0x00,0x00,0x00,0x00,0x00,0x00,0x00,0x00,0x00,0x00,0x00,0x00,0x00,0xff,0xc9,
0x00,0x00,0xff,0xf2,0xff,0xc8,0x00,0x00,0x00,0x00,0x00,0x00,0x00,0x00,0x00,0x00,0xff,0xed,0xff,0xe8,0x00,0x00,0x00,0x00,0xff,0xf5,0x00,0x00,0x00,0x00,0x00,0x00,
0x00,0x00,0x00,0x00,0x00,0x00,0x00,0x00,0x00,0x00,0x00,0x00,0x00,0x00,0x00,0x00,0xff,0xf4,0x00,0x00,0x00,0x00,0x00,0x00,0x00,0x00,0x00,0x00,0x00,0x00,0x00,0x00,
0x00,0x00,0x00,0x00,0xff,0xee,0xff,0xc7,0x00,0x00,0xff,0xf1,0xff,0xc0,0x00,0x00,0x00,0x00,0x00,0x00,0x00,0x00,0x00,0x00,0xff,0xc9,0xff,0xc4,0xff,0xf7,0x00,0x00,
0xff,0xf6,0x00,0x00,0x00,0x00,0x00,0x00,0xff,0xef,0x00,0x00,0x00,0x00,0x00,0x00,0x00,0x00,0x00,0x00,0x00,0x00,0x00,0x00,0xff,0xf1,0x00,0x00,0xff,0xec,0x00,0x00,
0x00,0x00,0x00,0x00,0x00,0x00,0x00,0x00,0x00,0x00,0x00,0x00,0xff,0xf1,0xff,0xc7,0x00,0x00,0xff,0xf4,0xff,0xc6,0x00,0x00,0x00,0x00,0x00,0x00,0x00,0x00,0x00,0x00,
0x00,0x00,0x00,0x00,0x00,0x00,0x00,0x00,0x00,0x00,0x00,0x00,0x00,0x00,0xff,0xf7,0xff,0xef,0x00,0x00,0x00,0x00,0x00,0x00,0x00,0x00,0x00,0x00,0x00,0x00,0x00,0x00,
0x00,0x00,0x00,0x00,0xff,0xe7,0x00,0x00,0x00,0x00,0x00,0x00,0x00,0x00,0x00,0x00,0x00,0x00,0x00,0x00,0x00,0x00,0xff,0xca,0xff,0xfb,0x00,0x00,0xff,0xdc,0xff,0xf9,
0xff,0xf9,0x00,0x00,0xff,0xf7,0x00,0x00,0x00,0x00,0x00,0x00,0x00,0x00,0x00,0x00,0x00,0x00,0xff,0xe9,0x00,0x00,0x00,0x00,0x00,0x00,0x00,0x00,0xff,0xec,0x00,0x00,
0x00,0x00,0x00,0x00,0x00,0x00,0x00,0x00,0x00,0x00,0x00,0x00,0x00,0x00,0x00,0x00,0x00,0x00,0x00,0x00,0x00,0x00,0x00,0x00,0x00,0x00,0x00,0x00,0x00,0x00,0x00,0x00,
0x00,0x00,0x00,0x00,0x00,0x00,0xff,0xf4,0xff,0xf7,0x00,0x00,0xff,0xf2,0x00,0x00,0x00,0x00,0x00,0x19,0x00,0x16,0x00,0x0d,0x00,0x15,0xff,0xca,0x00,0x00,0x00,0x00,
0x00,0x00,0x00,0x00,0xff,0xd4,0x00,0x00,0x00,0x00,0x00,0x00,0xff,0xcb,0xff,0xfc,0x00,0x00,0x00,0x00,0x00,0x00,0x00,0x33,0x00,0x33,0x00,0x33,0x00,0x2d,0x00,0x00,
0x00,0x00,0x00,0x00,0xff,0xfb,0xff,0xb9,0xff,0xf9,0xff,0xef,0xff,0xbd,0x00,0x00,0x00,0x00,0x00,0x00,0x00,0x00,0x00,0x00,0x00,0x00,0xff,0xf6,0x00,0x00,0xff,0xfc,
0xff,0xfb,0x00,0x00,0x00,0x00,0x00,0x00,0x00,0x00,0x00,0x00,0x00,0x00,0x00,0x00,0x00,0x00,0x00,0x00,0x00,0x00,0x00,0x00,0x00,0x00,0x00,0x00,0xff,0xf9,0x00,0x00,
0x00,0x00,0x00,0x00,0x00,0x00,0x00,0x00,0x00,0x00,0x00,0x00,0xff,0xf9,0xff,0xb9,0xff,0xfb,0xff,0xed,0xff,0xbb,0x00,0x00,0x00,0x00,0x00,0x00,0x00,0x00,0x00,0x00,
0x00,0x00,0xff,0xf5,0x00,0x00,0x00,0x00,0xff,0xf7,0x00,0x00,0x00,0x00,0xff,0xfb,0xff,0xf5,0x00,0x00,0x00,0x00,0x00,0x00,0x00,0x00,0x00,0x00,0x00,0x00,0x00,0x00,
0x00,0x00,0xff,0xfa,0xff,0xf6,0x00,0x00,0x00,0x00,0x00,0x00,0x00,0x00,0x00,0x00,0x00,0x00,0x00,0x00,0x00,0x00,0xff,0xc7,0xff,0xf7,0xff,0xe3,0xff,0xba,0x00,0x00,
0x00,0x00,0x00,0x00,0x00,0x00,0xff,0x8d,0xff,0x89,0xff,0x83,0xff,0xf2,0xff,0xef,0xff,0xe7,0x00,0x00,0x00,0x00,0x00,0x00,0x00,0x00,0x00,0x00,0x00,0x00,0x00,0x00,
0x00,0x00,0x00,0x00,0x00,0x00,0x00,0x00,0x00,0x00,0x00,0x00,0x00,0x00,0x00,0x00,0x00,0x00,0x00,0x00,0x00,0x00,0x00,0x00,0x00,0x00,0x00,0x00,0x00,0x00,0x00,0x00,
0x00,0x00,0x00,0x00,0x00,0x00,0xff,0xef,0xff,0xf3,0x00,0x00,0xff,0xf1,0x00,0x00,0x00,0x00,0x00,0x00,0x00,0x00,0x00,0x00,0x00,0x00,0x00,0x00,0x00,0x00,0xff,0xdf,
0xff,0xf5,0x00,0x00,0x00,0x00,0x00,0x00,0x00,0x00,0x00,0x00,0xff,0x7f,0xff,0xf6,0x00,0x00,0x00,0x00,0x00,0x00,0x00,0x00,0x00,0x00,0x00,0x00,0x00,0x00,0x00,0x00,
0x00,0x00,0xff,0xf6,0x00,0x00,0x00,0x00,0x00,0x00,0x00,0x00,0x00,0x00,0xff,0xe7,0xff,0xec,0x00,0x00,0xff,0xe9,0x00,0x00,0x00,0x00,0x00,0x00,0x00,0x00,0x00,0x00,
0x00,0x00,0xff,0xb5,0x00,0x00,0xff,0xdb,0xff,0xf5,0xff,0xf3,0xff,0xd2,0xff,0xf8,0xff,0xf4,0xff,0xf3,0xff,0x75,0xff,0xef,0x00,0x00,0x00,0x00,0x00,0x00,0x00,0x00,
0x00,0x00,0x00,0x00,0x00,0x00,0x00,0x00,0x00,0x00,0x00,0x00,0x00,0x00,0x00,0x00,0x00,0x00,0x00,0x00,0x00,0x00,0xff,0xf3,0xff,0xf8,0x00,0x00,0xff,0xf5,0x00,0x00,
0x00,0x00,0x00,0x00,0x00,0x00,0x00,0x00,0x00,0x00,0xff,0xc3,0x00,0x00,0xff,0xe2,0xff,0xf4,0x00,0x00,0xff,0xe4,0x00,0x00,0x00,0x00,0x00,0x00,0xff,0x83,0x00,0x00,
0x00,0x00,0x00,0x00,0x00,0x00,0x00,0x00,0x00,0x00,0x00,0x00,0x00,0x00,0x00,0x00,0x00,0x00,0x00,0x00,0x00,0x00,0xff,0xd5,0x00,0x00,0x00,0x00,0xff,0xe8,0x00,0x00,
0x00,0x00,0x00,0x00,0x00,0x00,0x00,0x00,0x00,0x00,0x00,0x00,0x00,0x00,0x00,0x00,0x00,0x00,0xff,0xe6,0x00,0x00,0xff,0xe9,0xff,0xf1,0x00,0x00,0xff,0xe7,0x00,0x00,
0x00,0x00,0x00,0x00,0xff,0xcd,0x00,0x00,0x00,0x00,0x00,0x00,0xff,0xf8,0x00,0x00,0x00,0x00,0x00,0x00,0x00,0x00,0x00,0x00,0x00,0x00,0x00,0x00,0x00,0x00,0xff,0xba,
0x00,0x00,0xff,0xf5,0xff,0xcd,0x00,0x00,0x00,0x00,0x00,0x00,0x00,0x00,0x00,0x00,0x00,0x00,0x00,0x00,0x00,0x00,0x00,0x00,0xff,0xf9,0x00,0x00,0x00,0x00,0x00,0x00,
0x00,0x00,0x00,0x00,0x00,0x00,0x00,0x00,0x00,0x00,0x00,0x00,0x00,0x00,0x00,0x00,0x00,0x00,0x00,0x00,0x00,0x00,0x00,0x00,0x00,0x00,0x00,0x00,0x00,0x00,0x00,0x00,
0x00,0x00,0x00,0x00,0x00,0x00,0xff,0xd1,0x00,0x00,0x00,0x00,0xff,0xdf,0x00,0x00,0x00,0x00,0x00,0x00,0x00,0x00,0x00,0x00,0x00,0x00,0x00,0x00,0x00,0x00,0x00,0x00,
0x00,0x00,0x00,0x00,0x00,0x00,0x00,0x00,0x00,0x00,0x00,0x00,0xff,0xf6,0x00,0x00,0x00,0x00,0x00,0x00,0x00,0x00,0x00,0x00,0x00,0x00,0x00,0x00,0x00,0x00,0x00,0x00,
0x00,0x00,0x00,0x00,0x00,0x00,0x00,0x00,0x00,0x00,0x00,0x00,0x00,0x00,0xff,0xcb,0xff,0xfb,0xff,0xf3,0xff,0xc5,0x00,0x00,0x00,0x00,0x00,0x00,0x00,0x00,0x00,0x00,
0x00,0x00,0x00,0x00,0x00,0x00,0x00,0x00,0x00,0x00,0x00,0x00,0x00,0x00,0x00,0x00,0x00,0x00,0x00,0x00,0x00,0x00,0x00,0x00,0x00,0x00,0x00,0x00,0x00,0x00,0x00,0x00,
0x00,0x00,0x00,0x00,0xff,0xfb,0x00,0x00,0x00,0x00,0x00,0x00,0x00,0x00,0x00,0x00,0x00,0x00,0x00,0x00,0x00,0x00,0xff,0xce,0x00,0x00,0x00,0x00,0xff,0xd8,0x00,0x00,
0xff,0xfc,0x00,0x00,0x00,0x00,0x00,0x00,0x00,0x00,0x00,0x00,0x00,0x00,0x00,0x00,0x00,0x00,0x00,0x00,0x00,0x00,0xff,0xf4,0xff,0xf3,0x00,0x00,0x00,0x00,0x00,0x00,
0x00,0x00,0x00,0x00,0xff,0xef,0x00,0x00,0x00,0x00,0xff,0xfa,0xff,0xf6,0x00,0x00,0x00,0x00,0x00,0x00,0x00,0x00,0x00,0x00,0x00,0x00,0x00,0x00,0x00,0x00,0xff,0xce,
0x00,0x00,0x00,0x00,0xff,0xde,0xff,0xf8,0xff,0xf7,0x00,0x00,0xff,0xf8,0x00,0x00,0x00,0x00,0x00,0x00,0x00,0x00,0x00,0x00,0x00,0x00,0xff,0xf6,0x00,0x00,0xff,0xf1,
0xff,0xf4,0xff,0xf8,0xff,0xf5,0x00,0x00,0x00,0x00,0x00,0x00,0xff,0xe6,0xff,0xf9,0x00,0x00,0x00,0x00,0xff,0xf8,0x00,0x00,0x00,0x00,0x00,0x00,0x00,0x00,0x00,0x00,
0x00,0x00,0x00,0x00,0x00,0x00,0xff,0xb9,0xff,0xfb,0xff,0xf9,0xff,0xce,0x00,0x00,0x00,0x00,0x00,0x00,0x00,0x00,0x00,0x00,0x00,0x00,0x00,0x00,0x00,0x00,0x00,0x00,
0x00,0x00,0xff,0xf1,0x00,0x00,0x00,0x00,0x00,0x00,0x00,0x00,0xff,0xf4,0x00,0x00,0x00,0x00,0x00,0x00,0x00,0x00,0x00,0x00,0x00,0x00,0x00,0x00,0x00,0x00,0x00,0x00,
0x00,0x00,0x00,0x00,0x00,0x00,0x00,0x01,0x00,0x05,0x01,0xc3,0x00,0x22,0x00,0x00,0x00,0x00,0x00,0x00,0x00,0x00,0x00,0x22,0x00,0x00,0x00,0x00,0x00,0x00,0x00,0x00,
0x00,0x1f,0x00,0x19,0x00,0x1f,0x00,0x00,0x00,0x00,0x00,0x00,0x00,0x00,0x00,0x00,0x00,0x00,0x00,0x00,0x00,0x00,0x00,0x00,0x00,0x00,0x00,0x00,0x00,0x14,0x00,0x14,
0x00,0x00,0x00,0x00,0x00,0x00,0x00,0x00,0x00,0x00,0x00,0x00,0x00,0x00,0x00,0x01,0x00,0x02,0x00,0x03,0x00,0x00,0x00,0x04,0x00,0x05,0x00,0x05,0x00,0x06,0x00,0x07,
0x00,0x08,0x00,0x05,0x00,0x05,0x00,0x09,0x00,0x00,0x00,0x09,0x00,0x0a,0x00,0x0b,0x00,0x0c,0x00,0x0d,0x00,0x00,0x00,0x0e,0x00,0x00,0x00,0x0f,0x00,0x10,0x00,0x00,
0x00,0x00,0x00,0x00,0x00,0x00,0x00,0x00,0x00,0x00,0x00,0x11,0x00,0x12,0x00,0x13,0x00,0x00,0x00,0x15,0x00,0x00,0x00,0x16,0x00,0x1d,0x00,0x00,0x00,0x00,0x00,0x1b,
0x00,0x00,0x00,0x1d,0x00,0x1d,0x00,0x1e,0x00,0x12,0x00,0x26,0x00,0x23,0x00,0x24,0x00,0x25,0x00,0x26,0x00,0x00,0x00,0x27,0x00,0x00,0x00,0x28,0x00,0x29,0x00,0x00,
0x00,0x00,0x00,0x00,0x00,0x00,0x00,0x00,0x00,0x00,0x00,0x00,0x00,0x00,0x00,0x00,0x00,0x00,0x00,0x00,0x00,0x00,0x00,0x00,0x00,0x00,0x00,0x00,0x00,0x17,0x00,0x00,
0x00,0x00,0x00,0x00,0x00,0x00,0x00,0x00,0x00,0x00,0x00,0x00,0x00,0x00,0x00,0x00,0x00,0x00,0x00,0x00,0x00,0x00,0x00,0x00,0x00,0x00,0x00,0x18,0x00,0x00,0x00,0x00,
0x00,0x00,0x00,0x00,0x00,0x00,0x00,0x00,0x00,0x00,0x00,0x00,0x00,0x00,0x00,0x00,0x00,0x03,0x00,0x01,0x00,0x03,0x00,0x03,0x00,0x03,0x00,0x03,0x00,0x05,0x00,0x05,
0x00,0x05,0x00,0x05,0x00,0x02,0x00,0x05,0x00,0x09,0x00,0x09,0x00,0x09,0x00,0x09,0x00,0x09,0x00,0x00,0x00,0x09,0x00,0x0d,0x00,0x0d,0x00,0x0d,0x00,0x0d,0x00,0x0f,
0x00,0x00,0x00,0x00,0x00,0x11,0x00,0x11,0x00,0x11,0x00,0x11,0x00,0x11,0x00,0x11,0x00,0x15,0x00,0x13,0x00,0x15,0x00,0x15,0x00,0x15,0x00,0x15,0x00,0x00,0x00,0x00,
0x00,0x00,0x00,0x00,0x00,0x00,0x00,0x1d,0x00,0x1e,0x00,0x1e,0x00,0x1e,0x00,0x1e,0x00,0x1e,0x00,0x00,0x00,0x1e,0x00,0x26,0x00,0x26,0x00,0x26,0x00,0x26,0x00,0x28,
0x00,0x12,0x00,0x28,0x00,0x00,0x00,0x11,0x00,0x00,0x00,0x11,0x00,0x00,0x00,0x11,0x00,0x01,0x00,0x13,0x00,0x01,0x00,0x13,0x00,0x01,0x00,0x13,0x00,0x01,0x00,0x13,
0x00,0x02,0x00,0x1c,0x00,0x02,0x00,0x00,0x00,0x03,0x00,0x15,0x00,0x03,0x00,0x15,0x00,0x03,0x00,0x15,0x00,0x03,0x00,0x15,0x00,0x03,0x00,0x15,0x00,0x04,0x00,0x16,
0x00,0x04,0x00,0x16,0x00,0x04,0x00,0x16,0x00,0x04,0x00,0x16,0x00,0x05,0x00,0x1d,0x00,0x05,0x00,0x1d,0x00,0x05,0x00,0x00,0x00,0x05,0x00,0x00,0x00,0x05,0x00,0x00,
0x00,0x05,0x00,0x00,0x00,0x05,0x00,0x00,0x00,0x06,0x00,0x00,0x00,0x07,0x00,0x1b,0x00,0x08,0x00,0x00,0x00,0x08,0x00,0x00,0x00,0x08,0x00,0x1c,0x00,0x08,0x00,0x00,
0x00,0x05,0x00,0x1d,0x00,0x05,0x00,0x1d,0x00,0x05,0x00,0x1d,0x00,0x05,0x00,0x1d,0x00,0x09,0x00,0x1e,0x00,0x09,0x00,0x1e,0x00,0x09,0x00,0x1e,0x00,0x03,0x00,0x15,
0x00,0x0a,0x00,0x23,0x00,0x0a,0x00,0x23,0x00,0x0a,0x00,0x23,0x00,0x0b,0x00,0x24,0x00,0x0b,0x00,0x24,0x00,0x0b,0x00,0x24,0x00,0x0b,0x00,0x24,0x00,0x00,0x00,0x00,
0x00,0x0c,0x00,0x00,0x00,0x0c,0x00,0x25,0x00,0x0d,0x00,0x26,0x00,0x0d,0x00,0x26,0x00,0x0d,0x00,0x26,0x00,0x0d,0x00,0x26,0x00,0x0d,0x00,0x26,0x00,0x0d,0x00,0x26,
0x00,0x0e,0x00,0x27,0x00,0x0f,0x00,0x28,0x00,0x0f,0x00,0x10,0x00,0x29,0x00,0x10,0x00,0x29,0x00,0x10,0x00,0x29,0x00,0x00,0x00,0x00,0x00,0x11,0x00,0x03,0x00,0x15,
0x00,0x09,0x00,0x1e,0x00,0x0b,0x00,0x24,0x00,0x0c,0x00,0x25,0x00,0x00,0x00,0x00,0x00,0x00,0x00,0x00,0x00,0x00,0x00,0x00,0x00,0x00,0x00,0x00,0x00,0x00,0x00,0x0e,
0x00,0x27,0x00,0x0e,0x00,0x27,0x00,0x0e,0x00,0x27,0x00,0x11,0x00,0x00,0x00,0x15,0x00,0x1e,0x00,0x0f,0x00,0x28,0x00,0x0f,0x00,0x28,0x00,0x19,0x00,0x19,0x00,0x20,
0x00,0x21,0x00,0x1f,0x00,0x20,0x00,0x21,0x00,0x1f,0x00,0x00,0x00,0x00,0x00,0x00,0x00,0x00,0x00,0x00,0x00,0x17,0x00,0x18,0x00,0x00,0x00,0x00,0x00,0x00,0x00,0x00,
0x00,0x00,0x00,0x00,0x00,0x00,0x00,0x00,0x00,0x00,0x00,0x00,0x00,0x00,0x00,0x00,0x00,0x00,0x00,0x00,0x00,0x00,0x00,0x00,0x00,0x00,0x00,0x00,0x00,0x00,0x00,0x00,
0x00,0x00,0x00,0x00,0x00,0x00,0x00,0x00,0x00,0x00,0x00,0x00,0x00,0x00,0x00,0x00,0x00,0x00,0x00,0x00,0x00,0x00,0x00,0x00,0x00,0x00,0x00,0x00,0x00,0x00,0x00,0x00,
0x00,0x00,0x00,0x00,0x00,0x00,0x00,0x00,0x00,0x00,0x00,0x00,0x00,0x00,0x00,0x00,0x00,0x00,0x00,0x00,0x00,0x00,0x00,0x00,0x00,0x00,0x00,0x1a,0x00,0x1a,0x00,0x00,
0x00,0x00,0x00,0x00,0x00,0x00,0x00,0x00,0x00,0x00,0x00,0x00,0x00,0x00,0x00,0x00,0x00,0x00,0x00,0x00,0x00,0x00,0x00,0x00,0x00,0x00,0x00,0x00,0x00,0x00,0x00,0x00,
0x00,0x00,0x00,0x00,0x00,0x00,0x00,0x00,0x00,0x00,0x00,0x00,0x00,0x00,0x00,0x00,0x00,0x00,0x00,0x00,0x00,0x00,0x00,0x00,0x00,0x00,0x00,0x00,0x00,0x00,0x00,0x00,
0x00,0x00,0x00,0x00,0x00,0x00,0x00,0x00,0x00,0x00,0x00,0x00,0x00,0x00,0x00,0x00,0x00,0x1a,0x00,0x01,0x00,0x05,0x01,0xc3,0x00,0x0e,0x00,0x00,0x00,0x00,0x00,0x00,
0x00,0x00,0x00,0x0e,0x00,0x00,0x00,0x00,0x00,0x00,0x00,0x00,0x00,0x1b,0x00,0x12,0x00,0x1b,0x00,0x00,0x00,0x00,0x00,0x00,0x00,0x00,0x00,0x00,0x00,0x00,0x00,0x00,
0x00,0x00,0x00,0x00,0x00,0x00,0x00,0x00,0x00,0x19,0x00,0x19,0x00,0x00,0x00,0x00,0x00,0x00,0x00,0x00,0x00,0x00,0x00,0x14,0x00,0x1e,0x00,0x01,0x00,0x1e,0x00,0x1e,
0x00,0x1e,0x00,0x02,0x00,0x1e,0x00,0x1e,0x00,0x15,0x00,0x1e,0x00,0x1e,0x00,0x1e,0x00,0x1e,0x00,0x02,0x00,0x1e,0x00,0x02,0x00,0x1e,0x00,0x03,0x00,0x04,0x00,0x05,
0x00,0x00,0x00,0x06,0x00,0x00,0x00,0x07,0x00,0x1f,0x00,0x00,0x00,0x00,0x00,0x00,0x00,0x00,0x00,0x00,0x00,0x00,0x00,0x16,0x00,0x20,0x00,0x0b,0x00,0x08,0x00,0x0b,
0x00,0x00,0x00,0x09,0x00,0x21,0x00,0x22,0x00,0x22,0x00,0x21,0x00,0x23,0x00,0x18,0x00,0x18,0x00,0x0b,0x00,0x18,0x00,0x08,0x00,0x18,0x00,0x1c,0x00,0x0f,0x00,0x13,
0x00,0x00,0x00,0x10,0x00,0x00,0x00,0x11,0x00,0x1d,0x00,0x00,0x00,0x00,0x00,0x00,0x00,0x00,0x00,0x00,0x00,0x00,0x00,0x00,0x00,0x00,0x00,0x00,0x00,0x00,0x00,0x00,
0x00,0x00,0x00,0x00,0x00,0x00,0x00,0x00,0x00,0x17,0x00,0x00,0x00,0x00,0x00,0x00,0x00,0x00,0x00,0x00,0x00,0x00,0x00,0x00,0x00,0x00,0x00,0x00,0x00,0x00,0x00,0x00,
0x00,0x00,0x00,0x00,0x00,0x00,0x00,0x1a,0x00,0x00,0x00,0x00,0x00,0x00,0x00,0x00,0x00,0x14,0x00,0x14,0x00,0x14,0x00,0x14,0x00,0x14,0x00,0x14,0x00,0x00,0x00,0x01,
0x00,0x1e,0x00,0x1e,0x00,0x1e,0x00,0x1e,0x00,0x1e,0x00,0x1e,0x00,0x1e,0x00,0x1e,0x00,0x1e,0x00,0x1e,0x00,0x02,0x00,0x02,0x00,0x02,0x00,0x02,0x00,0x02,0x00,0x00,
0x00,0x02,0x00,0x05,0x00,0x05,0x00,0x05,0x00,0x05,0x00,0x07,0x00,0x1e,0x00,0x21,0x00,0x16,0x00,0x16,0x00,0x16,0x00,0x16,0x00,0x16,0x00,0x16,0x00,0x16,0x00,0x0b,
0x00,0x0b,0x00,0x0b,0x00,0x0b,0x00,0x0b,0x00,0x22,0x00,0x22,0x00,0x22,0x00,0x22,0x00,0x00,0x00,0x18,0x00,0x0b,0x00,0x0b,0x00,0x0b,0x00,0x0b,0x00,0x0b,0x00,0x00,
0x00,0x0b,0x00,0x13,0x00,0x13,0x00,0x13,0x00,0x13,0x00,0x11,0x00,0x20,0x00,0x11,0x00,0x14,0x00,0x16,0x00,0x14,0x00,0x16,0x00,0x14,0x00,0x16,0x00,0x01,0x00,0x0b,
0x00,0x01,0x00,0x0b,0x00,0x01,0x00,0x0b,0x00,0x01,0x00,0x0b,0x00,0x1e,0x00,0x08,0x00,0x1e,0x00,0x08,0x00,0x1e,0x00,0x0b,0x00,0x1e,0x00,0x0b,0x00,0x1e,0x00,0x0b,
0x00,0x1e,0x00,0x0b,0x00,0x1e,0x00,0x0b,0x00,0x02,0x00,0x09,0x00,0x02,0x00,0x09,0x00,0x02,0x00,0x09,0x00,0x02,0x00,0x09,0x00,0x1e,0x00,0x21,0x00,0x1e,0x00,0x21,
0x00,0x1e,0x00,0x22,0x00,0x1e,0x00,0x22,0x00,0x1e,0x00,0x22,0x00,0x1e,0x00,0x22,0x00,0x1e,0x00,0x22,0x00,0x15,0x00,0x22,0x00,0x1e,0x00,0x21,0x00,0x1e,0x00,0x23,
0x00,0x1e,0x00,0x23,0x00,0x1e,0x00,0x23,0x00,0x1e,0x00,0x23,0x00,0x1e,0x00,0x18,0x00,0x1e,0x00,0x18,0x00,0x1e,0x00,0x18,0x00,0x1e,0x00,0x18,0x00,0x02,0x00,0x0b,
0x00,0x02,0x00,0x0b,0x00,0x02,0x00,0x0b,0x00,0x02,0x00,0x0b,0x00,0x1e,0x00,0x18,0x00,0x1e,0x00,0x18,0x00,0x1e,0x00,0x18,0x00,0x03,0x00,0x1c,0x00,0x03,0x00,0x1c,
0x00,0x03,0x00,0x1c,0x00,0x03,0x00,0x1c,0x00,0x00,0x00,0x00,0x00,0x04,0x00,0x0f,0x00,0x04,0x00,0x0f,0x00,0x05,0x00,0x13,0x00,0x05,0x00,0x13,0x00,0x05,0x00,0x13,
0x00,0x05,0x00,0x13,0x00,0x05,0x00,0x13,0x00,0x05,0x00,0x13,0x00,0x06,0x00,0x10,0x00,0x07,0x00,0x11,0x00,0x07,0x00,0x1f,0x00,0x1d,0x00,0x1f,0x00,0x1d,0x00,0x1f,
0x00,0x1d,0x00,0x00,0x00,0x14,0x00,0x16,0x00,0x14,0x00,0x16,0x00,0x02,0x00,0x0b,0x00,0x03,0x00,0x1c,0x00,0x04,0x00,0x0f,0x00,0x00,0x00,0x00,0x00,0x00,0x00,0x00,
0x00,0x00,0x00,0x00,0x00,0x00,0x00,0x00,0x00,0x00,0x00,0x06,0x00,0x10,0x00,0x06,0x00,0x10,0x00,0x06,0x00,0x10,0x00,0x16,0x00,0x14,0x00,0x0b,0x00,0x0b,0x00,0x07,
0x00,0x11,0x00,0x07,0x00,0x11,0x00,0x12,0x00,0x12,0x00,0x0c,0x00,0x0d,0x00,0x1b,0x00,0x0c,0x00,0x0d,0x00,0x1b,0x00,0x00,0x00,0x00,0x00,0x00,0x00,0x1b,0x00,0x00,
0x00,0x17,0x00,0x1a,0x00,0x00,0x00,0x00,0x00,0x00,0x00,0x00,0x00,0x00,0x00,0x00,0x00,0x00,0x00,0x00,0x00,0x00,0x00,0x00,0x00,0x00,0x00,0x00,0x00,0x00,0x00,0x00,
0x00,0x00,0x00,0x00,0x00,0x00,0x00,0x00,0x00,0x00,0x00,0x00,0x00,0x00,0x00,0x00,0x00,0x00,0x00,0x00,0x00,0x00,0x00,0x00,0x00,0x00,0x00,0x00,0x00,0x00,0x00,0x00,
0x00,0x00,0x00,0x00,0x00,0x00,0x00,0x00,0x00,0x00,0x00,0x00,0x00,0x00,0x00,0x00,0x00,0x00,0x00,0x00,0x00,0x00,0x00,0x00,0x00,0x00,0x00,0x00,0x00,0x00,0x00,0x00,
0x00,0x00,0x00,0x00,0x00,0x00,0x00,0x0a,0x00,0x0a,0x00,0x00,0x00,0x00,0x00,0x00,0x00,0x00,0x00,0x00,0x00,0x00,0x00,0x00,0x00,0x00,0x00,0x00,0x00,0x00,0x00,0x00,
0x00,0x00,0x00,0x00,0x00,0x00,0x00,0x00,0x00,0x00,0x00,0x00,0x00,0x00,0x00,0x00,0x00,0x00,0x00,0x00,0x00,0x00,0x00,0x00,0x00,0x00,0x00,0x00,0x00,0x00,0x00,0x00,
0x00,0x00,0x00,0x00,0x00,0x00,0x00,0x00,0x00,0x00,0x00,0x00,0x00,0x00,0x00,0x00,0x00,0x00,0x00,0x00,0x00,0x00,0x00,0x00,0x00,0x00,0x00,0x00,0x00,0x0a,0x00,0x02,
0x00,0x29,0x00,0x05,0x00,0x05,0x00,0x00,0x00,0x0a,0x00,0x0a,0x00,0x01,0x00,0x0f,0x00,0x11,0x00,0x02,0x00,0x1d,0x00,0x1e,0x00,0x05,0x00,0x24,0x00,0x24,0x00,0x07,
0x00,0x26,0x00,0x28,0x00,0x08,0x00,0x2a,0x00,0x32,0x00,0x0b,0x00,0x34,0x00,0x38,0x00,0x14,0x00,0x3a,0x00,0x3a,0x00,0x19,0x00,0x3c,0x00,0x3d,0x00,0x1a,0x00,0x44,
0x00,0x46,0x00,0x1c,0x00,0x48,0x00,0x48,0x00,0x1f,0x00,0x4a,0x00,0x4b,0x00,0x20,0x00,0x4e,0x00,0x4e,0x00,0x22,0x00,0x50,0x00,0x58,0x00,0x23,0x00,0x5a,0x00,0x5a,
0x00,0x2c,0x00,0x5c,0x00,0x5d,0x00,0x2d,0x00,0x6d,0x00,0x6d,0x00,0x2f,0x00,0x7c,0x00,0x7c,0x00,0x30,0x00,0x81,0x00,0x97,0x00,0x31,0x00,0x99,0x00,0x9e,0x00,0x48,
0x00,0xa1,0x00,0xac,0x00,0x4e,0x00,0xb2,0x00,0xb7,0x00,0x5a,0x00,0xb9,0x00,0xd1,0x00,0x60,0x00,0xd3,0x00,0xe9,0x00,0x79,0x00,0xeb,0x00,0xeb,0x00,0x90,0x00,0xed,
0x00,0xed,0x00,0x91,0x00,0xef,0x00,0xef,0x00,0x92,0x00,0xf1,0x00,0xf1,0x00,0x93,0x00,0xf3,0x00,0xf3,0x00,0x94,0x00,0xf5,0x00,0xf7,0x00,0x95,0x00,0xf9,0x00,0xf9,
0x00,0x98,0x00,0xfb,0x00,0xfd,0x00,0x99,0x00,0xff,0x01,0x1c,0x00,0x9c,0x01,0x1f,0x01,0x1f,0x00,0xba,0x01,0x21,0x01,0x39,0x00,0xbb,0x01,0x3b,0x01,0x44,0x00,0xd4,
0x01,0x4e,0x01,0x63,0x00,0xde,0x01,0x69,0x01,0x6a,0x00,0xf4,0x01,0x9c,0x01,0x9d,0x00,0xf6,0x01,0xc7,0x01,0xc7,0x00,0xf8,0x00,0x01,0x00,0x00,0x00,0x0a,0x00,0x38,
0x00,0x62,0x00,0x02,0x44,0x46,0x4c,0x54,0x00,0x0e,0x6c,0x61,0x74,0x6e,0x00,0x1e,0x00,0x04,0x00,0x00,0x00,0x00,0xff,0xff,0x00,0x03,0x00,0x00,0x00,0x01,0x00,0x02,
0x00,0x04,0x00,0x00,0x00,0x00,0xff,0xff,0x00,0x03,0x00,0x00,0x00,0x01,0x00,0x02,0x00,0x03,0x63,0x61,0x73,0x65,0x00,0x14,0x66,0x72,0x61,0x63,0x00,0x1a,0x6c,0x6f,
0x63,0x6c,0x00,0x24,0x00,0x00,0x00,0x01,0x00,0x04,0x00,0x00,0x00,0x03,0x00,0x01,0x00,0x02,0x00,0x03,0x00,0x00,0x00,0x01,0x00,0x00,0x00,0x06,0x00,0x0e,0x00,0x16,
0x00,0x1e,0x00,0x26,0x00,0x2e,0x00,0x36,0x00,0x01,0x00,0x00,0x00,0x01,0x00,0x30,0x00,0x01,0x00,0x00,0x00,0x01,0x00,0x42,0x00,0x06,0x00,0x00,0x00,0x01,0x00,0xc6,
0x00,0x01,0x00,0x00,0x00,0x01,0x01,0x08,0x00,0x01,0x00,0x00,0x00,0x01,0x01,0x0c,0x00,0x01,0x00,0x00,0x00,0x01,0x01,0x3a,0x00,0x02,0x00,0x0e,0x00,0x04,0x01,0x41,
0x01,0x42,0x01,0x43,0x01,0x44,0x00,0x01,0x00,0x04,0x01,0x19,0x01,0x1a,0x01,0x1d,0x01,0x1e,0x00,0x02,0x00,0x6a,0x00,0x32,0x01,0x6c,0x00,0x7a,0x00,0x73,0x00,0x74,
0x01,0x6d,0x01,0x6e,0x01,0x6f,0x01,0x70,0x01,0x71,0x01,0x72,0x01,0x6c,0x00,0x7a,0x00,0x73,0x00,0x74,0x01,0x6d,0x01,0x6e,0x01,0x6f,0x01,0x70,0x01,0x71,0x01,0x72,
0x01,0x6c,0x00,0x7a,0x00,0x73,0x00,0x74,0x01,0x6d,0x01,0x6e,0x01,0x6f,0x01,0x70,0x01,0x71,0x01,0x72,0x01,0x6c,0x00,0x7a,0x00,0x73,0x00,0x74,0x01,0x6d,0x01,0x6e,
0x01,0x6f,0x01,0x70,0x01,0x71,0x01,0x72,0x01,0x6c,0x00,0x7a,0x00,0x73,0x00,0x74,0x01,0x6d,0x01,0x6e,0x01,0x6f,0x01,0x70,0x01,0x71,0x01,0x72,0x00,0x02,0x00,0x05,
0x00,0x13,0x00,0x1c,0x00,0x00,0x01,0x73,0x01,0x7c,0x00,0x0a,0x01,0x91,0x01,0x9a,0x00,0x14,0x01,0xb1,0x01,0xba,0x00,0x1e,0x01,0xbd,0x01,0xc6,0x00,0x28,0x00,0x03,
0x00,0x01,0x00,0x28,0x00,0x01,0x00,0x12,0x00,0x00,0x00,0x01,0x00,0x00,0x00,0x05,0x00,0x02,0x00,0x03,0x00,0x73,0x00,0x74,0x00,0x00,0x00,0x7a,0x00,0x7a,0x00,0x02,
0x01,0x6c,0x01,0x72,0x00,0x03,0x00,0x02,0x00,0x05,0x00,0x12,0x00,0x12,0x00,0x00,0x00,0x7d,0x00,0x7f,0x00,0x01,0x01,0x68,0x01,0x68,0x00,0x04,0x01,0x6b,0x01,0x6b,
0x00,0x05,0x01,0x73,0x01,0x7c,0x00,0x06,0x00,0x01,0x00,0x06,0x01,0x59,0x00,0x01,0x00,0x01,0x00,0x12,0x00,0x02,0x00,0x1c,0x00,0x0b,0x01,0xa0,0x01,0xa1,0x01,0xa2,
0x01,0xa3,0x01,0xa4,0x01,0xa5,0x01,0x9f,0x01,0x9e,0x01,0x9b,0x01,0x9c,0x01,0x9d,0x00,0x01,0x00,0x0b,0x00,0x0b,0x00,0x0c,0x00,0x3e,0x00,0x40,0x00,0x5e,0x00,0x60,
0x00,0x63,0x00,0x78,0x00,0x80,0x01,0x5c,0x01,0x5d,0x00,0x02,0x00,0x1a,0x00,0x0a,0x01,0x75,0x01,0x76,0x01,0x74,0x01,0x73,0x01,0x77,0x01,0x78,0x01,0x79,0x01,0x7a,
0x01,0x7b,0x01,0x7c,0x00,0x02,0x00,0x03,0x00,0x73,0x00,0x74,0x00,0x00,0x00,0x7a,0x00,0x7a,0x00,0x02,0x01,0x6c,0x01,0x72,0x00,0x03,0x00,0x00,0x00,0x00,0x00,0x01,
0x00,0x00,0x00,0x00,
};
extern const std::size_t FONT_BOLD_TTF_SIZE = 59908;

}  // namespace ui
